res_id2,treaty,id
61 (i),rome agreement,rome agreement;1907
2021 (xx),convention and statute on the international régime of maritime ports,convention and statute on the international régime of maritime ports;1923
2021 (xx),international convention for the suppression of counterfeiting currency,international convention for the suppression of counterfeiting currency;1929
62/215,london protocol,london protocol;1944
63/111,london protocol,london protocol;1944
64/71,london protocol,london protocol;1944
65/37 a,london protocol,london protocol;1944
66/231,london protocol,london protocol;1944
67/78,london protocol,london protocol;1944
68/70,london protocol,london protocol;1944
69/245,london protocol,london protocol;1944
70/235,london protocol,london protocol;1944
71/257,london protocol,london protocol;1944
72/73,london protocol,london protocol;1944
73/124,london protocol,london protocol;1944
es-10/15,united nations charter,united nations charter;1945
1 (i),united nations charter,united nations charter;1945
32 (i),united nations charter,united nations charter;1945
71 (i),united nations charter,united nations charter;1945
137 (ii),united nations charter,united nations charter;1945
210 (iii),united nations charter,united nations charter;1945
254 a (iii),united nations charter,united nations charter;1945
273 (iii),united nations charter,united nations charter;1945
288 a (iv),united nations charter,united nations charter;1945
494 (v),united nations charter,united nations charter;1945
509 (vi),united nations charter,united nations charter;1945
520 a (vi),united nations charter,united nations charter;1945
532 b (vi),united nations charter,united nations charter;1945
548 (vi),united nations charter,united nations charter;1945
712 (vii),united nations charter,united nations charter;1945
820 (ix),united nations charter,united nations charter;1945
843 (ix),united nations charter,united nations charter;1945
926 (x),united nations charter,united nations charter;1945
1039 b (xi),united nations charter,united nations charter;1945
1179 (xii),united nations charter,united nations charter;1945
1190 (xii),united nations charter,united nations charter;1945
1299 (xiii),united nations charter,united nations charter;1945
1302 (xiii),united nations charter,united nations charter;1945
2826 (xxvi),united nations charter,united nations charter;1945
3057 (xxviii),united nations charter,united nations charter;1945
40/64 a,united nations charter,united nations charter;1945
966 (x),general agreement on tariffs and trade,general agreement on tariffs and trade;1947
1324 (xiii),general agreement on tariffs and trade,general agreement on tariffs and trade;1947
1422 (xiv),general agreement on tariffs and trade,general agreement on tariffs and trade;1947
1707 (xvi),general agreement on tariffs and trade,general agreement on tariffs and trade;1947
2096 (xx),general agreement on tariffs and trade,general agreement on tariffs and trade;1947
2297 (xxii),general agreement on tariffs and trade,general agreement on tariffs and trade;1947
2503 (xxiv),general agreement on tariffs and trade,general agreement on tariffs and trade;1947
3040 (xxvii),general agreement on tariffs and trade,general agreement on tariffs and trade;1947
3041 (xxvii),general agreement on tariffs and trade,general agreement on tariffs and trade;1947
3085 (xxviii),general agreement on tariffs and trade,general agreement on tariffs and trade;1947
3176 (xxviii),general agreement on tariffs and trade,general agreement on tariffs and trade;1947
3309 (xxix),general agreement on tariffs and trade,general agreement on tariffs and trade;1947
3347 (xxix),general agreement on tariffs and trade,general agreement on tariffs and trade;1947
3517 (xxx),general agreement on tariffs and trade,general agreement on tariffs and trade;1947
31/6 j,general agreement on tariffs and trade,general agreement on tariffs and trade;1947
32/52,general agreement on tariffs and trade,general agreement on tariffs and trade;1947
32/197,general agreement on tariffs and trade,general agreement on tariffs and trade;1947
33/199,general agreement on tariffs and trade,general agreement on tariffs and trade;1947
34/93 a,general agreement on tariffs and trade,general agreement on tariffs and trade;1947
34/199,general agreement on tariffs and trade,general agreement on tariffs and trade;1947
35/206 c,general agreement on tariffs and trade,general agreement on tariffs and trade;1947
36/144,general agreement on tariffs and trade,general agreement on tariffs and trade;1947
36/172 d,general agreement on tariffs and trade,general agreement on tariffs and trade;1947
37/137,general agreement on tariffs and trade,general agreement on tariffs and trade;1947
37/247,general agreement on tariffs and trade,general agreement on tariffs and trade;1947
38/149,general agreement on tariffs and trade,general agreement on tariffs and trade;1947
38/197,general agreement on tariffs and trade,general agreement on tariffs and trade;1947
39/210,general agreement on tariffs and trade,general agreement on tariffs and trade;1947
39/218,general agreement on tariffs and trade,general agreement on tariffs and trade;1947
39/229,general agreement on tariffs and trade,general agreement on tariffs and trade;1947
40/181,general agreement on tariffs and trade,general agreement on tariffs and trade;1947
40/185,general agreement on tariffs and trade,general agreement on tariffs and trade;1947
40/188,general agreement on tariffs and trade,general agreement on tariffs and trade;1947
40/205,general agreement on tariffs and trade,general agreement on tariffs and trade;1947
41/165,general agreement on tariffs and trade,general agreement on tariffs and trade;1947
41/191,general agreement on tariffs and trade,general agreement on tariffs and trade;1947
42/173,general agreement on tariffs and trade,general agreement on tariffs and trade;1947
42/186,general agreement on tariffs and trade,general agreement on tariffs and trade;1947
43/27,general agreement on tariffs and trade,general agreement on tariffs and trade;1947
43/191,general agreement on tariffs and trade,general agreement on tariffs and trade;1947
44/215,general agreement on tariffs and trade,general agreement on tariffs and trade;1947
45/199,general agreement on tariffs and trade,general agreement on tariffs and trade;1947
45/201,general agreement on tariffs and trade,general agreement on tariffs and trade;1947
45/203,general agreement on tariffs and trade,general agreement on tariffs and trade;1947
45/207,general agreement on tariffs and trade,general agreement on tariffs and trade;1947
46/185 c,general agreement on tariffs and trade,general agreement on tariffs and trade;1947
46/210,general agreement on tariffs and trade,general agreement on tariffs and trade;1947
46/211,general agreement on tariffs and trade,general agreement on tariffs and trade;1947
46/213,general agreement on tariffs and trade,general agreement on tariffs and trade;1947
47/212 b,general agreement on tariffs and trade,general agreement on tariffs and trade;1947
48/55,general agreement on tariffs and trade,general agreement on tariffs and trade;1947
48/168,general agreement on tariffs and trade,general agreement on tariffs and trade;1947
48/263,general agreement on tariffs and trade,general agreement on tariffs and trade;1947
49/97,general agreement on tariffs and trade,general agreement on tariffs and trade;1947
49/99,general agreement on tariffs and trade,general agreement on tariffs and trade;1947
49/111,general agreement on tariffs and trade,general agreement on tariffs and trade;1947
50/95,general agreement on tariffs and trade,general agreement on tariffs and trade;1947
50/96,general agreement on tariffs and trade,general agreement on tariffs and trade;1947
51/240,general agreement on tariffs and trade,general agreement on tariffs and trade;1947
52/220,general agreement on tariffs and trade,general agreement on tariffs and trade;1947
61/190,general agreement on tariffs and trade,general agreement on tariffs and trade;1947
63/2,general agreement on tariffs and trade,general agreement on tariffs and trade;1947
63/228,general agreement on tariffs and trade,general agreement on tariffs and trade;1947
64/214,general agreement on tariffs and trade,general agreement on tariffs and trade;1947
69/137,general agreement on tariffs and trade,general agreement on tariffs and trade;1947
s-9/2,general agreement on tariffs and trade,general agreement on tariffs and trade;1947
s-13/2,general agreement on tariffs and trade,general agreement on tariffs and trade;1947
1049 (xi),"united nations education, scientific and cultural organization","united nations education, scientific and cultural organization;1947"
68/223,"united nations education, scientific and cultural organization","united nations education, scientific and cultural organization;1947"
2107 (xx),north atlantic treaty,north atlantic treaty;1949
2184 (xxi),north atlantic treaty,north atlantic treaty;1949
2270 (xxii),north atlantic treaty,north atlantic treaty;1949
2395 (xxiii),north atlantic treaty,north atlantic treaty;1949
2507 (xxiv),north atlantic treaty,north atlantic treaty;1949
2707 (xxv),north atlantic treaty,north atlantic treaty;1949
2787 (xxvi),north atlantic treaty,north atlantic treaty;1949
2795 (xxvi),north atlantic treaty,north atlantic treaty;1949
2918 (xxvii),north atlantic treaty,north atlantic treaty;1949
2955 (xxvii),north atlantic treaty,north atlantic treaty;1949
3070 (xxviii),north atlantic treaty,north atlantic treaty;1949
3113 (xxviii),north atlantic treaty,north atlantic treaty;1949
3222 (xxix),north atlantic treaty,north atlantic treaty;1949
3246 (xxix),north atlantic treaty,north atlantic treaty;1949
3382 (xxx),north atlantic treaty,north atlantic treaty;1949
31/34,north atlantic treaty,north atlantic treaty;1949
32/14,north atlantic treaty,north atlantic treaty;1949
33/24,north atlantic treaty,north atlantic treaty;1949
34/44,north atlantic treaty,north atlantic treaty;1949
35/32,north atlantic treaty,north atlantic treaty;1949
35/35 a,north atlantic treaty,north atlantic treaty;1949
35/206 b,north atlantic treaty,north atlantic treaty;1949
36/9,north atlantic treaty,north atlantic treaty;1949
36/172 e,north atlantic treaty,north atlantic treaty;1949
51/30 a,north atlantic treaty,north atlantic treaty;1949
51/203,north atlantic treaty,north atlantic treaty;1949
53/77 h,north atlantic treaty,north atlantic treaty;1949
53/164,north atlantic treaty,north atlantic treaty;1949
56/18,north atlantic treaty,north atlantic treaty;1949
59/59,north atlantic treaty,north atlantic treaty;1949
61/40,north atlantic treaty,north atlantic treaty;1949
61/53,north atlantic treaty,north atlantic treaty;1949
62/71,north atlantic treaty,north atlantic treaty;1949
63/129,north atlantic treaty,north atlantic treaty;1949
64/11,north atlantic treaty,north atlantic treaty;1949
64/118,north atlantic treaty,north atlantic treaty;1949
65/8,north atlantic treaty,north atlantic treaty;1949
65/34,north atlantic treaty,north atlantic treaty;1949
66/13,north atlantic treaty,north atlantic treaty;1949
66/105,north atlantic treaty,north atlantic treaty;1949
67/16,north atlantic treaty,north atlantic treaty;1949
67/99,north atlantic treaty,north atlantic treaty;1949
68/11,north atlantic treaty,north atlantic treaty;1949
68/119,north atlantic treaty,north atlantic treaty;1949
69/18,north atlantic treaty,north atlantic treaty;1949
70/77,north atlantic treaty,north atlantic treaty;1949
71/9,north atlantic treaty,north atlantic treaty;1949
72/10,north atlantic treaty,north atlantic treaty;1949
73/88,north atlantic treaty,north atlantic treaty;1949
es-10/6,fourth geneva convention,fourth geneva convention;1949
es-10/7,fourth geneva convention,fourth geneva convention;1949
es-10/8,fourth geneva convention,fourth geneva convention;1949
es-10/9,fourth geneva convention,fourth geneva convention;1949
es-10/10,fourth geneva convention,fourth geneva convention;1949
es-10/11,fourth geneva convention,fourth geneva convention;1949
es-10/14,fourth geneva convention,fourth geneva convention;1949
es-10/15,fourth geneva convention,fourth geneva convention;1949
es-10/18,fourth geneva convention,fourth geneva convention;1949
es-10/20,fourth geneva convention,fourth geneva convention;1949
3175 (xxviii),fourth geneva convention,fourth geneva convention;1949
32/5,fourth geneva convention,fourth geneva convention;1949
32/161,fourth geneva convention,fourth geneva convention;1949
36/173,fourth geneva convention,fourth geneva convention;1949
37/135,fourth geneva convention,fourth geneva convention;1949
53/96,fourth geneva convention,fourth geneva convention;1949
54/77,fourth geneva convention,fourth geneva convention;1949
54/192,fourth geneva convention,fourth geneva convention;1949
55/131,fourth geneva convention,fourth geneva convention;1949
55/175,fourth geneva convention,fourth geneva convention;1949
56/60,fourth geneva convention,fourth geneva convention;1949
56/62,fourth geneva convention,fourth geneva convention;1949
57/125,fourth geneva convention,fourth geneva convention;1949
57/127,fourth geneva convention,fourth geneva convention;1949
58/97,fourth geneva convention,fourth geneva convention;1949
58/99,fourth geneva convention,fourth geneva convention;1949
59/122,fourth geneva convention,fourth geneva convention;1949
59/123,fourth geneva convention,fourth geneva convention;1949
59/124,fourth geneva convention,fourth geneva convention;1949
60/105,fourth geneva convention,fourth geneva convention;1949
60/106,fourth geneva convention,fourth geneva convention;1949
60/107,fourth geneva convention,fourth geneva convention;1949
61/117,fourth geneva convention,fourth geneva convention;1949
61/118,fourth geneva convention,fourth geneva convention;1949
61/119,fourth geneva convention,fourth geneva convention;1949
62/107,fourth geneva convention,fourth geneva convention;1949
62/108,fourth geneva convention,fourth geneva convention;1949
62/109,fourth geneva convention,fourth geneva convention;1949
63/96,fourth geneva convention,fourth geneva convention;1949
63/97,fourth geneva convention,fourth geneva convention;1949
63/98,fourth geneva convention,fourth geneva convention;1949
64/10,fourth geneva convention,fourth geneva convention;1949
64/92,fourth geneva convention,fourth geneva convention;1949
64/93,fourth geneva convention,fourth geneva convention;1949
64/94,fourth geneva convention,fourth geneva convention;1949
64/146,fourth geneva convention,fourth geneva convention;1949
64/254,fourth geneva convention,fourth geneva convention;1949
65/103,fourth geneva convention,fourth geneva convention;1949
65/104,fourth geneva convention,fourth geneva convention;1949
65/105,fourth geneva convention,fourth geneva convention;1949
65/197,fourth geneva convention,fourth geneva convention;1949
66/77,fourth geneva convention,fourth geneva convention;1949
66/78,fourth geneva convention,fourth geneva convention;1949
66/79,fourth geneva convention,fourth geneva convention;1949
66/141,fourth geneva convention,fourth geneva convention;1949
67/119,fourth geneva convention,fourth geneva convention;1949
67/120,fourth geneva convention,fourth geneva convention;1949
67/121,fourth geneva convention,fourth geneva convention;1949
67/152,fourth geneva convention,fourth geneva convention;1949
68/81,fourth geneva convention,fourth geneva convention;1949
68/82,fourth geneva convention,fourth geneva convention;1949
68/83,fourth geneva convention,fourth geneva convention;1949
68/147,fourth geneva convention,fourth geneva convention;1949
69/91,fourth geneva convention,fourth geneva convention;1949
69/92,fourth geneva convention,fourth geneva convention;1949
69/93,fourth geneva convention,fourth geneva convention;1949
69/157,fourth geneva convention,fourth geneva convention;1949
70/85,fourth geneva convention,fourth geneva convention;1949
70/87,fourth geneva convention,fourth geneva convention;1949
70/88,fourth geneva convention,fourth geneva convention;1949
70/89,fourth geneva convention,fourth geneva convention;1949
70/90,fourth geneva convention,fourth geneva convention;1949
71/93,fourth geneva convention,fourth geneva convention;1949
71/95,fourth geneva convention,fourth geneva convention;1949
71/96,fourth geneva convention,fourth geneva convention;1949
71/97,fourth geneva convention,fourth geneva convention;1949
71/98,fourth geneva convention,fourth geneva convention;1949
72/82,fourth geneva convention,fourth geneva convention;1949
72/84,fourth geneva convention,fourth geneva convention;1949
72/85,fourth geneva convention,fourth geneva convention;1949
72/86,fourth geneva convention,fourth geneva convention;1949
72/87,fourth geneva convention,fourth geneva convention;1949
73/94,fourth geneva convention,fourth geneva convention;1949
73/96,fourth geneva convention,fourth geneva convention;1949
73/97,fourth geneva convention,fourth geneva convention;1949
73/98,fourth geneva convention,fourth geneva convention;1949
73/99,fourth geneva convention,fourth geneva convention;1949
34/82,general treaty,general treaty;1952
42/204,general treaty,general treaty;1952
42/231,general treaty,general treaty;1952
48/199,general treaty,general treaty;1952
3324 e (xxix),simonstown agreement,simonstown agreement;1955
2660 (xxv),convention on the territorial sea and the contiguous zone,convention on the territorial sea and the contiguous zone;1958
38/77,antarctic treaty system,antarctic treaty system;1959
40/156 a,antarctic treaty system,antarctic treaty system;1959
42/46 b,antarctic treaty system,antarctic treaty system;1959
43/83 a,antarctic treaty system,antarctic treaty system;1959
44/124 b,antarctic treaty system,antarctic treaty system;1959
2273 (xxii),vienna convention on diplomatic relations,vienna convention on diplomatic relations;1961
2328 (xxii),vienna convention on diplomatic relations,vienna convention on diplomatic relations;1961
2780 (xxvi),vienna convention on diplomatic relations,vienna convention on diplomatic relations;1961
3501 (xxx),vienna convention on diplomatic relations,vienna convention on diplomatic relations;1961
31/76,vienna convention on diplomatic relations,vienna convention on diplomatic relations;1961
31/127,vienna convention on diplomatic relations,vienna convention on diplomatic relations;1961
32/120,vienna convention on diplomatic relations,vienna convention on diplomatic relations;1961
33/140,vienna convention on diplomatic relations,vienna convention on diplomatic relations;1961
41/79,vienna convention on diplomatic relations,vienna convention on diplomatic relations;1961
53/203 a,vienna convention on diplomatic relations,vienna convention on diplomatic relations;1961
57/228 b,vienna convention on diplomatic relations,vienna convention on diplomatic relations;1961
58/314,vienna convention on diplomatic relations,vienna convention on diplomatic relations;1961
59/38,vienna convention on diplomatic relations,vienna convention on diplomatic relations;1961
63/301,vienna convention on diplomatic relations,vienna convention on diplomatic relations;1961
64/176,vienna convention on diplomatic relations,vienna convention on diplomatic relations;1961
68/306,vienna convention on diplomatic relations,vienna convention on diplomatic relations;1961
1587 (xv),single convention on narcotic drugs,single convention on narcotic drugs;1961
1774 (xvii),single convention on narcotic drugs,single convention on narcotic drugs;1961
3012 (xxvii),single convention on narcotic drugs,single convention on narcotic drugs;1961
3013 (xxvii),single convention on narcotic drugs,single convention on narcotic drugs;1961
3146 (xxviii),single convention on narcotic drugs,single convention on narcotic drugs;1961
3147 (xxviii),single convention on narcotic drugs,single convention on narcotic drugs;1961
3443 (xxx),single convention on narcotic drugs,single convention on narcotic drugs;1961
3444 (xxx),single convention on narcotic drugs,single convention on narcotic drugs;1961
32/124,single convention on narcotic drugs,single convention on narcotic drugs;1961
32/126,single convention on narcotic drugs,single convention on narcotic drugs;1961
33/168,single convention on narcotic drugs,single convention on narcotic drugs;1961
35/195,single convention on narcotic drugs,single convention on narcotic drugs;1961
36/132,single convention on narcotic drugs,single convention on narcotic drugs;1961
39/141,single convention on narcotic drugs,single convention on narcotic drugs;1961
39/142,single convention on narcotic drugs,single convention on narcotic drugs;1961
40/120,single convention on narcotic drugs,single convention on narcotic drugs;1961
40/122,single convention on narcotic drugs,single convention on narcotic drugs;1961
41/126,single convention on narcotic drugs,single convention on narcotic drugs;1961
41/127,single convention on narcotic drugs,single convention on narcotic drugs;1961
42/111,single convention on narcotic drugs,single convention on narcotic drugs;1961
43/120,single convention on narcotic drugs,single convention on narcotic drugs;1961
44/140,single convention on narcotic drugs,single convention on narcotic drugs;1961
45/146,single convention on narcotic drugs,single convention on narcotic drugs;1961
46/103,single convention on narcotic drugs,single convention on narcotic drugs;1961
47/97,single convention on narcotic drugs,single convention on narcotic drugs;1961
47/102,single convention on narcotic drugs,single convention on narcotic drugs;1961
48/12,single convention on narcotic drugs,single convention on narcotic drugs;1961
48/112,single convention on narcotic drugs,single convention on narcotic drugs;1961
49/168,single convention on narcotic drugs,single convention on narcotic drugs;1961
50/148,single convention on narcotic drugs,single convention on narcotic drugs;1961
51/60,single convention on narcotic drugs,single convention on narcotic drugs;1961
51/64,single convention on narcotic drugs,single convention on narcotic drugs;1961
52/92,single convention on narcotic drugs,single convention on narcotic drugs;1961
53/115,single convention on narcotic drugs,single convention on narcotic drugs;1961
54/132,single convention on narcotic drugs,single convention on narcotic drugs;1961
55/65,single convention on narcotic drugs,single convention on narcotic drugs;1961
56/124,single convention on narcotic drugs,single convention on narcotic drugs;1961
57/174,single convention on narcotic drugs,single convention on narcotic drugs;1961
58/141,single convention on narcotic drugs,single convention on narcotic drugs;1961
59/160,single convention on narcotic drugs,single convention on narcotic drugs;1961
59/163,single convention on narcotic drugs,single convention on narcotic drugs;1961
60/178,single convention on narcotic drugs,single convention on narcotic drugs;1961
61/183,single convention on narcotic drugs,single convention on narcotic drugs;1961
62/176,single convention on narcotic drugs,single convention on narcotic drugs;1961
63/197,single convention on narcotic drugs,single convention on narcotic drugs;1961
64/182,single convention on narcotic drugs,single convention on narcotic drugs;1961
65/233,single convention on narcotic drugs,single convention on narcotic drugs;1961
66/183,single convention on narcotic drugs,single convention on narcotic drugs;1961
67/193,single convention on narcotic drugs,single convention on narcotic drugs;1961
68/193,single convention on narcotic drugs,single convention on narcotic drugs;1961
68/196,single convention on narcotic drugs,single convention on narcotic drugs;1961
68/197,single convention on narcotic drugs,single convention on narcotic drugs;1961
69/197,single convention on narcotic drugs,single convention on narcotic drugs;1961
69/200,single convention on narcotic drugs,single convention on narcotic drugs;1961
69/201,single convention on narcotic drugs,single convention on narcotic drugs;1961
70/178,single convention on narcotic drugs,single convention on narcotic drugs;1961
70/182,single convention on narcotic drugs,single convention on narcotic drugs;1961
71/209,single convention on narcotic drugs,single convention on narcotic drugs;1961
71/211,single convention on narcotic drugs,single convention on narcotic drugs;1961
72/196,single convention on narcotic drugs,single convention on narcotic drugs;1961
72/197,single convention on narcotic drugs,single convention on narcotic drugs;1961
72/198,single convention on narcotic drugs,single convention on narcotic drugs;1961
73/186,single convention on narcotic drugs,single convention on narcotic drugs;1961
73/192,single convention on narcotic drugs,single convention on narcotic drugs;1961
73/335,single convention on narcotic drugs,single convention on narcotic drugs;1961
s-17/2,single convention on narcotic drugs,single convention on narcotic drugs;1961
s-20/2,single convention on narcotic drugs,single convention on narcotic drugs;1961
s-20/3,single convention on narcotic drugs,single convention on narcotic drugs;1961
s-20/4,single convention on narcotic drugs,single convention on narcotic drugs;1961
s-30/1,single convention on narcotic drugs,single convention on narcotic drugs;1961
3274 (xxix),convention on the reduction of statelessness,convention on the reduction of statelessness;1961
31/36,convention on the reduction of statelessness,convention on the reduction of statelessness;1961
50/152,convention on the reduction of statelessness,convention on the reduction of statelessness;1961
51/75,convention on the reduction of statelessness,convention on the reduction of statelessness;1961
55/74,convention on the reduction of statelessness,convention on the reduction of statelessness;1961
55/153,convention on the reduction of statelessness,convention on the reduction of statelessness;1961
56/137,convention on the reduction of statelessness,convention on the reduction of statelessness;1961
57/187,convention on the reduction of statelessness,convention on the reduction of statelessness;1961
58/151,convention on the reduction of statelessness,convention on the reduction of statelessness;1961
59/170,convention on the reduction of statelessness,convention on the reduction of statelessness;1961
60/129,convention on the reduction of statelessness,convention on the reduction of statelessness;1961
61/137,convention on the reduction of statelessness,convention on the reduction of statelessness;1961
62/124,convention on the reduction of statelessness,convention on the reduction of statelessness;1961
63/148,convention on the reduction of statelessness,convention on the reduction of statelessness;1961
64/127,convention on the reduction of statelessness,convention on the reduction of statelessness;1961
65/194,convention on the reduction of statelessness,convention on the reduction of statelessness;1961
66/119,convention on the reduction of statelessness,convention on the reduction of statelessness;1961
66/128,convention on the reduction of statelessness,convention on the reduction of statelessness;1961
66/133,convention on the reduction of statelessness,convention on the reduction of statelessness;1961
66/135,convention on the reduction of statelessness,convention on the reduction of statelessness;1961
67/149,convention on the reduction of statelessness,convention on the reduction of statelessness;1961
67/150,convention on the reduction of statelessness,convention on the reduction of statelessness;1961
68/137,convention on the reduction of statelessness,convention on the reduction of statelessness;1961
68/141,convention on the reduction of statelessness,convention on the reduction of statelessness;1961
68/143,convention on the reduction of statelessness,convention on the reduction of statelessness;1961
69/152,convention on the reduction of statelessness,convention on the reduction of statelessness;1961
69/154,convention on the reduction of statelessness,convention on the reduction of statelessness;1961
70/130,convention on the reduction of statelessness,convention on the reduction of statelessness;1961
70/134,convention on the reduction of statelessness,convention on the reduction of statelessness;1961
70/135,convention on the reduction of statelessness,convention on the reduction of statelessness;1961
70/302,convention on the reduction of statelessness,convention on the reduction of statelessness;1961
71/1,convention on the reduction of statelessness,convention on the reduction of statelessness;1961
71/172,convention on the reduction of statelessness,convention on the reduction of statelessness;1961
71/173,convention on the reduction of statelessness,convention on the reduction of statelessness;1961
72/149,convention on the reduction of statelessness,convention on the reduction of statelessness;1961
72/150,convention on the reduction of statelessness,convention on the reduction of statelessness;1961
72/152,convention on the reduction of statelessness,convention on the reduction of statelessness;1961
73/150,convention on the reduction of statelessness,convention on the reduction of statelessness;1961
73/151,convention on the reduction of statelessness,convention on the reduction of statelessness;1961
46/133,new york agreement,new york agreement;1962
2273 (xxii),vienna convention on consular relations,vienna convention on consular relations;1963
2530 (xxiv),vienna convention on consular relations,vienna convention on consular relations;1963
31/127,vienna convention on consular relations,vienna convention on consular relations;1963
32/120,vienna convention on consular relations,vienna convention on consular relations;1963
33/179,vienna convention on consular relations,vienna convention on consular relations;1963
45/47,vienna convention on consular relations,vienna convention on consular relations;1963
46/61,vienna convention on consular relations,vienna convention on consular relations;1963
47/36,vienna convention on consular relations,vienna convention on consular relations;1963
53/203 a,vienna convention on consular relations,vienna convention on consular relations;1963
54/166,vienna convention on consular relations,vienna convention on consular relations;1963
55/25,vienna convention on consular relations,vienna convention on consular relations;1963
55/92,vienna convention on consular relations,vienna convention on consular relations;1963
56/170,vienna convention on consular relations,vienna convention on consular relations;1963
57/218,vienna convention on consular relations,vienna convention on consular relations;1963
58/190,vienna convention on consular relations,vienna convention on consular relations;1963
59/38,vienna convention on consular relations,vienna convention on consular relations;1963
59/194,vienna convention on consular relations,vienna convention on consular relations;1963
60/169,vienna convention on consular relations,vienna convention on consular relations;1963
62/156,vienna convention on consular relations,vienna convention on consular relations;1963
63/184,vienna convention on consular relations,vienna convention on consular relations;1963
64/139,vienna convention on consular relations,vienna convention on consular relations;1963
64/166,vienna convention on consular relations,vienna convention on consular relations;1963
64/176,vienna convention on consular relations,vienna convention on consular relations;1963
65/212,vienna convention on consular relations,vienna convention on consular relations;1963
66/128,vienna convention on consular relations,vienna convention on consular relations;1963
66/172,vienna convention on consular relations,vienna convention on consular relations;1963
67/172,vienna convention on consular relations,vienna convention on consular relations;1963
67/187,vienna convention on consular relations,vienna convention on consular relations;1963
68/137,vienna convention on consular relations,vienna convention on consular relations;1963
68/179,vienna convention on consular relations,vienna convention on consular relations;1963
69/167,vienna convention on consular relations,vienna convention on consular relations;1963
69/186,vienna convention on consular relations,vienna convention on consular relations;1963
69/187,vienna convention on consular relations,vienna convention on consular relations;1963
70/130,vienna convention on consular relations,vienna convention on consular relations;1963
70/147,vienna convention on consular relations,vienna convention on consular relations;1963
70/174,vienna convention on consular relations,vienna convention on consular relations;1963
71/177,vienna convention on consular relations,vienna convention on consular relations;1963
71/187,vienna convention on consular relations,vienna convention on consular relations;1963
72/149,vienna convention on consular relations,vienna convention on consular relations;1963
72/179,vienna convention on consular relations,vienna convention on consular relations;1963
72/188,vienna convention on consular relations,vienna convention on consular relations;1963
73/155,vienna convention on consular relations,vienna convention on consular relations;1963
73/175,vienna convention on consular relations,vienna convention on consular relations;1963
73/180,vienna convention on consular relations,vienna convention on consular relations;1963
73/257,vienna convention on consular relations,vienna convention on consular relations;1963
73/263,vienna convention on consular relations,vienna convention on consular relations;1963
s-24/2,vienna convention on consular relations,vienna convention on consular relations;1963
51/10,vienna convention on civil liability for nuclear damage,vienna convention on civil liability for nuclear damage;1963
52/11,vienna convention on civil liability for nuclear damage,vienna convention on civil liability for nuclear damage;1963
57/9,vienna convention on civil liability for nuclear damage,vienna convention on civil liability for nuclear damage;1963
63/122,vienna convention on civil liability for nuclear damage,vienna convention on civil liability for nuclear damage;1963
2666 (xxv),treaty of tlatelolco,treaty of tlatelolco;1967
2830 (xxvi),treaty of tlatelolco,treaty of tlatelolco;1967
2935 (xxvii),treaty of tlatelolco,treaty of tlatelolco;1967
3079 (xxviii),treaty of tlatelolco,treaty of tlatelolco;1967
3258 (xxix),treaty of tlatelolco,treaty of tlatelolco;1967
3261 f (xxix),treaty of tlatelolco,treaty of tlatelolco;1967
3262 (xxix),treaty of tlatelolco,treaty of tlatelolco;1967
3467 (xxx),treaty of tlatelolco,treaty of tlatelolco;1967
3473 (xxx),treaty of tlatelolco,treaty of tlatelolco;1967
31/67,treaty of tlatelolco,treaty of tlatelolco;1967
32/76,treaty of tlatelolco,treaty of tlatelolco;1967
32/79,treaty of tlatelolco,treaty of tlatelolco;1967
33/58,treaty of tlatelolco,treaty of tlatelolco;1967
33/61,treaty of tlatelolco,treaty of tlatelolco;1967
34/71,treaty of tlatelolco,treaty of tlatelolco;1967
34/74,treaty of tlatelolco,treaty of tlatelolco;1967
35/143,treaty of tlatelolco,treaty of tlatelolco;1967
36/83,treaty of tlatelolco,treaty of tlatelolco;1967
37/71,treaty of tlatelolco,treaty of tlatelolco;1967
37/99 f,treaty of tlatelolco,treaty of tlatelolco;1967
38/61,treaty of tlatelolco,treaty of tlatelolco;1967
39/51,treaty of tlatelolco,treaty of tlatelolco;1967
40/79,treaty of tlatelolco,treaty of tlatelolco;1967
41/45,treaty of tlatelolco,treaty of tlatelolco;1967
42/25,treaty of tlatelolco,treaty of tlatelolco;1967
43/62,treaty of tlatelolco,treaty of tlatelolco;1967
44/104,treaty of tlatelolco,treaty of tlatelolco;1967
45/48,treaty of tlatelolco,treaty of tlatelolco;1967
46/19,treaty of tlatelolco,treaty of tlatelolco;1967
47/61,treaty of tlatelolco,treaty of tlatelolco;1967
47/74,treaty of tlatelolco,treaty of tlatelolco;1967
48/23,treaty of tlatelolco,treaty of tlatelolco;1967
48/85,treaty of tlatelolco,treaty of tlatelolco;1967
49/26,treaty of tlatelolco,treaty of tlatelolco;1967
49/83,treaty of tlatelolco,treaty of tlatelolco;1967
49/84,treaty of tlatelolco,treaty of tlatelolco;1967
50/18,treaty of tlatelolco,treaty of tlatelolco;1967
50/77,treaty of tlatelolco,treaty of tlatelolco;1967
51/5,treaty of tlatelolco,treaty of tlatelolco;1967
51/19,treaty of tlatelolco,treaty of tlatelolco;1967
51/52,treaty of tlatelolco,treaty of tlatelolco;1967
52/14,treaty of tlatelolco,treaty of tlatelolco;1967
52/45,treaty of tlatelolco,treaty of tlatelolco;1967
53/34,treaty of tlatelolco,treaty of tlatelolco;1967
53/83,treaty of tlatelolco,treaty of tlatelolco;1967
54/35,treaty of tlatelolco,treaty of tlatelolco;1967
54/60,treaty of tlatelolco,treaty of tlatelolco;1967
55/39,treaty of tlatelolco,treaty of tlatelolco;1967
55/49,treaty of tlatelolco,treaty of tlatelolco;1967
56/7,treaty of tlatelolco,treaty of tlatelolco;1967
56/30,treaty of tlatelolco,treaty of tlatelolco;1967
57/13,treaty of tlatelolco,treaty of tlatelolco;1967
57/59,treaty of tlatelolco,treaty of tlatelolco;1967
57/73,treaty of tlatelolco,treaty of tlatelolco;1967
57/89,treaty of tlatelolco,treaty of tlatelolco;1967
58/10,treaty of tlatelolco,treaty of tlatelolco;1967
58/31,treaty of tlatelolco,treaty of tlatelolco;1967
58/60,treaty of tlatelolco,treaty of tlatelolco;1967
59/54,treaty of tlatelolco,treaty of tlatelolco;1967
59/99,treaty of tlatelolco,treaty of tlatelolco;1967
60/50,treaty of tlatelolco,treaty of tlatelolco;1967
60/84,treaty of tlatelolco,treaty of tlatelolco;1967
61/69,treaty of tlatelolco,treaty of tlatelolco;1967
61/92,treaty of tlatelolco,treaty of tlatelolco;1967
62/16,treaty of tlatelolco,treaty of tlatelolco;1967
62/35,treaty of tlatelolco,treaty of tlatelolco;1967
62/49,treaty of tlatelolco,treaty of tlatelolco;1967
63/65,treaty of tlatelolco,treaty of tlatelolco;1967
63/74,treaty of tlatelolco,treaty of tlatelolco;1967
64/52,treaty of tlatelolco,treaty of tlatelolco;1967
64/60,treaty of tlatelolco,treaty of tlatelolco;1967
65/40,treaty of tlatelolco,treaty of tlatelolco;1967
65/79,treaty of tlatelolco,treaty of tlatelolco;1967
66/54,treaty of tlatelolco,treaty of tlatelolco;1967
67/66,treaty of tlatelolco,treaty of tlatelolco;1967
68/26,treaty of tlatelolco,treaty of tlatelolco;1967
68/60,treaty of tlatelolco,treaty of tlatelolco;1967
69/72,treaty of tlatelolco,treaty of tlatelolco;1967
70/63,treaty of tlatelolco,treaty of tlatelolco;1967
71/27,treaty of tlatelolco,treaty of tlatelolco;1967
71/77,treaty of tlatelolco,treaty of tlatelolco;1967
72/61,treaty of tlatelolco,treaty of tlatelolco;1967
73/76,treaty of tlatelolco,treaty of tlatelolco;1967
s-10/2,treaty of tlatelolco,treaty of tlatelolco;1967
62/101,outer space treaty,outer space treaty;1967
62/217,outer space treaty,outer space treaty;1967
63/90,outer space treaty,outer space treaty;1967
64/86,outer space treaty,outer space treaty;1967
65/97,outer space treaty,outer space treaty;1967
66/71,outer space treaty,outer space treaty;1967
2149 (xxi),treaty on the non-proliferation of nuclear weapons,treaty on the non-proliferation of nuclear weapons;1968
2153 a (xxi),treaty on the non-proliferation of nuclear weapons,treaty on the non-proliferation of nuclear weapons;1968
2346 a (xxii),treaty on the non-proliferation of nuclear weapons,treaty on the non-proliferation of nuclear weapons;1968
2373 (xxii),treaty on the non-proliferation of nuclear weapons,treaty on the non-proliferation of nuclear weapons;1968
2457 (xxiii),treaty on the non-proliferation of nuclear weapons,treaty on the non-proliferation of nuclear weapons;1968
2605 b (xxiv),treaty on the non-proliferation of nuclear weapons,treaty on the non-proliferation of nuclear weapons;1968
2661 b (xxv),treaty on the non-proliferation of nuclear weapons,treaty on the non-proliferation of nuclear weapons;1968
2665 (xxv),treaty on the non-proliferation of nuclear weapons,treaty on the non-proliferation of nuclear weapons;1968
2825 a (xxvi),treaty on the non-proliferation of nuclear weapons,treaty on the non-proliferation of nuclear weapons;1968
2829 (xxvi),treaty on the non-proliferation of nuclear weapons,treaty on the non-proliferation of nuclear weapons;1968
3078 a (xxviii),treaty on the non-proliferation of nuclear weapons,treaty on the non-proliferation of nuclear weapons;1968
3078 b (xxviii),treaty on the non-proliferation of nuclear weapons,treaty on the non-proliferation of nuclear weapons;1968
3184 b (xxviii),treaty on the non-proliferation of nuclear weapons,treaty on the non-proliferation of nuclear weapons;1968
3213 (xxix),treaty on the non-proliferation of nuclear weapons,treaty on the non-proliferation of nuclear weapons;1968
3257 (xxix),treaty on the non-proliferation of nuclear weapons,treaty on the non-proliferation of nuclear weapons;1968
3261 d (xxix),treaty on the non-proliferation of nuclear weapons,treaty on the non-proliferation of nuclear weapons;1968
3263 (xxix),treaty on the non-proliferation of nuclear weapons,treaty on the non-proliferation of nuclear weapons;1968
3477 (xxx),treaty on the non-proliferation of nuclear weapons,treaty on the non-proliferation of nuclear weapons;1968
3478 (xxx),treaty on the non-proliferation of nuclear weapons,treaty on the non-proliferation of nuclear weapons;1968
3484 a (xxx),treaty on the non-proliferation of nuclear weapons,treaty on the non-proliferation of nuclear weapons;1968
31/66,treaty on the non-proliferation of nuclear weapons,treaty on the non-proliferation of nuclear weapons;1968
31/71,treaty on the non-proliferation of nuclear weapons,treaty on the non-proliferation of nuclear weapons;1968
31/75,treaty on the non-proliferation of nuclear weapons,treaty on the non-proliferation of nuclear weapons;1968
31/189 d,treaty on the non-proliferation of nuclear weapons,treaty on the non-proliferation of nuclear weapons;1968
32/78,treaty on the non-proliferation of nuclear weapons,treaty on the non-proliferation of nuclear weapons;1968
32/87 f,treaty on the non-proliferation of nuclear weapons,treaty on the non-proliferation of nuclear weapons;1968
33/3,treaty on the non-proliferation of nuclear weapons,treaty on the non-proliferation of nuclear weapons;1968
33/57,treaty on the non-proliferation of nuclear weapons,treaty on the non-proliferation of nuclear weapons;1968
33/60,treaty on the non-proliferation of nuclear weapons,treaty on the non-proliferation of nuclear weapons;1968
33/64,treaty on the non-proliferation of nuclear weapons,treaty on the non-proliferation of nuclear weapons;1968
34/11,treaty on the non-proliferation of nuclear weapons,treaty on the non-proliferation of nuclear weapons;1968
34/73,treaty on the non-proliferation of nuclear weapons,treaty on the non-proliferation of nuclear weapons;1968
34/77,treaty on the non-proliferation of nuclear weapons,treaty on the non-proliferation of nuclear weapons;1968
35/145 b,treaty on the non-proliferation of nuclear weapons,treaty on the non-proliferation of nuclear weapons;1968
35/147,treaty on the non-proliferation of nuclear weapons,treaty on the non-proliferation of nuclear weapons;1968
36/27,treaty on the non-proliferation of nuclear weapons,treaty on the non-proliferation of nuclear weapons;1968
36/84,treaty on the non-proliferation of nuclear weapons,treaty on the non-proliferation of nuclear weapons;1968
36/85,treaty on the non-proliferation of nuclear weapons,treaty on the non-proliferation of nuclear weapons;1968
36/87,treaty on the non-proliferation of nuclear weapons,treaty on the non-proliferation of nuclear weapons;1968
36/98,treaty on the non-proliferation of nuclear weapons,treaty on the non-proliferation of nuclear weapons;1968
37/72,treaty on the non-proliferation of nuclear weapons,treaty on the non-proliferation of nuclear weapons;1968
37/73,treaty on the non-proliferation of nuclear weapons,treaty on the non-proliferation of nuclear weapons;1968
37/75,treaty on the non-proliferation of nuclear weapons,treaty on the non-proliferation of nuclear weapons;1968
37/82,treaty on the non-proliferation of nuclear weapons,treaty on the non-proliferation of nuclear weapons;1968
38/8,treaty on the non-proliferation of nuclear weapons,treaty on the non-proliferation of nuclear weapons;1968
38/62,treaty on the non-proliferation of nuclear weapons,treaty on the non-proliferation of nuclear weapons;1968
38/63,treaty on the non-proliferation of nuclear weapons,treaty on the non-proliferation of nuclear weapons;1968
38/64,treaty on the non-proliferation of nuclear weapons,treaty on the non-proliferation of nuclear weapons;1968
38/69,treaty on the non-proliferation of nuclear weapons,treaty on the non-proliferation of nuclear weapons;1968
38/74,treaty on the non-proliferation of nuclear weapons,treaty on the non-proliferation of nuclear weapons;1968
39/52,treaty on the non-proliferation of nuclear weapons,treaty on the non-proliferation of nuclear weapons;1968
39/53,treaty on the non-proliferation of nuclear weapons,treaty on the non-proliferation of nuclear weapons;1968
39/54,treaty on the non-proliferation of nuclear weapons,treaty on the non-proliferation of nuclear weapons;1968
40/8,treaty on the non-proliferation of nuclear weapons,treaty on the non-proliferation of nuclear weapons;1968
40/80 a,treaty on the non-proliferation of nuclear weapons,treaty on the non-proliferation of nuclear weapons;1968
40/80 b,treaty on the non-proliferation of nuclear weapons,treaty on the non-proliferation of nuclear weapons;1968
40/81,treaty on the non-proliferation of nuclear weapons,treaty on the non-proliferation of nuclear weapons;1968
40/82,treaty on the non-proliferation of nuclear weapons,treaty on the non-proliferation of nuclear weapons;1968
40/94 m,treaty on the non-proliferation of nuclear weapons,treaty on the non-proliferation of nuclear weapons;1968
41/36,treaty on the non-proliferation of nuclear weapons,treaty on the non-proliferation of nuclear weapons;1968
41/46 a,treaty on the non-proliferation of nuclear weapons,treaty on the non-proliferation of nuclear weapons;1968
41/46 b,treaty on the non-proliferation of nuclear weapons,treaty on the non-proliferation of nuclear weapons;1968
41/48,treaty on the non-proliferation of nuclear weapons,treaty on the non-proliferation of nuclear weapons;1968
42/6,treaty on the non-proliferation of nuclear weapons,treaty on the non-proliferation of nuclear weapons;1968
42/26 a,treaty on the non-proliferation of nuclear weapons,treaty on the non-proliferation of nuclear weapons;1968
42/26 b,treaty on the non-proliferation of nuclear weapons,treaty on the non-proliferation of nuclear weapons;1968
42/28,treaty on the non-proliferation of nuclear weapons,treaty on the non-proliferation of nuclear weapons;1968
43/16,treaty on the non-proliferation of nuclear weapons,treaty on the non-proliferation of nuclear weapons;1968
43/63 a,treaty on the non-proliferation of nuclear weapons,treaty on the non-proliferation of nuclear weapons;1968
43/63 b,treaty on the non-proliferation of nuclear weapons,treaty on the non-proliferation of nuclear weapons;1968
43/65,treaty on the non-proliferation of nuclear weapons,treaty on the non-proliferation of nuclear weapons;1968
43/82,treaty on the non-proliferation of nuclear weapons,treaty on the non-proliferation of nuclear weapons;1968
44/13,treaty on the non-proliferation of nuclear weapons,treaty on the non-proliferation of nuclear weapons;1968
44/105,treaty on the non-proliferation of nuclear weapons,treaty on the non-proliferation of nuclear weapons;1968
44/108,treaty on the non-proliferation of nuclear weapons,treaty on the non-proliferation of nuclear weapons;1968
44/119 f,treaty on the non-proliferation of nuclear weapons,treaty on the non-proliferation of nuclear weapons;1968
45/7,treaty on the non-proliferation of nuclear weapons,treaty on the non-proliferation of nuclear weapons;1968
45/49,treaty on the non-proliferation of nuclear weapons,treaty on the non-proliferation of nuclear weapons;1968
46/16,treaty on the non-proliferation of nuclear weapons,treaty on the non-proliferation of nuclear weapons;1968
46/29,treaty on the non-proliferation of nuclear weapons,treaty on the non-proliferation of nuclear weapons;1968
46/30,treaty on the non-proliferation of nuclear weapons,treaty on the non-proliferation of nuclear weapons;1968
46/34 a,treaty on the non-proliferation of nuclear weapons,treaty on the non-proliferation of nuclear weapons;1968
46/34 b,treaty on the non-proliferation of nuclear weapons,treaty on the non-proliferation of nuclear weapons;1968
46/79 a,treaty on the non-proliferation of nuclear weapons,treaty on the non-proliferation of nuclear weapons;1968
46/79 c,treaty on the non-proliferation of nuclear weapons,treaty on the non-proliferation of nuclear weapons;1968
47/8,treaty on the non-proliferation of nuclear weapons,treaty on the non-proliferation of nuclear weapons;1968
47/47,treaty on the non-proliferation of nuclear weapons,treaty on the non-proliferation of nuclear weapons;1968
47/48,treaty on the non-proliferation of nuclear weapons,treaty on the non-proliferation of nuclear weapons;1968
47/52 a,treaty on the non-proliferation of nuclear weapons,treaty on the non-proliferation of nuclear weapons;1968
47/55,treaty on the non-proliferation of nuclear weapons,treaty on the non-proliferation of nuclear weapons;1968
47/76,treaty on the non-proliferation of nuclear weapons,treaty on the non-proliferation of nuclear weapons;1968
48/14,treaty on the non-proliferation of nuclear weapons,treaty on the non-proliferation of nuclear weapons;1968
48/70,treaty on the non-proliferation of nuclear weapons,treaty on the non-proliferation of nuclear weapons;1968
48/71,treaty on the non-proliferation of nuclear weapons,treaty on the non-proliferation of nuclear weapons;1968
48/78,treaty on the non-proliferation of nuclear weapons,treaty on the non-proliferation of nuclear weapons;1968
48/86,treaty on the non-proliferation of nuclear weapons,treaty on the non-proliferation of nuclear weapons;1968
49/65,treaty on the non-proliferation of nuclear weapons,treaty on the non-proliferation of nuclear weapons;1968
49/70,treaty on the non-proliferation of nuclear weapons,treaty on the non-proliferation of nuclear weapons;1968
49/71,treaty on the non-proliferation of nuclear weapons,treaty on the non-proliferation of nuclear weapons;1968
49/75 f,treaty on the non-proliferation of nuclear weapons,treaty on the non-proliferation of nuclear weapons;1968
49/75 h,treaty on the non-proliferation of nuclear weapons,treaty on the non-proliferation of nuclear weapons;1968
49/75 k,treaty on the non-proliferation of nuclear weapons,treaty on the non-proliferation of nuclear weapons;1968
49/75 p,treaty on the non-proliferation of nuclear weapons,treaty on the non-proliferation of nuclear weapons;1968
49/78,treaty on the non-proliferation of nuclear weapons,treaty on the non-proliferation of nuclear weapons;1968
49/81,treaty on the non-proliferation of nuclear weapons,treaty on the non-proliferation of nuclear weapons;1968
49/138,treaty on the non-proliferation of nuclear weapons,treaty on the non-proliferation of nuclear weapons;1968
50/9,treaty on the non-proliferation of nuclear weapons,treaty on the non-proliferation of nuclear weapons;1968
50/65,treaty on the non-proliferation of nuclear weapons,treaty on the non-proliferation of nuclear weapons;1968
50/66,treaty on the non-proliferation of nuclear weapons,treaty on the non-proliferation of nuclear weapons;1968
50/70 a,treaty on the non-proliferation of nuclear weapons,treaty on the non-proliferation of nuclear weapons;1968
50/70 c,treaty on the non-proliferation of nuclear weapons,treaty on the non-proliferation of nuclear weapons;1968
50/70 i,treaty on the non-proliferation of nuclear weapons,treaty on the non-proliferation of nuclear weapons;1968
50/70 q,treaty on the non-proliferation of nuclear weapons,treaty on the non-proliferation of nuclear weapons;1968
50/70 r,treaty on the non-proliferation of nuclear weapons,treaty on the non-proliferation of nuclear weapons;1968
50/73,treaty on the non-proliferation of nuclear weapons,treaty on the non-proliferation of nuclear weapons;1968
50/78,treaty on the non-proliferation of nuclear weapons,treaty on the non-proliferation of nuclear weapons;1968
51/10,treaty on the non-proliferation of nuclear weapons,treaty on the non-proliferation of nuclear weapons;1968
51/41,treaty on the non-proliferation of nuclear weapons,treaty on the non-proliferation of nuclear weapons;1968
51/45 a,treaty on the non-proliferation of nuclear weapons,treaty on the non-proliferation of nuclear weapons;1968
51/45 b,treaty on the non-proliferation of nuclear weapons,treaty on the non-proliferation of nuclear weapons;1968
51/45 g,treaty on the non-proliferation of nuclear weapons,treaty on the non-proliferation of nuclear weapons;1968
51/45 m,treaty on the non-proliferation of nuclear weapons,treaty on the non-proliferation of nuclear weapons;1968
51/45 r,treaty on the non-proliferation of nuclear weapons,treaty on the non-proliferation of nuclear weapons;1968
51/48,treaty on the non-proliferation of nuclear weapons,treaty on the non-proliferation of nuclear weapons;1968
51/53,treaty on the non-proliferation of nuclear weapons,treaty on the non-proliferation of nuclear weapons;1968
52/11,treaty on the non-proliferation of nuclear weapons,treaty on the non-proliferation of nuclear weapons;1968
52/34,treaty on the non-proliferation of nuclear weapons,treaty on the non-proliferation of nuclear weapons;1968
52/38 b,treaty on the non-proliferation of nuclear weapons,treaty on the non-proliferation of nuclear weapons;1968
52/38 k,treaty on the non-proliferation of nuclear weapons,treaty on the non-proliferation of nuclear weapons;1968
52/38 m,treaty on the non-proliferation of nuclear weapons,treaty on the non-proliferation of nuclear weapons;1968
52/38 n,treaty on the non-proliferation of nuclear weapons,treaty on the non-proliferation of nuclear weapons;1968
52/38 o,treaty on the non-proliferation of nuclear weapons,treaty on the non-proliferation of nuclear weapons;1968
52/38 s,treaty on the non-proliferation of nuclear weapons,treaty on the non-proliferation of nuclear weapons;1968
52/41,treaty on the non-proliferation of nuclear weapons,treaty on the non-proliferation of nuclear weapons;1968
52/46,treaty on the non-proliferation of nuclear weapons,treaty on the non-proliferation of nuclear weapons;1968
53/21,treaty on the non-proliferation of nuclear weapons,treaty on the non-proliferation of nuclear weapons;1968
53/74,treaty on the non-proliferation of nuclear weapons,treaty on the non-proliferation of nuclear weapons;1968
53/77 a,treaty on the non-proliferation of nuclear weapons,treaty on the non-proliferation of nuclear weapons;1968
53/77 g,treaty on the non-proliferation of nuclear weapons,treaty on the non-proliferation of nuclear weapons;1968
53/77 q,treaty on the non-proliferation of nuclear weapons,treaty on the non-proliferation of nuclear weapons;1968
53/77 s,treaty on the non-proliferation of nuclear weapons,treaty on the non-proliferation of nuclear weapons;1968
53/77 u,treaty on the non-proliferation of nuclear weapons,treaty on the non-proliferation of nuclear weapons;1968
53/77 w,treaty on the non-proliferation of nuclear weapons,treaty on the non-proliferation of nuclear weapons;1968
53/77 y,treaty on the non-proliferation of nuclear weapons,treaty on the non-proliferation of nuclear weapons;1968
53/77 z,treaty on the non-proliferation of nuclear weapons,treaty on the non-proliferation of nuclear weapons;1968
53/80,treaty on the non-proliferation of nuclear weapons,treaty on the non-proliferation of nuclear weapons;1968
54/26,treaty on the non-proliferation of nuclear weapons,treaty on the non-proliferation of nuclear weapons;1968
54/48,treaty on the non-proliferation of nuclear weapons,treaty on the non-proliferation of nuclear weapons;1968
54/51,treaty on the non-proliferation of nuclear weapons,treaty on the non-proliferation of nuclear weapons;1968
54/54 a,treaty on the non-proliferation of nuclear weapons,treaty on the non-proliferation of nuclear weapons;1968
54/54 d,treaty on the non-proliferation of nuclear weapons,treaty on the non-proliferation of nuclear weapons;1968
54/54 e,treaty on the non-proliferation of nuclear weapons,treaty on the non-proliferation of nuclear weapons;1968
54/54 g,treaty on the non-proliferation of nuclear weapons,treaty on the non-proliferation of nuclear weapons;1968
54/54 i,treaty on the non-proliferation of nuclear weapons,treaty on the non-proliferation of nuclear weapons;1968
54/54 l,treaty on the non-proliferation of nuclear weapons,treaty on the non-proliferation of nuclear weapons;1968
54/54 p,treaty on the non-proliferation of nuclear weapons,treaty on the non-proliferation of nuclear weapons;1968
54/54 q,treaty on the non-proliferation of nuclear weapons,treaty on the non-proliferation of nuclear weapons;1968
54/57,treaty on the non-proliferation of nuclear weapons,treaty on the non-proliferation of nuclear weapons;1968
55/30,treaty on the non-proliferation of nuclear weapons,treaty on the non-proliferation of nuclear weapons;1968
55/33 b,treaty on the non-proliferation of nuclear weapons,treaty on the non-proliferation of nuclear weapons;1968
55/33 c,treaty on the non-proliferation of nuclear weapons,treaty on the non-proliferation of nuclear weapons;1968
55/33 d,treaty on the non-proliferation of nuclear weapons,treaty on the non-proliferation of nuclear weapons;1968
55/33 e,treaty on the non-proliferation of nuclear weapons,treaty on the non-proliferation of nuclear weapons;1968
55/33 r,treaty on the non-proliferation of nuclear weapons,treaty on the non-proliferation of nuclear weapons;1968
55/33 s,treaty on the non-proliferation of nuclear weapons,treaty on the non-proliferation of nuclear weapons;1968
55/33 t,treaty on the non-proliferation of nuclear weapons,treaty on the non-proliferation of nuclear weapons;1968
55/33 w,treaty on the non-proliferation of nuclear weapons,treaty on the non-proliferation of nuclear weapons;1968
55/33 x,treaty on the non-proliferation of nuclear weapons,treaty on the non-proliferation of nuclear weapons;1968
55/36,treaty on the non-proliferation of nuclear weapons,treaty on the non-proliferation of nuclear weapons;1968
56/17,treaty on the non-proliferation of nuclear weapons,treaty on the non-proliferation of nuclear weapons;1968
56/21,treaty on the non-proliferation of nuclear weapons,treaty on the non-proliferation of nuclear weapons;1968
56/24 a,treaty on the non-proliferation of nuclear weapons,treaty on the non-proliferation of nuclear weapons;1968
56/24 n,treaty on the non-proliferation of nuclear weapons,treaty on the non-proliferation of nuclear weapons;1968
56/24 o,treaty on the non-proliferation of nuclear weapons,treaty on the non-proliferation of nuclear weapons;1968
56/24 p,treaty on the non-proliferation of nuclear weapons,treaty on the non-proliferation of nuclear weapons;1968
56/24 r,treaty on the non-proliferation of nuclear weapons,treaty on the non-proliferation of nuclear weapons;1968
56/24 s,treaty on the non-proliferation of nuclear weapons,treaty on the non-proliferation of nuclear weapons;1968
56/27,treaty on the non-proliferation of nuclear weapons,treaty on the non-proliferation of nuclear weapons;1968
56/94,treaty on the non-proliferation of nuclear weapons,treaty on the non-proliferation of nuclear weapons;1968
57/9,treaty on the non-proliferation of nuclear weapons,treaty on the non-proliferation of nuclear weapons;1968
57/55,treaty on the non-proliferation of nuclear weapons,treaty on the non-proliferation of nuclear weapons;1968
57/58,treaty on the non-proliferation of nuclear weapons,treaty on the non-proliferation of nuclear weapons;1968
57/59,treaty on the non-proliferation of nuclear weapons,treaty on the non-proliferation of nuclear weapons;1968
57/68,treaty on the non-proliferation of nuclear weapons,treaty on the non-proliferation of nuclear weapons;1968
57/69,treaty on the non-proliferation of nuclear weapons,treaty on the non-proliferation of nuclear weapons;1968
57/78,treaty on the non-proliferation of nuclear weapons,treaty on the non-proliferation of nuclear weapons;1968
57/79,treaty on the non-proliferation of nuclear weapons,treaty on the non-proliferation of nuclear weapons;1968
57/85,treaty on the non-proliferation of nuclear weapons,treaty on the non-proliferation of nuclear weapons;1968
57/97,treaty on the non-proliferation of nuclear weapons,treaty on the non-proliferation of nuclear weapons;1968
58/8,treaty on the non-proliferation of nuclear weapons,treaty on the non-proliferation of nuclear weapons;1968
58/30,treaty on the non-proliferation of nuclear weapons,treaty on the non-proliferation of nuclear weapons;1968
58/34,treaty on the non-proliferation of nuclear weapons,treaty on the non-proliferation of nuclear weapons;1968
58/46,treaty on the non-proliferation of nuclear weapons,treaty on the non-proliferation of nuclear weapons;1968
58/50,treaty on the non-proliferation of nuclear weapons,treaty on the non-proliferation of nuclear weapons;1968
58/51,treaty on the non-proliferation of nuclear weapons,treaty on the non-proliferation of nuclear weapons;1968
58/56,treaty on the non-proliferation of nuclear weapons,treaty on the non-proliferation of nuclear weapons;1968
58/59,treaty on the non-proliferation of nuclear weapons,treaty on the non-proliferation of nuclear weapons;1968
58/68,treaty on the non-proliferation of nuclear weapons,treaty on the non-proliferation of nuclear weapons;1968
58/314,treaty on the non-proliferation of nuclear weapons,treaty on the non-proliferation of nuclear weapons;1968
59/18,treaty on the non-proliferation of nuclear weapons,treaty on the non-proliferation of nuclear weapons;1968
59/63,treaty on the non-proliferation of nuclear weapons,treaty on the non-proliferation of nuclear weapons;1968
59/75,treaty on the non-proliferation of nuclear weapons,treaty on the non-proliferation of nuclear weapons;1968
59/76,treaty on the non-proliferation of nuclear weapons,treaty on the non-proliferation of nuclear weapons;1968
59/77,treaty on the non-proliferation of nuclear weapons,treaty on the non-proliferation of nuclear weapons;1968
59/83,treaty on the non-proliferation of nuclear weapons,treaty on the non-proliferation of nuclear weapons;1968
59/94,treaty on the non-proliferation of nuclear weapons,treaty on the non-proliferation of nuclear weapons;1968
59/106,treaty on the non-proliferation of nuclear weapons,treaty on the non-proliferation of nuclear weapons;1968
60/6,treaty on the non-proliferation of nuclear weapons,treaty on the non-proliferation of nuclear weapons;1968
60/49,treaty on the non-proliferation of nuclear weapons,treaty on the non-proliferation of nuclear weapons;1968
60/52,treaty on the non-proliferation of nuclear weapons,treaty on the non-proliferation of nuclear weapons;1968
60/56,treaty on the non-proliferation of nuclear weapons,treaty on the non-proliferation of nuclear weapons;1968
60/58,treaty on the non-proliferation of nuclear weapons,treaty on the non-proliferation of nuclear weapons;1968
60/65,treaty on the non-proliferation of nuclear weapons,treaty on the non-proliferation of nuclear weapons;1968
60/70,treaty on the non-proliferation of nuclear weapons,treaty on the non-proliferation of nuclear weapons;1968
60/72,treaty on the non-proliferation of nuclear weapons,treaty on the non-proliferation of nuclear weapons;1968
60/76,treaty on the non-proliferation of nuclear weapons,treaty on the non-proliferation of nuclear weapons;1968
60/92,treaty on the non-proliferation of nuclear weapons,treaty on the non-proliferation of nuclear weapons;1968
61/8,treaty on the non-proliferation of nuclear weapons,treaty on the non-proliferation of nuclear weapons;1968
61/56,treaty on the non-proliferation of nuclear weapons,treaty on the non-proliferation of nuclear weapons;1968
61/65,treaty on the non-proliferation of nuclear weapons,treaty on the non-proliferation of nuclear weapons;1968
61/70,treaty on the non-proliferation of nuclear weapons,treaty on the non-proliferation of nuclear weapons;1968
61/74,treaty on the non-proliferation of nuclear weapons,treaty on the non-proliferation of nuclear weapons;1968
61/78,treaty on the non-proliferation of nuclear weapons,treaty on the non-proliferation of nuclear weapons;1968
61/83,treaty on the non-proliferation of nuclear weapons,treaty on the non-proliferation of nuclear weapons;1968
61/103,treaty on the non-proliferation of nuclear weapons,treaty on the non-proliferation of nuclear weapons;1968
62/15,treaty on the non-proliferation of nuclear weapons,treaty on the non-proliferation of nuclear weapons;1968
62/18,treaty on the non-proliferation of nuclear weapons,treaty on the non-proliferation of nuclear weapons;1968
62/24,treaty on the non-proliferation of nuclear weapons,treaty on the non-proliferation of nuclear weapons;1968
62/25,treaty on the non-proliferation of nuclear weapons,treaty on the non-proliferation of nuclear weapons;1968
62/31,treaty on the non-proliferation of nuclear weapons,treaty on the non-proliferation of nuclear weapons;1968
62/37,treaty on the non-proliferation of nuclear weapons,treaty on the non-proliferation of nuclear weapons;1968
62/39,treaty on the non-proliferation of nuclear weapons,treaty on the non-proliferation of nuclear weapons;1968
62/42,treaty on the non-proliferation of nuclear weapons,treaty on the non-proliferation of nuclear weapons;1968
62/56,treaty on the non-proliferation of nuclear weapons,treaty on the non-proliferation of nuclear weapons;1968
63/6,treaty on the non-proliferation of nuclear weapons,treaty on the non-proliferation of nuclear weapons;1968
63/38,treaty on the non-proliferation of nuclear weapons,treaty on the non-proliferation of nuclear weapons;1968
63/46,treaty on the non-proliferation of nuclear weapons,treaty on the non-proliferation of nuclear weapons;1968
63/49,treaty on the non-proliferation of nuclear weapons,treaty on the non-proliferation of nuclear weapons;1968
63/58,treaty on the non-proliferation of nuclear weapons,treaty on the non-proliferation of nuclear weapons;1968
63/73,treaty on the non-proliferation of nuclear weapons,treaty on the non-proliferation of nuclear weapons;1968
63/84,treaty on the non-proliferation of nuclear weapons,treaty on the non-proliferation of nuclear weapons;1968
64/8,treaty on the non-proliferation of nuclear weapons,treaty on the non-proliferation of nuclear weapons;1968
64/24,treaty on the non-proliferation of nuclear weapons,treaty on the non-proliferation of nuclear weapons;1968
64/26,treaty on the non-proliferation of nuclear weapons,treaty on the non-proliferation of nuclear weapons;1968
64/31,treaty on the non-proliferation of nuclear weapons,treaty on the non-proliferation of nuclear weapons;1968
64/39,treaty on the non-proliferation of nuclear weapons,treaty on the non-proliferation of nuclear weapons;1968
64/47,treaty on the non-proliferation of nuclear weapons,treaty on the non-proliferation of nuclear weapons;1968
64/52,treaty on the non-proliferation of nuclear weapons,treaty on the non-proliferation of nuclear weapons;1968
64/53,treaty on the non-proliferation of nuclear weapons,treaty on the non-proliferation of nuclear weapons;1968
64/55,treaty on the non-proliferation of nuclear weapons,treaty on the non-proliferation of nuclear weapons;1968
64/57,treaty on the non-proliferation of nuclear weapons,treaty on the non-proliferation of nuclear weapons;1968
64/66,treaty on the non-proliferation of nuclear weapons,treaty on the non-proliferation of nuclear weapons;1968
65/9,treaty on the non-proliferation of nuclear weapons,treaty on the non-proliferation of nuclear weapons;1968
65/40,treaty on the non-proliferation of nuclear weapons,treaty on the non-proliferation of nuclear weapons;1968
65/42,treaty on the non-proliferation of nuclear weapons,treaty on the non-proliferation of nuclear weapons;1968
65/49,treaty on the non-proliferation of nuclear weapons,treaty on the non-proliferation of nuclear weapons;1968
65/56,treaty on the non-proliferation of nuclear weapons,treaty on the non-proliferation of nuclear weapons;1968
65/59,treaty on the non-proliferation of nuclear weapons,treaty on the non-proliferation of nuclear weapons;1968
65/61,treaty on the non-proliferation of nuclear weapons,treaty on the non-proliferation of nuclear weapons;1968
65/71,treaty on the non-proliferation of nuclear weapons,treaty on the non-proliferation of nuclear weapons;1968
65/72,treaty on the non-proliferation of nuclear weapons,treaty on the non-proliferation of nuclear weapons;1968
65/76,treaty on the non-proliferation of nuclear weapons,treaty on the non-proliferation of nuclear weapons;1968
65/88,treaty on the non-proliferation of nuclear weapons,treaty on the non-proliferation of nuclear weapons;1968
65/91,treaty on the non-proliferation of nuclear weapons,treaty on the non-proliferation of nuclear weapons;1968
66/7,treaty on the non-proliferation of nuclear weapons,treaty on the non-proliferation of nuclear weapons;1968
66/23,treaty on the non-proliferation of nuclear weapons,treaty on the non-proliferation of nuclear weapons;1968
66/25,treaty on the non-proliferation of nuclear weapons,treaty on the non-proliferation of nuclear weapons;1968
66/28,treaty on the non-proliferation of nuclear weapons,treaty on the non-proliferation of nuclear weapons;1968
66/33,treaty on the non-proliferation of nuclear weapons,treaty on the non-proliferation of nuclear weapons;1968
66/40,treaty on the non-proliferation of nuclear weapons,treaty on the non-proliferation of nuclear weapons;1968
66/43,treaty on the non-proliferation of nuclear weapons,treaty on the non-proliferation of nuclear weapons;1968
66/45,treaty on the non-proliferation of nuclear weapons,treaty on the non-proliferation of nuclear weapons;1968
66/46,treaty on the non-proliferation of nuclear weapons,treaty on the non-proliferation of nuclear weapons;1968
66/51,treaty on the non-proliferation of nuclear weapons,treaty on the non-proliferation of nuclear weapons;1968
66/61,treaty on the non-proliferation of nuclear weapons,treaty on the non-proliferation of nuclear weapons;1968
66/64,treaty on the non-proliferation of nuclear weapons,treaty on the non-proliferation of nuclear weapons;1968
67/3,treaty on the non-proliferation of nuclear weapons,treaty on the non-proliferation of nuclear weapons;1968
67/15,treaty on the non-proliferation of nuclear weapons,treaty on the non-proliferation of nuclear weapons;1968
67/26,treaty on the non-proliferation of nuclear weapons,treaty on the non-proliferation of nuclear weapons;1968
67/28,treaty on the non-proliferation of nuclear weapons,treaty on the non-proliferation of nuclear weapons;1968
67/31,treaty on the non-proliferation of nuclear weapons,treaty on the non-proliferation of nuclear weapons;1968
67/33,treaty on the non-proliferation of nuclear weapons,treaty on the non-proliferation of nuclear weapons;1968
67/34,treaty on the non-proliferation of nuclear weapons,treaty on the non-proliferation of nuclear weapons;1968
67/46,treaty on the non-proliferation of nuclear weapons,treaty on the non-proliferation of nuclear weapons;1968
67/55,treaty on the non-proliferation of nuclear weapons,treaty on the non-proliferation of nuclear weapons;1968
67/56,treaty on the non-proliferation of nuclear weapons,treaty on the non-proliferation of nuclear weapons;1968
67/59,treaty on the non-proliferation of nuclear weapons,treaty on the non-proliferation of nuclear weapons;1968
67/60,treaty on the non-proliferation of nuclear weapons,treaty on the non-proliferation of nuclear weapons;1968
67/73,treaty on the non-proliferation of nuclear weapons,treaty on the non-proliferation of nuclear weapons;1968
67/76,treaty on the non-proliferation of nuclear weapons,treaty on the non-proliferation of nuclear weapons;1968
68/10,treaty on the non-proliferation of nuclear weapons,treaty on the non-proliferation of nuclear weapons;1968
68/25,treaty on the non-proliferation of nuclear weapons,treaty on the non-proliferation of nuclear weapons;1968
68/26,treaty on the non-proliferation of nuclear weapons,treaty on the non-proliferation of nuclear weapons;1968
68/27,treaty on the non-proliferation of nuclear weapons,treaty on the non-proliferation of nuclear weapons;1968
68/32,treaty on the non-proliferation of nuclear weapons,treaty on the non-proliferation of nuclear weapons;1968
68/35,treaty on the non-proliferation of nuclear weapons,treaty on the non-proliferation of nuclear weapons;1968
68/39,treaty on the non-proliferation of nuclear weapons,treaty on the non-proliferation of nuclear weapons;1968
68/42,treaty on the non-proliferation of nuclear weapons,treaty on the non-proliferation of nuclear weapons;1968
68/46,treaty on the non-proliferation of nuclear weapons,treaty on the non-proliferation of nuclear weapons;1968
68/47,treaty on the non-proliferation of nuclear weapons,treaty on the non-proliferation of nuclear weapons;1968
68/49,treaty on the non-proliferation of nuclear weapons,treaty on the non-proliferation of nuclear weapons;1968
68/51,treaty on the non-proliferation of nuclear weapons,treaty on the non-proliferation of nuclear weapons;1968
68/65,treaty on the non-proliferation of nuclear weapons,treaty on the non-proliferation of nuclear weapons;1968
68/68,treaty on the non-proliferation of nuclear weapons,treaty on the non-proliferation of nuclear weapons;1968
68/262,treaty on the non-proliferation of nuclear weapons,treaty on the non-proliferation of nuclear weapons;1968
69/7,treaty on the non-proliferation of nuclear weapons,treaty on the non-proliferation of nuclear weapons;1968
69/11,treaty on the non-proliferation of nuclear weapons,treaty on the non-proliferation of nuclear weapons;1968
69/26,treaty on the non-proliferation of nuclear weapons,treaty on the non-proliferation of nuclear weapons;1968
69/29,treaty on the non-proliferation of nuclear weapons,treaty on the non-proliferation of nuclear weapons;1968
69/35,treaty on the non-proliferation of nuclear weapons,treaty on the non-proliferation of nuclear weapons;1968
69/36,treaty on the non-proliferation of nuclear weapons,treaty on the non-proliferation of nuclear weapons;1968
69/37,treaty on the non-proliferation of nuclear weapons,treaty on the non-proliferation of nuclear weapons;1968
69/41,treaty on the non-proliferation of nuclear weapons,treaty on the non-proliferation of nuclear weapons;1968
69/42,treaty on the non-proliferation of nuclear weapons,treaty on the non-proliferation of nuclear weapons;1968
69/43,treaty on the non-proliferation of nuclear weapons,treaty on the non-proliferation of nuclear weapons;1968
69/48,treaty on the non-proliferation of nuclear weapons,treaty on the non-proliferation of nuclear weapons;1968
69/52,treaty on the non-proliferation of nuclear weapons,treaty on the non-proliferation of nuclear weapons;1968
69/58,treaty on the non-proliferation of nuclear weapons,treaty on the non-proliferation of nuclear weapons;1968
69/66,treaty on the non-proliferation of nuclear weapons,treaty on the non-proliferation of nuclear weapons;1968
69/78,treaty on the non-proliferation of nuclear weapons,treaty on the non-proliferation of nuclear weapons;1968
69/81,treaty on the non-proliferation of nuclear weapons,treaty on the non-proliferation of nuclear weapons;1968
69/96 b,treaty on the non-proliferation of nuclear weapons,treaty on the non-proliferation of nuclear weapons;1968
70/10,treaty on the non-proliferation of nuclear weapons,treaty on the non-proliferation of nuclear weapons;1968
70/23,treaty on the non-proliferation of nuclear weapons,treaty on the non-proliferation of nuclear weapons;1968
70/24,treaty on the non-proliferation of nuclear weapons,treaty on the non-proliferation of nuclear weapons;1968
70/28,treaty on the non-proliferation of nuclear weapons,treaty on the non-proliferation of nuclear weapons;1968
70/33,treaty on the non-proliferation of nuclear weapons,treaty on the non-proliferation of nuclear weapons;1968
70/34,treaty on the non-proliferation of nuclear weapons,treaty on the non-proliferation of nuclear weapons;1968
70/38,treaty on the non-proliferation of nuclear weapons,treaty on the non-proliferation of nuclear weapons;1968
70/40,treaty on the non-proliferation of nuclear weapons,treaty on the non-proliferation of nuclear weapons;1968
70/45,treaty on the non-proliferation of nuclear weapons,treaty on the non-proliferation of nuclear weapons;1968
70/47,treaty on the non-proliferation of nuclear weapons,treaty on the non-proliferation of nuclear weapons;1968
70/48,treaty on the non-proliferation of nuclear weapons,treaty on the non-proliferation of nuclear weapons;1968
70/50,treaty on the non-proliferation of nuclear weapons,treaty on the non-proliferation of nuclear weapons;1968
70/51,treaty on the non-proliferation of nuclear weapons,treaty on the non-proliferation of nuclear weapons;1968
70/52,treaty on the non-proliferation of nuclear weapons,treaty on the non-proliferation of nuclear weapons;1968
70/56,treaty on the non-proliferation of nuclear weapons,treaty on the non-proliferation of nuclear weapons;1968
70/57,treaty on the non-proliferation of nuclear weapons,treaty on the non-proliferation of nuclear weapons;1968
70/60,treaty on the non-proliferation of nuclear weapons,treaty on the non-proliferation of nuclear weapons;1968
70/70,treaty on the non-proliferation of nuclear weapons,treaty on the non-proliferation of nuclear weapons;1968
70/73,treaty on the non-proliferation of nuclear weapons,treaty on the non-proliferation of nuclear weapons;1968
70/93 b,treaty on the non-proliferation of nuclear weapons,treaty on the non-proliferation of nuclear weapons;1968
71/14,treaty on the non-proliferation of nuclear weapons,treaty on the non-proliferation of nuclear weapons;1968
71/26,treaty on the non-proliferation of nuclear weapons,treaty on the non-proliferation of nuclear weapons;1968
71/27,treaty on the non-proliferation of nuclear weapons,treaty on the non-proliferation of nuclear weapons;1968
71/29,treaty on the non-proliferation of nuclear weapons,treaty on the non-proliferation of nuclear weapons;1968
71/46,treaty on the non-proliferation of nuclear weapons,treaty on the non-proliferation of nuclear weapons;1968
71/47,treaty on the non-proliferation of nuclear weapons,treaty on the non-proliferation of nuclear weapons;1968
71/49,treaty on the non-proliferation of nuclear weapons,treaty on the non-proliferation of nuclear weapons;1968
71/51,treaty on the non-proliferation of nuclear weapons,treaty on the non-proliferation of nuclear weapons;1968
71/53,treaty on the non-proliferation of nuclear weapons,treaty on the non-proliferation of nuclear weapons;1968
71/54,treaty on the non-proliferation of nuclear weapons,treaty on the non-proliferation of nuclear weapons;1968
71/55,treaty on the non-proliferation of nuclear weapons,treaty on the non-proliferation of nuclear weapons;1968
71/58,treaty on the non-proliferation of nuclear weapons,treaty on the non-proliferation of nuclear weapons;1968
71/63,treaty on the non-proliferation of nuclear weapons,treaty on the non-proliferation of nuclear weapons;1968
71/65,treaty on the non-proliferation of nuclear weapons,treaty on the non-proliferation of nuclear weapons;1968
71/67,treaty on the non-proliferation of nuclear weapons,treaty on the non-proliferation of nuclear weapons;1968
71/71,treaty on the non-proliferation of nuclear weapons,treaty on the non-proliferation of nuclear weapons;1968
71/83,treaty on the non-proliferation of nuclear weapons,treaty on the non-proliferation of nuclear weapons;1968
71/86,treaty on the non-proliferation of nuclear weapons,treaty on the non-proliferation of nuclear weapons;1968
71/158,treaty on the non-proliferation of nuclear weapons,treaty on the non-proliferation of nuclear weapons;1968
71/258,treaty on the non-proliferation of nuclear weapons,treaty on the non-proliferation of nuclear weapons;1968
71/259,treaty on the non-proliferation of nuclear weapons,treaty on the non-proliferation of nuclear weapons;1968
72/5,treaty on the non-proliferation of nuclear weapons,treaty on the non-proliferation of nuclear weapons;1968
72/22,treaty on the non-proliferation of nuclear weapons,treaty on the non-proliferation of nuclear weapons;1968
72/24,treaty on the non-proliferation of nuclear weapons,treaty on the non-proliferation of nuclear weapons;1968
72/29,treaty on the non-proliferation of nuclear weapons,treaty on the non-proliferation of nuclear weapons;1968
72/30,treaty on the non-proliferation of nuclear weapons,treaty on the non-proliferation of nuclear weapons;1968
72/31,treaty on the non-proliferation of nuclear weapons,treaty on the non-proliferation of nuclear weapons;1968
72/37,treaty on the non-proliferation of nuclear weapons,treaty on the non-proliferation of nuclear weapons;1968
72/38,treaty on the non-proliferation of nuclear weapons,treaty on the non-proliferation of nuclear weapons;1968
72/39,treaty on the non-proliferation of nuclear weapons,treaty on the non-proliferation of nuclear weapons;1968
72/45,treaty on the non-proliferation of nuclear weapons,treaty on the non-proliferation of nuclear weapons;1968
72/50,treaty on the non-proliferation of nuclear weapons,treaty on the non-proliferation of nuclear weapons;1968
72/58,treaty on the non-proliferation of nuclear weapons,treaty on the non-proliferation of nuclear weapons;1968
72/67,treaty on the non-proliferation of nuclear weapons,treaty on the non-proliferation of nuclear weapons;1968
72/70,treaty on the non-proliferation of nuclear weapons,treaty on the non-proliferation of nuclear weapons;1968
72/90 b,treaty on the non-proliferation of nuclear weapons,treaty on the non-proliferation of nuclear weapons;1968
72/251,treaty on the non-proliferation of nuclear weapons,treaty on the non-proliferation of nuclear weapons;1968
73/9,treaty on the non-proliferation of nuclear weapons,treaty on the non-proliferation of nuclear weapons;1968
73/26,treaty on the non-proliferation of nuclear weapons,treaty on the non-proliferation of nuclear weapons;1968
73/40,treaty on the non-proliferation of nuclear weapons,treaty on the non-proliferation of nuclear weapons;1968
73/47,treaty on the non-proliferation of nuclear weapons,treaty on the non-proliferation of nuclear weapons;1968
73/50,treaty on the non-proliferation of nuclear weapons,treaty on the non-proliferation of nuclear weapons;1968
73/57,treaty on the non-proliferation of nuclear weapons,treaty on the non-proliferation of nuclear weapons;1968
73/58,treaty on the non-proliferation of nuclear weapons,treaty on the non-proliferation of nuclear weapons;1968
73/60,treaty on the non-proliferation of nuclear weapons,treaty on the non-proliferation of nuclear weapons;1968
73/62,treaty on the non-proliferation of nuclear weapons,treaty on the non-proliferation of nuclear weapons;1968
73/64,treaty on the non-proliferation of nuclear weapons,treaty on the non-proliferation of nuclear weapons;1968
73/65,treaty on the non-proliferation of nuclear weapons,treaty on the non-proliferation of nuclear weapons;1968
73/68,treaty on the non-proliferation of nuclear weapons,treaty on the non-proliferation of nuclear weapons;1968
73/70,treaty on the non-proliferation of nuclear weapons,treaty on the non-proliferation of nuclear weapons;1968
73/71,treaty on the non-proliferation of nuclear weapons,treaty on the non-proliferation of nuclear weapons;1968
73/83,treaty on the non-proliferation of nuclear weapons,treaty on the non-proliferation of nuclear weapons;1968
73/86,treaty on the non-proliferation of nuclear weapons,treaty on the non-proliferation of nuclear weapons;1968
73/194,treaty on the non-proliferation of nuclear weapons,treaty on the non-proliferation of nuclear weapons;1968
73/334,treaty on the non-proliferation of nuclear weapons,treaty on the non-proliferation of nuclear weapons;1968
s-10/2,treaty on the non-proliferation of nuclear weapons,treaty on the non-proliferation of nuclear weapons;1968
1780 (xvii),convention on the elimination of all forms of racial discrimination,convention on the elimination of all forms of racial discrimination;1969
1906 (xviii),convention on the elimination of all forms of racial discrimination,convention on the elimination of all forms of racial discrimination;1969
2081 (xx),convention on the elimination of all forms of racial discrimination,convention on the elimination of all forms of racial discrimination;1969
2106 a (xx),convention on the elimination of all forms of racial discrimination,convention on the elimination of all forms of racial discrimination;1969
2106 b (xx),convention on the elimination of all forms of racial discrimination,convention on the elimination of all forms of racial discrimination;1969
2142 (xxi),convention on the elimination of all forms of racial discrimination,convention on the elimination of all forms of racial discrimination;1969
2144 a (xxi),convention on the elimination of all forms of racial discrimination,convention on the elimination of all forms of racial discrimination;1969
2217 b (xxi),convention on the elimination of all forms of racial discrimination,convention on the elimination of all forms of racial discrimination;1969
2332 (xxii),convention on the elimination of all forms of racial discrimination,convention on the elimination of all forms of racial discrimination;1969
2438 (xxiii),convention on the elimination of all forms of racial discrimination,convention on the elimination of all forms of racial discrimination;1969
2497 (xxiv),convention on the elimination of all forms of racial discrimination,convention on the elimination of all forms of racial discrimination;1969
2542 (xxiv),convention on the elimination of all forms of racial discrimination,convention on the elimination of all forms of racial discrimination;1969
2544 (xxiv),convention on the elimination of all forms of racial discrimination,convention on the elimination of all forms of racial discrimination;1969
2627 (xxv),convention on the elimination of all forms of racial discrimination,convention on the elimination of all forms of racial discrimination;1969
2646 (xxv),convention on the elimination of all forms of racial discrimination,convention on the elimination of all forms of racial discrimination;1969
2647 (xxv),convention on the elimination of all forms of racial discrimination,convention on the elimination of all forms of racial discrimination;1969
2648 (xxv),convention on the elimination of all forms of racial discrimination,convention on the elimination of all forms of racial discrimination;1969
2783 (xxvi),convention on the elimination of all forms of racial discrimination,convention on the elimination of all forms of racial discrimination;1969
2784 (xxvi),convention on the elimination of all forms of racial discrimination,convention on the elimination of all forms of racial discrimination;1969
2839 (xxvi),convention on the elimination of all forms of racial discrimination,convention on the elimination of all forms of racial discrimination;1969
2920 (xxvii),convention on the elimination of all forms of racial discrimination,convention on the elimination of all forms of racial discrimination;1969
3057 (xxviii),convention on the elimination of all forms of racial discrimination,convention on the elimination of all forms of racial discrimination;1969
3060 (xxviii),convention on the elimination of all forms of racial discrimination,convention on the elimination of all forms of racial discrimination;1969
3134 (xxviii),convention on the elimination of all forms of racial discrimination,convention on the elimination of all forms of racial discrimination;1969
3135 (xxviii),convention on the elimination of all forms of racial discrimination,convention on the elimination of all forms of racial discrimination;1969
3225 (xxix),convention on the elimination of all forms of racial discrimination,convention on the elimination of all forms of racial discrimination;1969
3266 (xxix),convention on the elimination of all forms of racial discrimination,convention on the elimination of all forms of racial discrimination;1969
3377 (xxx),convention on the elimination of all forms of racial discrimination,convention on the elimination of all forms of racial discrimination;1969
3381 (xxx),convention on the elimination of all forms of racial discrimination,convention on the elimination of all forms of racial discrimination;1969
31/77,convention on the elimination of all forms of racial discrimination,convention on the elimination of all forms of racial discrimination;1969
31/79,convention on the elimination of all forms of racial discrimination,convention on the elimination of all forms of racial discrimination;1969
31/81,convention on the elimination of all forms of racial discrimination,convention on the elimination of all forms of racial discrimination;1969
31/127,convention on the elimination of all forms of racial discrimination,convention on the elimination of all forms of racial discrimination;1969
32/13,convention on the elimination of all forms of racial discrimination,convention on the elimination of all forms of racial discrimination;1969
32/120,convention on the elimination of all forms of racial discrimination,convention on the elimination of all forms of racial discrimination;1969
33/101,convention on the elimination of all forms of racial discrimination,convention on the elimination of all forms of racial discrimination;1969
33/102,convention on the elimination of all forms of racial discrimination,convention on the elimination of all forms of racial discrimination;1969
33/163,convention on the elimination of all forms of racial discrimination,convention on the elimination of all forms of racial discrimination;1969
33/179,convention on the elimination of all forms of racial discrimination,convention on the elimination of all forms of racial discrimination;1969
34/24,convention on the elimination of all forms of racial discrimination,convention on the elimination of all forms of racial discrimination;1969
34/26,convention on the elimination of all forms of racial discrimination,convention on the elimination of all forms of racial discrimination;1969
34/28,convention on the elimination of all forms of racial discrimination,convention on the elimination of all forms of racial discrimination;1969
34/169,convention on the elimination of all forms of racial discrimination,convention on the elimination of all forms of racial discrimination;1969
35/38,convention on the elimination of all forms of racial discrimination,convention on the elimination of all forms of racial discrimination;1969
35/40,convention on the elimination of all forms of racial discrimination,convention on the elimination of all forms of racial discrimination;1969
35/198,convention on the elimination of all forms of racial discrimination,convention on the elimination of all forms of racial discrimination;1969
36/11,convention on the elimination of all forms of racial discrimination,convention on the elimination of all forms of racial discrimination;1969
36/12,convention on the elimination of all forms of racial discrimination,convention on the elimination of all forms of racial discrimination;1969
36/121 c,convention on the elimination of all forms of racial discrimination,convention on the elimination of all forms of racial discrimination;1969
36/162,convention on the elimination of all forms of racial discrimination,convention on the elimination of all forms of racial discrimination;1969
37/44,convention on the elimination of all forms of racial discrimination,convention on the elimination of all forms of racial discrimination;1969
37/45,convention on the elimination of all forms of racial discrimination,convention on the elimination of all forms of racial discrimination;1969
37/46,convention on the elimination of all forms of racial discrimination,convention on the elimination of all forms of racial discrimination;1969
37/179,convention on the elimination of all forms of racial discrimination,convention on the elimination of all forms of racial discrimination;1969
38/14,convention on the elimination of all forms of racial discrimination,convention on the elimination of all forms of racial discrimination;1969
38/18,convention on the elimination of all forms of racial discrimination,convention on the elimination of all forms of racial discrimination;1969
38/20,convention on the elimination of all forms of racial discrimination,convention on the elimination of all forms of racial discrimination;1969
38/21,convention on the elimination of all forms of racial discrimination,convention on the elimination of all forms of racial discrimination;1969
38/57,convention on the elimination of all forms of racial discrimination,convention on the elimination of all forms of racial discrimination;1969
38/99,convention on the elimination of all forms of racial discrimination,convention on the elimination of all forms of racial discrimination;1969
39/16,convention on the elimination of all forms of racial discrimination,convention on the elimination of all forms of racial discrimination;1969
39/20,convention on the elimination of all forms of racial discrimination,convention on the elimination of all forms of racial discrimination;1969
39/21,convention on the elimination of all forms of racial discrimination,convention on the elimination of all forms of racial discrimination;1969
39/102,convention on the elimination of all forms of racial discrimination,convention on the elimination of all forms of racial discrimination;1969
39/114,convention on the elimination of all forms of racial discrimination,convention on the elimination of all forms of racial discrimination;1969
40/22,convention on the elimination of all forms of racial discrimination,convention on the elimination of all forms of racial discrimination;1969
40/26,convention on the elimination of all forms of racial discrimination,convention on the elimination of all forms of racial discrimination;1969
40/28,convention on the elimination of all forms of racial discrimination,convention on the elimination of all forms of racial discrimination;1969
40/64 g,convention on the elimination of all forms of racial discrimination,convention on the elimination of all forms of racial discrimination;1969
40/116,convention on the elimination of all forms of racial discrimination,convention on the elimination of all forms of racial discrimination;1969
40/130,convention on the elimination of all forms of racial discrimination,convention on the elimination of all forms of racial discrimination;1969
40/148,convention on the elimination of all forms of racial discrimination,convention on the elimination of all forms of racial discrimination;1969
41/94,convention on the elimination of all forms of racial discrimination,convention on the elimination of all forms of racial discrimination;1969
41/104,convention on the elimination of all forms of racial discrimination,convention on the elimination of all forms of racial discrimination;1969
41/105,convention on the elimination of all forms of racial discrimination,convention on the elimination of all forms of racial discrimination;1969
41/121,convention on the elimination of all forms of racial discrimination,convention on the elimination of all forms of racial discrimination;1969
41/149,convention on the elimination of all forms of racial discrimination,convention on the elimination of all forms of racial discrimination;1969
41/151,convention on the elimination of all forms of racial discrimination,convention on the elimination of all forms of racial discrimination;1969
42/47,convention on the elimination of all forms of racial discrimination,convention on the elimination of all forms of racial discrimination;1969
42/57,convention on the elimination of all forms of racial discrimination,convention on the elimination of all forms of racial discrimination;1969
42/105,convention on the elimination of all forms of racial discrimination,convention on the elimination of all forms of racial discrimination;1969
42/140,convention on the elimination of all forms of racial discrimination,convention on the elimination of all forms of racial discrimination;1969
42/143,convention on the elimination of all forms of racial discrimination,convention on the elimination of all forms of racial discrimination;1969
43/90,convention on the elimination of all forms of racial discrimination,convention on the elimination of all forms of racial discrimination;1969
43/91,convention on the elimination of all forms of racial discrimination,convention on the elimination of all forms of racial discrimination;1969
43/95,convention on the elimination of all forms of racial discrimination,convention on the elimination of all forms of racial discrimination;1969
43/96,convention on the elimination of all forms of racial discrimination,convention on the elimination of all forms of racial discrimination;1969
43/146,convention on the elimination of all forms of racial discrimination,convention on the elimination of all forms of racial discrimination;1969
44/52,convention on the elimination of all forms of racial discrimination,convention on the elimination of all forms of racial discrimination;1969
44/68,convention on the elimination of all forms of racial discrimination,convention on the elimination of all forms of racial discrimination;1969
44/155,convention on the elimination of all forms of racial discrimination,convention on the elimination of all forms of racial discrimination;1969
44/162,convention on the elimination of all forms of racial discrimination,convention on the elimination of all forms of racial discrimination;1969
45/88,convention on the elimination of all forms of racial discrimination,convention on the elimination of all forms of racial discrimination;1969
45/89,convention on the elimination of all forms of racial discrimination,convention on the elimination of all forms of racial discrimination;1969
45/158,convention on the elimination of all forms of racial discrimination,convention on the elimination of all forms of racial discrimination;1969
45/166,convention on the elimination of all forms of racial discrimination,convention on the elimination of all forms of racial discrimination;1969
45/175,convention on the elimination of all forms of racial discrimination,convention on the elimination of all forms of racial discrimination;1969
46/83,convention on the elimination of all forms of racial discrimination,convention on the elimination of all forms of racial discrimination;1969
46/85,convention on the elimination of all forms of racial discrimination,convention on the elimination of all forms of racial discrimination;1969
46/114,convention on the elimination of all forms of racial discrimination,convention on the elimination of all forms of racial discrimination;1969
46/120,convention on the elimination of all forms of racial discrimination,convention on the elimination of all forms of racial discrimination;1969
46/140,convention on the elimination of all forms of racial discrimination,convention on the elimination of all forms of racial discrimination;1969
47/77,convention on the elimination of all forms of racial discrimination,convention on the elimination of all forms of racial discrimination;1969
47/78,convention on the elimination of all forms of racial discrimination,convention on the elimination of all forms of racial discrimination;1969
47/80,convention on the elimination of all forms of racial discrimination,convention on the elimination of all forms of racial discrimination;1969
47/110,convention on the elimination of all forms of racial discrimination,convention on the elimination of all forms of racial discrimination;1969
47/111,convention on the elimination of all forms of racial discrimination,convention on the elimination of all forms of racial discrimination;1969
47/135,convention on the elimination of all forms of racial discrimination,convention on the elimination of all forms of racial discrimination;1969
47/142,convention on the elimination of all forms of racial discrimination,convention on the elimination of all forms of racial discrimination;1969
47/147,convention on the elimination of all forms of racial discrimination,convention on the elimination of all forms of racial discrimination;1969
48/90,convention on the elimination of all forms of racial discrimination,convention on the elimination of all forms of racial discrimination;1969
48/91,convention on the elimination of all forms of racial discrimination,convention on the elimination of all forms of racial discrimination;1969
48/120,convention on the elimination of all forms of racial discrimination,convention on the elimination of all forms of racial discrimination;1969
48/137,convention on the elimination of all forms of racial discrimination,convention on the elimination of all forms of racial discrimination;1969
48/143,convention on the elimination of all forms of racial discrimination,convention on the elimination of all forms of racial discrimination;1969
48/147,convention on the elimination of all forms of racial discrimination,convention on the elimination of all forms of racial discrimination;1969
48/148,convention on the elimination of all forms of racial discrimination,convention on the elimination of all forms of racial discrimination;1969
48/153,convention on the elimination of all forms of racial discrimination,convention on the elimination of all forms of racial discrimination;1969
49/127,convention on the elimination of all forms of racial discrimination,convention on the elimination of all forms of racial discrimination;1969
49/144,convention on the elimination of all forms of racial discrimination,convention on the elimination of all forms of racial discrimination;1969
49/145,convention on the elimination of all forms of racial discrimination,convention on the elimination of all forms of racial discrimination;1969
49/146,convention on the elimination of all forms of racial discrimination,convention on the elimination of all forms of racial discrimination;1969
49/175,convention on the elimination of all forms of racial discrimination,convention on the elimination of all forms of racial discrimination;1969
49/178,convention on the elimination of all forms of racial discrimination,convention on the elimination of all forms of racial discrimination;1969
49/196,convention on the elimination of all forms of racial discrimination,convention on the elimination of all forms of racial discrimination;1969
49/198,convention on the elimination of all forms of racial discrimination,convention on the elimination of all forms of racial discrimination;1969
49/204,convention on the elimination of all forms of racial discrimination,convention on the elimination of all forms of racial discrimination;1969
49/221 c,convention on the elimination of all forms of racial discrimination,convention on the elimination of all forms of racial discrimination;1969
50/136,convention on the elimination of all forms of racial discrimination,convention on the elimination of all forms of racial discrimination;1969
50/137,convention on the elimination of all forms of racial discrimination,convention on the elimination of all forms of racial discrimination;1969
50/169,convention on the elimination of all forms of racial discrimination,convention on the elimination of all forms of racial discrimination;1969
50/170,convention on the elimination of all forms of racial discrimination,convention on the elimination of all forms of racial discrimination;1969
50/190,convention on the elimination of all forms of racial discrimination,convention on the elimination of all forms of racial discrimination;1969
50/193,convention on the elimination of all forms of racial discrimination,convention on the elimination of all forms of racial discrimination;1969
50/197,convention on the elimination of all forms of racial discrimination,convention on the elimination of all forms of racial discrimination;1969
51/79,convention on the elimination of all forms of racial discrimination,convention on the elimination of all forms of racial discrimination;1969
51/80,convention on the elimination of all forms of racial discrimination,convention on the elimination of all forms of racial discrimination;1969
51/81,convention on the elimination of all forms of racial discrimination,convention on the elimination of all forms of racial discrimination;1969
51/85,convention on the elimination of all forms of racial discrimination,convention on the elimination of all forms of racial discrimination;1969
51/87,convention on the elimination of all forms of racial discrimination,convention on the elimination of all forms of racial discrimination;1969
51/109,convention on the elimination of all forms of racial discrimination,convention on the elimination of all forms of racial discrimination;1969
51/111,convention on the elimination of all forms of racial discrimination,convention on the elimination of all forms of racial discrimination;1969
51/112,convention on the elimination of all forms of racial discrimination,convention on the elimination of all forms of racial discrimination;1969
52/109,convention on the elimination of all forms of racial discrimination,convention on the elimination of all forms of racial discrimination;1969
52/110,convention on the elimination of all forms of racial discrimination,convention on the elimination of all forms of racial discrimination;1969
52/111,convention on the elimination of all forms of racial discrimination,convention on the elimination of all forms of racial discrimination;1969
52/115,convention on the elimination of all forms of racial discrimination,convention on the elimination of all forms of racial discrimination;1969
52/118,convention on the elimination of all forms of racial discrimination,convention on the elimination of all forms of racial discrimination;1969
52/124,convention on the elimination of all forms of racial discrimination,convention on the elimination of all forms of racial discrimination;1969
52/127,convention on the elimination of all forms of racial discrimination,convention on the elimination of all forms of racial discrimination;1969
52/140,convention on the elimination of all forms of racial discrimination,convention on the elimination of all forms of racial discrimination;1969
52/144,convention on the elimination of all forms of racial discrimination,convention on the elimination of all forms of racial discrimination;1969
52/189,convention on the elimination of all forms of racial discrimination,convention on the elimination of all forms of racial discrimination;1969
53/131,convention on the elimination of all forms of racial discrimination,convention on the elimination of all forms of racial discrimination;1969
53/132,convention on the elimination of all forms of racial discrimination,convention on the elimination of all forms of racial discrimination;1969
53/133,convention on the elimination of all forms of racial discrimination,convention on the elimination of all forms of racial discrimination;1969
53/138,convention on the elimination of all forms of racial discrimination,convention on the elimination of all forms of racial discrimination;1969
53/153,convention on the elimination of all forms of racial discrimination,convention on the elimination of all forms of racial discrimination;1969
53/160,convention on the elimination of all forms of racial discrimination,convention on the elimination of all forms of racial discrimination;1969
53/161,convention on the elimination of all forms of racial discrimination,convention on the elimination of all forms of racial discrimination;1969
53/162,convention on the elimination of all forms of racial discrimination,convention on the elimination of all forms of racial discrimination;1969
54/153,convention on the elimination of all forms of racial discrimination,convention on the elimination of all forms of racial discrimination;1969
54/154,convention on the elimination of all forms of racial discrimination,convention on the elimination of all forms of racial discrimination;1969
54/158,convention on the elimination of all forms of racial discrimination,convention on the elimination of all forms of racial discrimination;1969
54/160,convention on the elimination of all forms of racial discrimination,convention on the elimination of all forms of racial discrimination;1969
54/161,convention on the elimination of all forms of racial discrimination,convention on the elimination of all forms of racial discrimination;1969
54/163,convention on the elimination of all forms of racial discrimination,convention on the elimination of all forms of racial discrimination;1969
54/166,convention on the elimination of all forms of racial discrimination,convention on the elimination of all forms of racial discrimination;1969
54/171,convention on the elimination of all forms of racial discrimination,convention on the elimination of all forms of racial discrimination;1969
54/212,convention on the elimination of all forms of racial discrimination,convention on the elimination of all forms of racial discrimination;1969
55/68,convention on the elimination of all forms of racial discrimination,convention on the elimination of all forms of racial discrimination;1969
55/81,convention on the elimination of all forms of racial discrimination,convention on the elimination of all forms of racial discrimination;1969
55/82,convention on the elimination of all forms of racial discrimination,convention on the elimination of all forms of racial discrimination;1969
55/83,convention on the elimination of all forms of racial discrimination,convention on the elimination of all forms of racial discrimination;1969
55/84,convention on the elimination of all forms of racial discrimination,convention on the elimination of all forms of racial discrimination;1969
55/88,convention on the elimination of all forms of racial discrimination,convention on the elimination of all forms of racial discrimination;1969
55/90,convention on the elimination of all forms of racial discrimination,convention on the elimination of all forms of racial discrimination;1969
55/92,convention on the elimination of all forms of racial discrimination,convention on the elimination of all forms of racial discrimination;1969
55/94,convention on the elimination of all forms of racial discrimination,convention on the elimination of all forms of racial discrimination;1969
55/95,convention on the elimination of all forms of racial discrimination,convention on the elimination of all forms of racial discrimination;1969
55/114,convention on the elimination of all forms of racial discrimination,convention on the elimination of all forms of racial discrimination;1969
55/117,convention on the elimination of all forms of racial discrimination,convention on the elimination of all forms of racial discrimination;1969
55/234,convention on the elimination of all forms of racial discrimination,convention on the elimination of all forms of racial discrimination;1969
56/145,convention on the elimination of all forms of racial discrimination,convention on the elimination of all forms of racial discrimination;1969
56/161,convention on the elimination of all forms of racial discrimination,convention on the elimination of all forms of racial discrimination;1969
56/169,convention on the elimination of all forms of racial discrimination,convention on the elimination of all forms of racial discrimination;1969
56/170,convention on the elimination of all forms of racial discrimination,convention on the elimination of all forms of racial discrimination;1969
56/171,convention on the elimination of all forms of racial discrimination,convention on the elimination of all forms of racial discrimination;1969
56/173,convention on the elimination of all forms of racial discrimination,convention on the elimination of all forms of racial discrimination;1969
56/203,convention on the elimination of all forms of racial discrimination,convention on the elimination of all forms of racial discrimination;1969
56/267,convention on the elimination of all forms of racial discrimination,convention on the elimination of all forms of racial discrimination;1969
56/268,convention on the elimination of all forms of racial discrimination,convention on the elimination of all forms of racial discrimination;1969
57/181,convention on the elimination of all forms of racial discrimination,convention on the elimination of all forms of racial discrimination;1969
57/194,convention on the elimination of all forms of racial discrimination,convention on the elimination of all forms of racial discrimination;1969
57/195,convention on the elimination of all forms of racial discrimination,convention on the elimination of all forms of racial discrimination;1969
57/201,convention on the elimination of all forms of racial discrimination,convention on the elimination of all forms of racial discrimination;1969
57/218,convention on the elimination of all forms of racial discrimination,convention on the elimination of all forms of racial discrimination;1969
57/225,convention on the elimination of all forms of racial discrimination,convention on the elimination of all forms of racial discrimination;1969
57/231,convention on the elimination of all forms of racial discrimination,convention on the elimination of all forms of racial discrimination;1969
57/233,convention on the elimination of all forms of racial discrimination,convention on the elimination of all forms of racial discrimination;1969
58/159,convention on the elimination of all forms of racial discrimination,convention on the elimination of all forms of racial discrimination;1969
58/160,convention on the elimination of all forms of racial discrimination,convention on the elimination of all forms of racial discrimination;1969
58/166,convention on the elimination of all forms of racial discrimination,convention on the elimination of all forms of racial discrimination;1969
58/173,convention on the elimination of all forms of racial discrimination,convention on the elimination of all forms of racial discrimination;1969
58/183,convention on the elimination of all forms of racial discrimination,convention on the elimination of all forms of racial discrimination;1969
58/190,convention on the elimination of all forms of racial discrimination,convention on the elimination of all forms of racial discrimination;1969
58/191,convention on the elimination of all forms of racial discrimination,convention on the elimination of all forms of racial discrimination;1969
58/195,convention on the elimination of all forms of racial discrimination,convention on the elimination of all forms of racial discrimination;1969
58/314,convention on the elimination of all forms of racial discrimination,convention on the elimination of all forms of racial discrimination;1969
59/167,convention on the elimination of all forms of racial discrimination,convention on the elimination of all forms of racial discrimination;1969
59/175,convention on the elimination of all forms of racial discrimination,convention on the elimination of all forms of racial discrimination;1969
59/176,convention on the elimination of all forms of racial discrimination,convention on the elimination of all forms of racial discrimination;1969
59/177,convention on the elimination of all forms of racial discrimination,convention on the elimination of all forms of racial discrimination;1969
59/194,convention on the elimination of all forms of racial discrimination,convention on the elimination of all forms of racial discrimination;1969
59/205,convention on the elimination of all forms of racial discrimination,convention on the elimination of all forms of racial discrimination;1969
59/206,convention on the elimination of all forms of racial discrimination,convention on the elimination of all forms of racial discrimination;1969
60/143,convention on the elimination of all forms of racial discrimination,convention on the elimination of all forms of racial discrimination;1969
60/144,convention on the elimination of all forms of racial discrimination,convention on the elimination of all forms of racial discrimination;1969
60/147,convention on the elimination of all forms of racial discrimination,convention on the elimination of all forms of racial discrimination;1969
60/159,convention on the elimination of all forms of racial discrimination,convention on the elimination of all forms of racial discrimination;1969
60/169,convention on the elimination of all forms of racial discrimination,convention on the elimination of all forms of racial discrimination;1969
60/171,convention on the elimination of all forms of racial discrimination,convention on the elimination of all forms of racial discrimination;1969
60/172,convention on the elimination of all forms of racial discrimination,convention on the elimination of all forms of racial discrimination;1969
60/174,convention on the elimination of all forms of racial discrimination,convention on the elimination of all forms of racial discrimination;1969
61/106,convention on the elimination of all forms of racial discrimination,convention on the elimination of all forms of racial discrimination;1969
61/147,convention on the elimination of all forms of racial discrimination,convention on the elimination of all forms of racial discrimination;1969
61/148,convention on the elimination of all forms of racial discrimination,convention on the elimination of all forms of racial discrimination;1969
61/149,convention on the elimination of all forms of racial discrimination,convention on the elimination of all forms of racial discrimination;1969
61/157,convention on the elimination of all forms of racial discrimination,convention on the elimination of all forms of racial discrimination;1969
61/165,convention on the elimination of all forms of racial discrimination,convention on the elimination of all forms of racial discrimination;1969
61/175,convention on the elimination of all forms of racial discrimination,convention on the elimination of all forms of racial discrimination;1969
61/176,convention on the elimination of all forms of racial discrimination,convention on the elimination of all forms of racial discrimination;1969
61/208,convention on the elimination of all forms of racial discrimination,convention on the elimination of all forms of racial discrimination;1969
62/142,convention on the elimination of all forms of racial discrimination,convention on the elimination of all forms of racial discrimination;1969
62/168,convention on the elimination of all forms of racial discrimination,convention on the elimination of all forms of racial discrimination;1969
62/169,convention on the elimination of all forms of racial discrimination,convention on the elimination of all forms of racial discrimination;1969
62/220,convention on the elimination of all forms of racial discrimination,convention on the elimination of all forms of racial discrimination;1969
63/162,convention on the elimination of all forms of racial discrimination,convention on the elimination of all forms of racial discrimination;1969
63/171,convention on the elimination of all forms of racial discrimination,convention on the elimination of all forms of racial discrimination;1969
63/175,convention on the elimination of all forms of racial discrimination,convention on the elimination of all forms of racial discrimination;1969
63/242,convention on the elimination of all forms of racial discrimination,convention on the elimination of all forms of racial discrimination;1969
63/243,convention on the elimination of all forms of racial discrimination,convention on the elimination of all forms of racial discrimination;1969
64/147,convention on the elimination of all forms of racial discrimination,convention on the elimination of all forms of racial discrimination;1969
64/148,convention on the elimination of all forms of racial discrimination,convention on the elimination of all forms of racial discrimination;1969
64/155,convention on the elimination of all forms of racial discrimination,convention on the elimination of all forms of racial discrimination;1969
64/156,convention on the elimination of all forms of racial discrimination,convention on the elimination of all forms of racial discrimination;1969
64/169,convention on the elimination of all forms of racial discrimination,convention on the elimination of all forms of racial discrimination;1969
64/290,convention on the elimination of all forms of racial discrimination,convention on the elimination of all forms of racial discrimination;1969
64/292,convention on the elimination of all forms of racial discrimination,convention on the elimination of all forms of racial discrimination;1969
65/170,convention on the elimination of all forms of racial discrimination,convention on the elimination of all forms of racial discrimination;1969
65/199,convention on the elimination of all forms of racial discrimination,convention on the elimination of all forms of racial discrimination;1969
65/200,convention on the elimination of all forms of racial discrimination,convention on the elimination of all forms of racial discrimination;1969
65/212,convention on the elimination of all forms of racial discrimination,convention on the elimination of all forms of racial discrimination;1969
65/214,convention on the elimination of all forms of racial discrimination,convention on the elimination of all forms of racial discrimination;1969
65/224,convention on the elimination of all forms of racial discrimination,convention on the elimination of all forms of racial discrimination;1969
65/240,convention on the elimination of all forms of racial discrimination,convention on the elimination of all forms of racial discrimination;1969
66/3,convention on the elimination of all forms of racial discrimination,convention on the elimination of all forms of racial discrimination;1969
66/143,convention on the elimination of all forms of racial discrimination,convention on the elimination of all forms of racial discrimination;1969
66/144,convention on the elimination of all forms of racial discrimination,convention on the elimination of all forms of racial discrimination;1969
66/163,convention on the elimination of all forms of racial discrimination,convention on the elimination of all forms of racial discrimination;1969
66/172,convention on the elimination of all forms of racial discrimination,convention on the elimination of all forms of racial discrimination;1969
67/154,convention on the elimination of all forms of racial discrimination,convention on the elimination of all forms of racial discrimination;1969
67/155,convention on the elimination of all forms of racial discrimination,convention on the elimination of all forms of racial discrimination;1969
67/156,convention on the elimination of all forms of racial discrimination,convention on the elimination of all forms of racial discrimination;1969
67/164,convention on the elimination of all forms of racial discrimination,convention on the elimination of all forms of racial discrimination;1969
67/172,convention on the elimination of all forms of racial discrimination,convention on the elimination of all forms of racial discrimination;1969
67/219,convention on the elimination of all forms of racial discrimination,convention on the elimination of all forms of racial discrimination;1969
68/150,convention on the elimination of all forms of racial discrimination,convention on the elimination of all forms of racial discrimination;1969
68/151,convention on the elimination of all forms of racial discrimination,convention on the elimination of all forms of racial discrimination;1969
68/157,convention on the elimination of all forms of racial discrimination,convention on the elimination of all forms of racial discrimination;1969
68/164,convention on the elimination of all forms of racial discrimination,convention on the elimination of all forms of racial discrimination;1969
68/179,convention on the elimination of all forms of racial discrimination,convention on the elimination of all forms of racial discrimination;1969
69/16,convention on the elimination of all forms of racial discrimination,convention on the elimination of all forms of racial discrimination;1969
69/160,convention on the elimination of all forms of racial discrimination,convention on the elimination of all forms of racial discrimination;1969
69/161,convention on the elimination of all forms of racial discrimination,convention on the elimination of all forms of racial discrimination;1969
69/162,convention on the elimination of all forms of racial discrimination,convention on the elimination of all forms of racial discrimination;1969
69/167,convention on the elimination of all forms of racial discrimination,convention on the elimination of all forms of racial discrimination;1969
69/183,convention on the elimination of all forms of racial discrimination,convention on the elimination of all forms of racial discrimination;1969
69/187,convention on the elimination of all forms of racial discrimination,convention on the elimination of all forms of racial discrimination;1969
69/229,convention on the elimination of all forms of racial discrimination,convention on the elimination of all forms of racial discrimination;1969
70/137,convention on the elimination of all forms of racial discrimination,convention on the elimination of all forms of racial discrimination;1969
70/139,convention on the elimination of all forms of racial discrimination,convention on the elimination of all forms of racial discrimination;1969
70/140,convention on the elimination of all forms of racial discrimination,convention on the elimination of all forms of racial discrimination;1969
70/147,convention on the elimination of all forms of racial discrimination,convention on the elimination of all forms of racial discrimination;1969
70/169,convention on the elimination of all forms of racial discrimination,convention on the elimination of all forms of racial discrimination;1969
70/229,convention on the elimination of all forms of racial discrimination,convention on the elimination of all forms of racial discrimination;1969
71/179,convention on the elimination of all forms of racial discrimination,convention on the elimination of all forms of racial discrimination;1969
71/180,convention on the elimination of all forms of racial discrimination,convention on the elimination of all forms of racial discrimination;1969
71/181,convention on the elimination of all forms of racial discrimination,convention on the elimination of all forms of racial discrimination;1969
71/185,convention on the elimination of all forms of racial discrimination,convention on the elimination of all forms of racial discrimination;1969
71/186,convention on the elimination of all forms of racial discrimination,convention on the elimination of all forms of racial discrimination;1969
71/237,convention on the elimination of all forms of racial discrimination,convention on the elimination of all forms of racial discrimination;1969
72/140,convention on the elimination of all forms of racial discrimination,convention on the elimination of all forms of racial discrimination;1969
72/156,convention on the elimination of all forms of racial discrimination,convention on the elimination of all forms of racial discrimination;1969
72/157,convention on the elimination of all forms of racial discrimination,convention on the elimination of all forms of racial discrimination;1969
72/164,convention on the elimination of all forms of racial discrimination,convention on the elimination of all forms of racial discrimination;1969
72/178,convention on the elimination of all forms of racial discrimination,convention on the elimination of all forms of racial discrimination;1969
72/179,convention on the elimination of all forms of racial discrimination,convention on the elimination of all forms of racial discrimination;1969
72/190,convention on the elimination of all forms of racial discrimination,convention on the elimination of all forms of racial discrimination;1969
73/157,convention on the elimination of all forms of racial discrimination,convention on the elimination of all forms of racial discrimination;1969
73/162,convention on the elimination of all forms of racial discrimination,convention on the elimination of all forms of racial discrimination;1969
73/163,convention on the elimination of all forms of racial discrimination,convention on the elimination of all forms of racial discrimination;1969
73/165,convention on the elimination of all forms of racial discrimination,convention on the elimination of all forms of racial discrimination;1969
73/181,convention on the elimination of all forms of racial discrimination,convention on the elimination of all forms of racial discrimination;1969
73/195,convention on the elimination of all forms of racial discrimination,convention on the elimination of all forms of racial discrimination;1969
73/241,convention on the elimination of all forms of racial discrimination,convention on the elimination of all forms of racial discrimination;1969
73/262,convention on the elimination of all forms of racial discrimination,convention on the elimination of all forms of racial discrimination;1969
73/263,convention on the elimination of all forms of racial discrimination,convention on the elimination of all forms of racial discrimination;1969
s-24/2,convention on the elimination of all forms of racial discrimination,convention on the elimination of all forms of racial discrimination;1969
2501 (xxiv),vienna convention on the law of treaties,vienna convention on the law of treaties;1969
2534 (xxiv),vienna convention on the law of treaties,vienna convention on the law of treaties;1969
3233 (xxix),vienna convention on the law of treaties,vienna convention on the law of treaties;1969
32/144,vienna convention on the law of treaties,vienna convention on the law of treaties;1969
35/156 k,vienna convention on the law of treaties,vienna convention on the law of treaties;1969
37/112,vienna convention on the law of treaties,vienna convention on the law of treaties;1969
40/76,vienna convention on the law of treaties,vienna convention on the law of treaties;1969
52/153,vienna convention on the law of treaties,vienna convention on the law of treaties;1969
53/100,vienna convention on the law of treaties,vienna convention on the law of treaties;1969
54/28,vienna convention on the law of treaties,vienna convention on the law of treaties;1969
57/26,vienna convention on the law of treaties,vienna convention on the law of treaties;1969
57/228 b,vienna convention on the law of treaties,vienna convention on the law of treaties;1969
58/314,vienna convention on the law of treaties,vienna convention on the law of treaties;1969
73/202,vienna convention on the law of treaties,vienna convention on the law of treaties;1969
73/210,vienna convention on the law of treaties,vienna convention on the law of treaties;1969
3013 (xxvii),convention on psychotropic substances,convention on psychotropic substances;1971
3147 (xxviii),convention on psychotropic substances,convention on psychotropic substances;1971
3443 (xxx),convention on psychotropic substances,convention on psychotropic substances;1971
31/125,convention on psychotropic substances,convention on psychotropic substances;1971
32/126,convention on psychotropic substances,convention on psychotropic substances;1971
33/168,convention on psychotropic substances,convention on psychotropic substances;1971
35/195,convention on psychotropic substances,convention on psychotropic substances;1971
39/141,convention on psychotropic substances,convention on psychotropic substances;1971
39/142,convention on psychotropic substances,convention on psychotropic substances;1971
40/120,convention on psychotropic substances,convention on psychotropic substances;1971
40/122,convention on psychotropic substances,convention on psychotropic substances;1971
41/126,convention on psychotropic substances,convention on psychotropic substances;1971
42/111,convention on psychotropic substances,convention on psychotropic substances;1971
43/120,convention on psychotropic substances,convention on psychotropic substances;1971
44/140,convention on psychotropic substances,convention on psychotropic substances;1971
46/103,convention on psychotropic substances,convention on psychotropic substances;1971
47/102,convention on psychotropic substances,convention on psychotropic substances;1971
48/12,convention on psychotropic substances,convention on psychotropic substances;1971
48/112,convention on psychotropic substances,convention on psychotropic substances;1971
49/168,convention on psychotropic substances,convention on psychotropic substances;1971
50/148,convention on psychotropic substances,convention on psychotropic substances;1971
51/60,convention on psychotropic substances,convention on psychotropic substances;1971
51/64,convention on psychotropic substances,convention on psychotropic substances;1971
52/92,convention on psychotropic substances,convention on psychotropic substances;1971
53/115,convention on psychotropic substances,convention on psychotropic substances;1971
54/132,convention on psychotropic substances,convention on psychotropic substances;1971
55/65,convention on psychotropic substances,convention on psychotropic substances;1971
56/124,convention on psychotropic substances,convention on psychotropic substances;1971
57/174,convention on psychotropic substances,convention on psychotropic substances;1971
58/141,convention on psychotropic substances,convention on psychotropic substances;1971
59/160,convention on psychotropic substances,convention on psychotropic substances;1971
59/163,convention on psychotropic substances,convention on psychotropic substances;1971
60/178,convention on psychotropic substances,convention on psychotropic substances;1971
61/183,convention on psychotropic substances,convention on psychotropic substances;1971
62/176,convention on psychotropic substances,convention on psychotropic substances;1971
63/197,convention on psychotropic substances,convention on psychotropic substances;1971
64/182,convention on psychotropic substances,convention on psychotropic substances;1971
65/233,convention on psychotropic substances,convention on psychotropic substances;1971
66/183,convention on psychotropic substances,convention on psychotropic substances;1971
67/193,convention on psychotropic substances,convention on psychotropic substances;1971
68/193,convention on psychotropic substances,convention on psychotropic substances;1971
68/196,convention on psychotropic substances,convention on psychotropic substances;1971
68/197,convention on psychotropic substances,convention on psychotropic substances;1971
69/197,convention on psychotropic substances,convention on psychotropic substances;1971
69/200,convention on psychotropic substances,convention on psychotropic substances;1971
69/201,convention on psychotropic substances,convention on psychotropic substances;1971
70/178,convention on psychotropic substances,convention on psychotropic substances;1971
70/182,convention on psychotropic substances,convention on psychotropic substances;1971
71/209,convention on psychotropic substances,convention on psychotropic substances;1971
71/211,convention on psychotropic substances,convention on psychotropic substances;1971
72/196,convention on psychotropic substances,convention on psychotropic substances;1971
72/197,convention on psychotropic substances,convention on psychotropic substances;1971
72/198,convention on psychotropic substances,convention on psychotropic substances;1971
73/186,convention on psychotropic substances,convention on psychotropic substances;1971
73/192,convention on psychotropic substances,convention on psychotropic substances;1971
73/335,convention on psychotropic substances,convention on psychotropic substances;1971
s-17/2,convention on psychotropic substances,convention on psychotropic substances;1971
s-20/2,convention on psychotropic substances,convention on psychotropic substances;1971
s-20/3,convention on psychotropic substances,convention on psychotropic substances;1971
s-20/4,convention on psychotropic substances,convention on psychotropic substances;1971
s-30/1,convention on psychotropic substances,convention on psychotropic substances;1971
40/61,convention for the suppression of unlawful acts against the safety of civil aviation,convention for the suppression of unlawful acts against the safety of civil aviation;1971
42/159,convention for the suppression of unlawful acts against the safety of civil aviation,convention for the suppression of unlawful acts against the safety of civil aviation;1971
44/29,convention for the suppression of unlawful acts against the safety of civil aviation,convention for the suppression of unlawful acts against the safety of civil aviation;1971
46/51,convention for the suppression of unlawful acts against the safety of civil aviation,convention for the suppression of unlawful acts against the safety of civil aviation;1971
49/60,convention for the suppression of unlawful acts against the safety of civil aviation,convention for the suppression of unlawful acts against the safety of civil aviation;1971
51/210,convention for the suppression of unlawful acts against the safety of civil aviation,convention for the suppression of unlawful acts against the safety of civil aviation;1971
54/109,convention for the suppression of unlawful acts against the safety of civil aviation,convention for the suppression of unlawful acts against the safety of civil aviation;1971
48/118,addis ababa agreement,addis ababa agreement;1972
48/146,addis ababa agreement,addis ababa agreement;1972
48/201,addis ababa agreement,addis ababa agreement;1972
49/174,addis ababa agreement,addis ababa agreement;1972
69/68,biological weapons convention,biological weapons convention;1972
2938 (xxvii),simla agreement,simla agreement;1972
49/141,treaty of chaguaramas,treaty of chaguaramas;1973
56/216,paris peace accords,paris peace accords;1973
57/298,paris peace accords,paris peace accords;1973
71/255,treaty of amity and cooperation in southeast asia,treaty of amity and cooperation in southeast asia;1976
73/259,treaty of amity and cooperation in southeast asia,treaty of amity and cooperation in southeast asia;1976
34/65 b,camp david accords,camp david accords;1978
44/119 f,treaty of rarotonga,treaty of rarotonga;1985
57/73,treaty of rarotonga,treaty of rarotonga;1985
58/49,treaty of rarotonga,treaty of rarotonga;1985
59/85,treaty of rarotonga,treaty of rarotonga;1985
60/58,treaty of rarotonga,treaty of rarotonga;1985
61/69,treaty of rarotonga,treaty of rarotonga;1985
62/35,treaty of rarotonga,treaty of rarotonga;1985
63/65,treaty of rarotonga,treaty of rarotonga;1985
64/44,treaty of rarotonga,treaty of rarotonga;1985
66/40,treaty of rarotonga,treaty of rarotonga;1985
67/34,treaty of rarotonga,treaty of rarotonga;1985
67/55,treaty of rarotonga,treaty of rarotonga;1985
69/35,treaty of rarotonga,treaty of rarotonga;1985
70/45,treaty of rarotonga,treaty of rarotonga;1985
71/51,treaty of rarotonga,treaty of rarotonga;1985
72/45,treaty of rarotonga,treaty of rarotonga;1985
41/36,convention on early notification of a nuclear accident,convention on early notification of a nuclear accident;1986
42/24,convention on early notification of a nuclear accident,convention on early notification of a nuclear accident;1986
42/186,convention on early notification of a nuclear accident,convention on early notification of a nuclear accident;1986
43/16,convention on early notification of a nuclear accident,convention on early notification of a nuclear accident;1986
44/13,convention on early notification of a nuclear accident,convention on early notification of a nuclear accident;1986
57/9,convention on early notification of a nuclear accident,convention on early notification of a nuclear accident;1986
44/140,united nations convention against illicit traffic in narcotic drugs and psychotropic substances,united nations convention against illicit traffic in narcotic drugs and psychotropic substances;1988
45/146,united nations convention against illicit traffic in narcotic drugs and psychotropic substances,united nations convention against illicit traffic in narcotic drugs and psychotropic substances;1988
45/175,united nations convention against illicit traffic in narcotic drugs and psychotropic substances,united nations convention against illicit traffic in narcotic drugs and psychotropic substances;1988
45/179,united nations convention against illicit traffic in narcotic drugs and psychotropic substances,united nations convention against illicit traffic in narcotic drugs and psychotropic substances;1988
46/103,united nations convention against illicit traffic in narcotic drugs and psychotropic substances,united nations convention against illicit traffic in narcotic drugs and psychotropic substances;1988
46/140,united nations convention against illicit traffic in narcotic drugs and psychotropic substances,united nations convention against illicit traffic in narcotic drugs and psychotropic substances;1988
47/97,united nations convention against illicit traffic in narcotic drugs and psychotropic substances,united nations convention against illicit traffic in narcotic drugs and psychotropic substances;1988
47/102,united nations convention against illicit traffic in narcotic drugs and psychotropic substances,united nations convention against illicit traffic in narcotic drugs and psychotropic substances;1988
48/12,united nations convention against illicit traffic in narcotic drugs and psychotropic substances,united nations convention against illicit traffic in narcotic drugs and psychotropic substances;1988
48/112,united nations convention against illicit traffic in narcotic drugs and psychotropic substances,united nations convention against illicit traffic in narcotic drugs and psychotropic substances;1988
49/168,united nations convention against illicit traffic in narcotic drugs and psychotropic substances,united nations convention against illicit traffic in narcotic drugs and psychotropic substances;1988
50/148,united nations convention against illicit traffic in narcotic drugs and psychotropic substances,united nations convention against illicit traffic in narcotic drugs and psychotropic substances;1988
51/60,united nations convention against illicit traffic in narcotic drugs and psychotropic substances,united nations convention against illicit traffic in narcotic drugs and psychotropic substances;1988
51/64,united nations convention against illicit traffic in narcotic drugs and psychotropic substances,united nations convention against illicit traffic in narcotic drugs and psychotropic substances;1988
52/92,united nations convention against illicit traffic in narcotic drugs and psychotropic substances,united nations convention against illicit traffic in narcotic drugs and psychotropic substances;1988
53/115,united nations convention against illicit traffic in narcotic drugs and psychotropic substances,united nations convention against illicit traffic in narcotic drugs and psychotropic substances;1988
54/132,united nations convention against illicit traffic in narcotic drugs and psychotropic substances,united nations convention against illicit traffic in narcotic drugs and psychotropic substances;1988
55/65,united nations convention against illicit traffic in narcotic drugs and psychotropic substances,united nations convention against illicit traffic in narcotic drugs and psychotropic substances;1988
56/124,united nations convention against illicit traffic in narcotic drugs and psychotropic substances,united nations convention against illicit traffic in narcotic drugs and psychotropic substances;1988
57/174,united nations convention against illicit traffic in narcotic drugs and psychotropic substances,united nations convention against illicit traffic in narcotic drugs and psychotropic substances;1988
58/141,united nations convention against illicit traffic in narcotic drugs and psychotropic substances,united nations convention against illicit traffic in narcotic drugs and psychotropic substances;1988
59/160,united nations convention against illicit traffic in narcotic drugs and psychotropic substances,united nations convention against illicit traffic in narcotic drugs and psychotropic substances;1988
59/162,united nations convention against illicit traffic in narcotic drugs and psychotropic substances,united nations convention against illicit traffic in narcotic drugs and psychotropic substances;1988
59/163,united nations convention against illicit traffic in narcotic drugs and psychotropic substances,united nations convention against illicit traffic in narcotic drugs and psychotropic substances;1988
60/178,united nations convention against illicit traffic in narcotic drugs and psychotropic substances,united nations convention against illicit traffic in narcotic drugs and psychotropic substances;1988
61/183,united nations convention against illicit traffic in narcotic drugs and psychotropic substances,united nations convention against illicit traffic in narcotic drugs and psychotropic substances;1988
62/176,united nations convention against illicit traffic in narcotic drugs and psychotropic substances,united nations convention against illicit traffic in narcotic drugs and psychotropic substances;1988
63/197,united nations convention against illicit traffic in narcotic drugs and psychotropic substances,united nations convention against illicit traffic in narcotic drugs and psychotropic substances;1988
64/182,united nations convention against illicit traffic in narcotic drugs and psychotropic substances,united nations convention against illicit traffic in narcotic drugs and psychotropic substances;1988
65/233,united nations convention against illicit traffic in narcotic drugs and psychotropic substances,united nations convention against illicit traffic in narcotic drugs and psychotropic substances;1988
66/177,united nations convention against illicit traffic in narcotic drugs and psychotropic substances,united nations convention against illicit traffic in narcotic drugs and psychotropic substances;1988
66/183,united nations convention against illicit traffic in narcotic drugs and psychotropic substances,united nations convention against illicit traffic in narcotic drugs and psychotropic substances;1988
67/186,united nations convention against illicit traffic in narcotic drugs and psychotropic substances,united nations convention against illicit traffic in narcotic drugs and psychotropic substances;1988
67/189,united nations convention against illicit traffic in narcotic drugs and psychotropic substances,united nations convention against illicit traffic in narcotic drugs and psychotropic substances;1988
67/193,united nations convention against illicit traffic in narcotic drugs and psychotropic substances,united nations convention against illicit traffic in narcotic drugs and psychotropic substances;1988
68/193,united nations convention against illicit traffic in narcotic drugs and psychotropic substances,united nations convention against illicit traffic in narcotic drugs and psychotropic substances;1988
68/196,united nations convention against illicit traffic in narcotic drugs and psychotropic substances,united nations convention against illicit traffic in narcotic drugs and psychotropic substances;1988
68/197,united nations convention against illicit traffic in narcotic drugs and psychotropic substances,united nations convention against illicit traffic in narcotic drugs and psychotropic substances;1988
69/193,united nations convention against illicit traffic in narcotic drugs and psychotropic substances,united nations convention against illicit traffic in narcotic drugs and psychotropic substances;1988
69/195,united nations convention against illicit traffic in narcotic drugs and psychotropic substances,united nations convention against illicit traffic in narcotic drugs and psychotropic substances;1988
69/197,united nations convention against illicit traffic in narcotic drugs and psychotropic substances,united nations convention against illicit traffic in narcotic drugs and psychotropic substances;1988
69/200,united nations convention against illicit traffic in narcotic drugs and psychotropic substances,united nations convention against illicit traffic in narcotic drugs and psychotropic substances;1988
69/201,united nations convention against illicit traffic in narcotic drugs and psychotropic substances,united nations convention against illicit traffic in narcotic drugs and psychotropic substances;1988
70/178,united nations convention against illicit traffic in narcotic drugs and psychotropic substances,united nations convention against illicit traffic in narcotic drugs and psychotropic substances;1988
70/182,united nations convention against illicit traffic in narcotic drugs and psychotropic substances,united nations convention against illicit traffic in narcotic drugs and psychotropic substances;1988
71/209,united nations convention against illicit traffic in narcotic drugs and psychotropic substances,united nations convention against illicit traffic in narcotic drugs and psychotropic substances;1988
71/211,united nations convention against illicit traffic in narcotic drugs and psychotropic substances,united nations convention against illicit traffic in narcotic drugs and psychotropic substances;1988
72/196,united nations convention against illicit traffic in narcotic drugs and psychotropic substances,united nations convention against illicit traffic in narcotic drugs and psychotropic substances;1988
72/197,united nations convention against illicit traffic in narcotic drugs and psychotropic substances,united nations convention against illicit traffic in narcotic drugs and psychotropic substances;1988
72/198,united nations convention against illicit traffic in narcotic drugs and psychotropic substances,united nations convention against illicit traffic in narcotic drugs and psychotropic substances;1988
73/186,united nations convention against illicit traffic in narcotic drugs and psychotropic substances,united nations convention against illicit traffic in narcotic drugs and psychotropic substances;1988
73/192,united nations convention against illicit traffic in narcotic drugs and psychotropic substances,united nations convention against illicit traffic in narcotic drugs and psychotropic substances;1988
73/335,united nations convention against illicit traffic in narcotic drugs and psychotropic substances,united nations convention against illicit traffic in narcotic drugs and psychotropic substances;1988
s-17/2,united nations convention against illicit traffic in narcotic drugs and psychotropic substances,united nations convention against illicit traffic in narcotic drugs and psychotropic substances;1988
s-20/2,united nations convention against illicit traffic in narcotic drugs and psychotropic substances,united nations convention against illicit traffic in narcotic drugs and psychotropic substances;1988
s-20/3,united nations convention against illicit traffic in narcotic drugs and psychotropic substances,united nations convention against illicit traffic in narcotic drugs and psychotropic substances;1988
s-20/4,united nations convention against illicit traffic in narcotic drugs and psychotropic substances,united nations convention against illicit traffic in narcotic drugs and psychotropic substances;1988
s-30/1,united nations convention against illicit traffic in narcotic drugs and psychotropic substances,united nations convention against illicit traffic in narcotic drugs and psychotropic substances;1988
44/29,convention for the suppression of unlawful acts against the safety of maritime navigation,convention for the suppression of unlawful acts against the safety of maritime navigation;1988
49/60,convention for the suppression of unlawful acts against the safety of maritime navigation,convention for the suppression of unlawful acts against the safety of maritime navigation;1988
51/210,convention for the suppression of unlawful acts against the safety of maritime navigation,convention for the suppression of unlawful acts against the safety of maritime navigation;1988
54/31,convention for the suppression of unlawful acts against the safety of maritime navigation,convention for the suppression of unlawful acts against the safety of maritime navigation;1988
54/109,convention for the suppression of unlawful acts against the safety of maritime navigation,convention for the suppression of unlawful acts against the safety of maritime navigation;1988
55/7,convention for the suppression of unlawful acts against the safety of maritime navigation,convention for the suppression of unlawful acts against the safety of maritime navigation;1988
56/12,convention for the suppression of unlawful acts against the safety of maritime navigation,convention for the suppression of unlawful acts against the safety of maritime navigation;1988
57/141,convention for the suppression of unlawful acts against the safety of maritime navigation,convention for the suppression of unlawful acts against the safety of maritime navigation;1988
58/240,convention for the suppression of unlawful acts against the safety of maritime navigation,convention for the suppression of unlawful acts against the safety of maritime navigation;1988
59/24,convention for the suppression of unlawful acts against the safety of maritime navigation,convention for the suppression of unlawful acts against the safety of maritime navigation;1988
60/30,convention for the suppression of unlawful acts against the safety of maritime navigation,convention for the suppression of unlawful acts against the safety of maritime navigation;1988
60/43,convention for the suppression of unlawful acts against the safety of maritime navigation,convention for the suppression of unlawful acts against the safety of maritime navigation;1988
61/40,convention for the suppression of unlawful acts against the safety of maritime navigation,convention for the suppression of unlawful acts against the safety of maritime navigation;1988
61/222,convention for the suppression of unlawful acts against the safety of maritime navigation,convention for the suppression of unlawful acts against the safety of maritime navigation;1988
62/71,convention for the suppression of unlawful acts against the safety of maritime navigation,convention for the suppression of unlawful acts against the safety of maritime navigation;1988
62/215,convention for the suppression of unlawful acts against the safety of maritime navigation,convention for the suppression of unlawful acts against the safety of maritime navigation;1988
63/111,convention for the suppression of unlawful acts against the safety of maritime navigation,convention for the suppression of unlawful acts against the safety of maritime navigation;1988
64/71,convention for the suppression of unlawful acts against the safety of maritime navigation,convention for the suppression of unlawful acts against the safety of maritime navigation;1988
65/37 a,convention for the suppression of unlawful acts against the safety of maritime navigation,convention for the suppression of unlawful acts against the safety of maritime navigation;1988
66/105,convention for the suppression of unlawful acts against the safety of maritime navigation,convention for the suppression of unlawful acts against the safety of maritime navigation;1988
66/231,convention for the suppression of unlawful acts against the safety of maritime navigation,convention for the suppression of unlawful acts against the safety of maritime navigation;1988
67/78,convention for the suppression of unlawful acts against the safety of maritime navigation,convention for the suppression of unlawful acts against the safety of maritime navigation;1988
67/99,convention for the suppression of unlawful acts against the safety of maritime navigation,convention for the suppression of unlawful acts against the safety of maritime navigation;1988
68/70,convention for the suppression of unlawful acts against the safety of maritime navigation,convention for the suppression of unlawful acts against the safety of maritime navigation;1988
68/119,convention for the suppression of unlawful acts against the safety of maritime navigation,convention for the suppression of unlawful acts against the safety of maritime navigation;1988
69/127,convention for the suppression of unlawful acts against the safety of maritime navigation,convention for the suppression of unlawful acts against the safety of maritime navigation;1988
69/245,convention for the suppression of unlawful acts against the safety of maritime navigation,convention for the suppression of unlawful acts against the safety of maritime navigation;1988
70/120,convention for the suppression of unlawful acts against the safety of maritime navigation,convention for the suppression of unlawful acts against the safety of maritime navigation;1988
70/235,convention for the suppression of unlawful acts against the safety of maritime navigation,convention for the suppression of unlawful acts against the safety of maritime navigation;1988
71/151,convention for the suppression of unlawful acts against the safety of maritime navigation,convention for the suppression of unlawful acts against the safety of maritime navigation;1988
71/257,convention for the suppression of unlawful acts against the safety of maritime navigation,convention for the suppression of unlawful acts against the safety of maritime navigation;1988
72/73,convention for the suppression of unlawful acts against the safety of maritime navigation,convention for the suppression of unlawful acts against the safety of maritime navigation;1988
72/123,convention for the suppression of unlawful acts against the safety of maritime navigation,convention for the suppression of unlawful acts against the safety of maritime navigation;1988
73/124,convention for the suppression of unlawful acts against the safety of maritime navigation,convention for the suppression of unlawful acts against the safety of maritime navigation;1988
73/211,convention for the suppression of unlawful acts against the safety of maritime navigation,convention for the suppression of unlawful acts against the safety of maritime navigation;1988
44/29,protocol for the suppression of unlawful acts of violence at airports serving international civil aviation,protocol for the suppression of unlawful acts of violence at airports serving international civil aviation;1988
46/51,protocol for the suppression of unlawful acts of violence at airports serving international civil aviation,protocol for the suppression of unlawful acts of violence at airports serving international civil aviation;1988
49/60,protocol for the suppression of unlawful acts of violence at airports serving international civil aviation,protocol for the suppression of unlawful acts of violence at airports serving international civil aviation;1988
51/210,protocol for the suppression of unlawful acts of violence at airports serving international civil aviation,protocol for the suppression of unlawful acts of violence at airports serving international civil aviation;1988
54/109,protocol for the suppression of unlawful acts of violence at airports serving international civil aviation,protocol for the suppression of unlawful acts of violence at airports serving international civil aviation;1988
42/182,montreal protocol,montreal protocol;1989
43/53,montreal protocol,montreal protocol;1989
44/228,montreal protocol,montreal protocol;1989
44/229,montreal protocol,montreal protocol;1989
49/114,montreal protocol,montreal protocol;1989
51/240,montreal protocol,montreal protocol;1989
71/228,montreal protocol,montreal protocol;1989
72/219,montreal protocol,montreal protocol;1989
73/232,montreal protocol,montreal protocol;1989
s-19/2,montreal protocol,montreal protocol;1989
45/58 i,treaty on conventional armed forces in europe,treaty on conventional armed forces in europe;1989
46/36 g,treaty on conventional armed forces in europe,treaty on conventional armed forces in europe;1989
47/52 i,treaty on conventional armed forces in europe,treaty on conventional armed forces in europe;1989
52/38 q,treaty on conventional armed forces in europe,treaty on conventional armed forces in europe;1989
53/77 p,treaty on conventional armed forces in europe,treaty on conventional armed forces in europe;1989
54/54 m,treaty on conventional armed forces in europe,treaty on conventional armed forces in europe;1989
55/33 p,treaty on conventional armed forces in europe,treaty on conventional armed forces in europe;1989
56/24 i,treaty on conventional armed forces in europe,treaty on conventional armed forces in europe;1989
56/216,treaty on conventional armed forces in europe,treaty on conventional armed forces in europe;1989
57/77,treaty on conventional armed forces in europe,treaty on conventional armed forces in europe;1989
58/39,treaty on conventional armed forces in europe,treaty on conventional armed forces in europe;1989
59/88,treaty on conventional armed forces in europe,treaty on conventional armed forces in europe;1989
60/75,treaty on conventional armed forces in europe,treaty on conventional armed forces in europe;1989
61/82,treaty on conventional armed forces in europe,treaty on conventional armed forces in europe;1989
62/44,treaty on conventional armed forces in europe,treaty on conventional armed forces in europe;1989
63/44,treaty on conventional armed forces in europe,treaty on conventional armed forces in europe;1989
64/42,treaty on conventional armed forces in europe,treaty on conventional armed forces in europe;1989
65/46,treaty on conventional armed forces in europe,treaty on conventional armed forces in europe;1989
66/37,treaty on conventional armed forces in europe,treaty on conventional armed forces in europe;1989
67/62,treaty on conventional armed forces in europe,treaty on conventional armed forces in europe;1989
68/56,treaty on conventional armed forces in europe,treaty on conventional armed forces in europe;1989
69/47,treaty on conventional armed forces in europe,treaty on conventional armed forces in europe;1989
70/44,treaty on conventional armed forces in europe,treaty on conventional armed forces in europe;1989
71/41,treaty on conventional armed forces in europe,treaty on conventional armed forces in europe;1989
72/35,treaty on conventional armed forces in europe,treaty on conventional armed forces in europe;1989
73/34,treaty on conventional armed forces in europe,treaty on conventional armed forces in europe;1989
56/92,abuja treaty,abuja treaty;1991
70/293,abuja treaty,abuja treaty;1991
47/190,united nations framework convention on climate change,united nations framework convention on climate change;1992
47/195,united nations framework convention on climate change,united nations framework convention on climate change;1992
48/23,united nations framework convention on climate change,united nations framework convention on climate change;1992
48/189,united nations framework convention on climate change,united nations framework convention on climate change;1992
49/111,united nations framework convention on climate change,united nations framework convention on climate change;1992
49/112,united nations framework convention on climate change,united nations framework convention on climate change;1992
49/120,united nations framework convention on climate change,united nations framework convention on climate change;1992
50/113,united nations framework convention on climate change,united nations framework convention on climate change;1992
50/115,united nations framework convention on climate change,united nations framework convention on climate change;1992
50/232,united nations framework convention on climate change,united nations framework convention on climate change;1992
51/184,united nations framework convention on climate change,united nations framework convention on climate change;1992
51/240,united nations framework convention on climate change,united nations framework convention on climate change;1992
52/199,united nations framework convention on climate change,united nations framework convention on climate change;1992
52/202,united nations framework convention on climate change,united nations framework convention on climate change;1992
53/186,united nations framework convention on climate change,united nations framework convention on climate change;1992
53/189,united nations framework convention on climate change,united nations framework convention on climate change;1992
54/217,united nations framework convention on climate change,united nations framework convention on climate change;1992
54/218,united nations framework convention on climate change,united nations framework convention on climate change;1992
54/221,united nations framework convention on climate change,united nations framework convention on climate change;1992
54/222,united nations framework convention on climate change,united nations framework convention on climate change;1992
54/223,united nations framework convention on climate change,united nations framework convention on climate change;1992
55/198,united nations framework convention on climate change,united nations framework convention on climate change;1992
55/201,united nations framework convention on climate change,united nations framework convention on climate change;1992
56/196,united nations framework convention on climate change,united nations framework convention on climate change;1992
56/197,united nations framework convention on climate change,united nations framework convention on climate change;1992
56/199,united nations framework convention on climate change,united nations framework convention on climate change;1992
57/257,united nations framework convention on climate change,united nations framework convention on climate change;1992
57/258,united nations framework convention on climate change,united nations framework convention on climate change;1992
57/259,united nations framework convention on climate change,united nations framework convention on climate change;1992
57/260,united nations framework convention on climate change,united nations framework convention on climate change;1992
58/212,united nations framework convention on climate change,united nations framework convention on climate change;1992
58/215,united nations framework convention on climate change,united nations framework convention on climate change;1992
58/243,united nations framework convention on climate change,united nations framework convention on climate change;1992
59/233,united nations framework convention on climate change,united nations framework convention on climate change;1992
59/234,united nations framework convention on climate change,united nations framework convention on climate change;1992
59/235,united nations framework convention on climate change,united nations framework convention on climate change;1992
59/236,united nations framework convention on climate change,united nations framework convention on climate change;1992
59/314,united nations framework convention on climate change,united nations framework convention on climate change;1992
60/1,united nations framework convention on climate change,united nations framework convention on climate change;1992
60/196,united nations framework convention on climate change,united nations framework convention on climate change;1992
60/197,united nations framework convention on climate change,united nations framework convention on climate change;1992
60/198,united nations framework convention on climate change,united nations framework convention on climate change;1992
60/201,united nations framework convention on climate change,united nations framework convention on climate change;1992
60/202,united nations framework convention on climate change,united nations framework convention on climate change;1992
60/265,united nations framework convention on climate change,united nations framework convention on climate change;1992
61/193,united nations framework convention on climate change,united nations framework convention on climate change;1992
61/200,united nations framework convention on climate change,united nations framework convention on climate change;1992
61/201,united nations framework convention on climate change,united nations framework convention on climate change;1992
61/202,united nations framework convention on climate change,united nations framework convention on climate change;1992
61/204,united nations framework convention on climate change,united nations framework convention on climate change;1992
62/86,united nations framework convention on climate change,united nations framework convention on climate change;1992
62/137,united nations framework convention on climate change,united nations framework convention on climate change;1992
62/193,united nations framework convention on climate change,united nations framework convention on climate change;1992
62/194,united nations framework convention on climate change,united nations framework convention on climate change;1992
62/215,united nations framework convention on climate change,united nations framework convention on climate change;1992
63/32,united nations framework convention on climate change,united nations framework convention on climate change;1992
63/100 b,united nations framework convention on climate change,united nations framework convention on climate change;1992
63/217,united nations framework convention on climate change,united nations framework convention on climate change;1992
63/218,united nations framework convention on climate change,united nations framework convention on climate change;1992
63/219,united nations framework convention on climate change,united nations framework convention on climate change;1992
63/239,united nations framework convention on climate change,united nations framework convention on climate change;1992
63/281,united nations framework convention on climate change,united nations framework convention on climate change;1992
63/303,united nations framework convention on climate change,united nations framework convention on climate change;1992
64/73,united nations framework convention on climate change,united nations framework convention on climate change;1992
64/96 b,united nations framework convention on climate change,united nations framework convention on climate change;1992
64/141,united nations framework convention on climate change,united nations framework convention on climate change;1992
64/202,united nations framework convention on climate change,united nations framework convention on climate change;1992
64/203,united nations framework convention on climate change,united nations framework convention on climate change;1992
64/205,united nations framework convention on climate change,united nations framework convention on climate change;1992
64/299,united nations framework convention on climate change,united nations framework convention on climate change;1992
64/300,united nations framework convention on climate change,united nations framework convention on climate change;1992
65/1,united nations framework convention on climate change,united nations framework convention on climate change;1992
65/2,united nations framework convention on climate change,united nations framework convention on climate change;1992
65/107 b,united nations framework convention on climate change,united nations framework convention on climate change;1992
65/150,united nations framework convention on climate change,united nations framework convention on climate change;1992
65/157,united nations framework convention on climate change,united nations framework convention on climate change;1992
65/159,united nations framework convention on climate change,united nations framework convention on climate change;1992
65/160,united nations framework convention on climate change,united nations framework convention on climate change;1992
65/161,united nations framework convention on climate change,united nations framework convention on climate change;1992
65/172,united nations framework convention on climate change,united nations framework convention on climate change;1992
66/81 b,united nations framework convention on climate change,united nations framework convention on climate change;1992
66/115,united nations framework convention on climate change,united nations framework convention on climate change;1992
66/194,united nations framework convention on climate change,united nations framework convention on climate change;1992
66/200,united nations framework convention on climate change,united nations framework convention on climate change;1992
66/201,united nations framework convention on climate change,united nations framework convention on climate change;1992
66/205,united nations framework convention on climate change,united nations framework convention on climate change;1992
66/288,united nations framework convention on climate change,united nations framework convention on climate change;1992
67/124 b,united nations framework convention on climate change,united nations framework convention on climate change;1992
67/210,united nations framework convention on climate change,united nations framework convention on climate change;1992
67/211,united nations framework convention on climate change,united nations framework convention on climate change;1992
67/212,united nations framework convention on climate change,united nations framework convention on climate change;1992
68/86 b,united nations framework convention on climate change,united nations framework convention on climate change;1992
68/212,united nations framework convention on climate change,united nations framework convention on climate change;1992
68/213,united nations framework convention on climate change,united nations framework convention on climate change;1992
68/214,united nations framework convention on climate change,united nations framework convention on climate change;1992
68/220,united nations framework convention on climate change,united nations framework convention on climate change;1992
69/15,united nations framework convention on climate change,united nations framework convention on climate change;1992
69/96 b,united nations framework convention on climate change,united nations framework convention on climate change;1992
69/151,united nations framework convention on climate change,united nations framework convention on climate change;1992
69/220,united nations framework convention on climate change,united nations framework convention on climate change;1992
69/221,united nations framework convention on climate change,united nations framework convention on climate change;1992
69/222,united nations framework convention on climate change,united nations framework convention on climate change;1992
69/243,united nations framework convention on climate change,united nations framework convention on climate change;1992
69/245,united nations framework convention on climate change,united nations framework convention on climate change;1992
69/270,united nations framework convention on climate change,united nations framework convention on climate change;1992
69/283,united nations framework convention on climate change,united nations framework convention on climate change;1992
69/290,united nations framework convention on climate change,united nations framework convention on climate change;1992
69/313,united nations framework convention on climate change,united nations framework convention on climate change;1992
69/315,united nations framework convention on climate change,united nations framework convention on climate change;1992
70/1,united nations framework convention on climate change,united nations framework convention on climate change;1992
70/93 b,united nations framework convention on climate change,united nations framework convention on climate change;1992
70/107,united nations framework convention on climate change,united nations framework convention on climate change;1992
70/133,united nations framework convention on climate change,united nations framework convention on climate change;1992
70/154,united nations framework convention on climate change,united nations framework convention on climate change;1992
70/202,united nations framework convention on climate change,united nations framework convention on climate change;1992
70/204,united nations framework convention on climate change,united nations framework convention on climate change;1992
70/205,united nations framework convention on climate change,united nations framework convention on climate change;1992
70/207,united nations framework convention on climate change,united nations framework convention on climate change;1992
70/210,united nations framework convention on climate change,united nations framework convention on climate change;1992
70/223,united nations framework convention on climate change,united nations framework convention on climate change;1992
70/235,united nations framework convention on climate change,united nations framework convention on climate change;1992
70/261,united nations framework convention on climate change,united nations framework convention on climate change;1992
70/294,united nations framework convention on climate change,united nations framework convention on climate change;1992
70/295,united nations framework convention on climate change,united nations framework convention on climate change;1992
70/298,united nations framework convention on climate change,united nations framework convention on climate change;1992
70/303,united nations framework convention on climate change,united nations framework convention on climate change;1992
70/305,united nations framework convention on climate change,united nations framework convention on climate change;1992
71/16,united nations framework convention on climate change,united nations framework convention on climate change;1992
71/101 b,united nations framework convention on climate change,united nations framework convention on climate change;1992
71/127,united nations framework convention on climate change,united nations framework convention on climate change;1992
71/128,united nations framework convention on climate change,united nations framework convention on climate change;1992
71/191,united nations framework convention on climate change,united nations framework convention on climate change;1992
71/220,united nations framework convention on climate change,united nations framework convention on climate change;1992
71/221,united nations framework convention on climate change,united nations framework convention on climate change;1992
71/223,united nations framework convention on climate change,united nations framework convention on climate change;1992
71/224,united nations framework convention on climate change,united nations framework convention on climate change;1992
71/225,united nations framework convention on climate change,united nations framework convention on climate change;1992
71/226,united nations framework convention on climate change,united nations framework convention on climate change;1992
71/227,united nations framework convention on climate change,united nations framework convention on climate change;1992
71/228,united nations framework convention on climate change,united nations framework convention on climate change;1992
71/229,united nations framework convention on climate change,united nations framework convention on climate change;1992
71/230,united nations framework convention on climate change,united nations framework convention on climate change;1992
71/231,united nations framework convention on climate change,united nations framework convention on climate change;1992
71/233,united nations framework convention on climate change,united nations framework convention on climate change;1992
71/234,united nations framework convention on climate change,united nations framework convention on climate change;1992
71/235,united nations framework convention on climate change,united nations framework convention on climate change;1992
71/236,united nations framework convention on climate change,united nations framework convention on climate change;1992
71/237,united nations framework convention on climate change,united nations framework convention on climate change;1992
71/238,united nations framework convention on climate change,united nations framework convention on climate change;1992
71/239,united nations framework convention on climate change,united nations framework convention on climate change;1992
71/240,united nations framework convention on climate change,united nations framework convention on climate change;1992
71/241,united nations framework convention on climate change,united nations framework convention on climate change;1992
71/243,united nations framework convention on climate change,united nations framework convention on climate change;1992
71/245,united nations framework convention on climate change,united nations framework convention on climate change;1992
71/254,united nations framework convention on climate change,united nations framework convention on climate change;1992
71/256,united nations framework convention on climate change,united nations framework convention on climate change;1992
71/257,united nations framework convention on climate change,united nations framework convention on climate change;1992
71/289,united nations framework convention on climate change,united nations framework convention on climate change;1992
71/312,united nations framework convention on climate change,united nations framework convention on climate change;1992
71/313,united nations framework convention on climate change,united nations framework convention on climate change;1992
71/316,united nations framework convention on climate change,united nations framework convention on climate change;1992
71/320,united nations framework convention on climate change,united nations framework convention on climate change;1992
71/323,united nations framework convention on climate change,united nations framework convention on climate change;1992
71/327,united nations framework convention on climate change,united nations framework convention on climate change;1992
71/329,united nations framework convention on climate change,united nations framework convention on climate change;1992
72/73,united nations framework convention on climate change,united nations framework convention on climate change;1992
72/90 b,united nations framework convention on climate change,united nations framework convention on climate change;1992
72/132,united nations framework convention on climate change,united nations framework convention on climate change;1992
72/133,united nations framework convention on climate change,united nations framework convention on climate change;1992
72/147,united nations framework convention on climate change,united nations framework convention on climate change;1992
72/154,united nations framework convention on climate change,united nations framework convention on climate change;1992
72/173,united nations framework convention on climate change,united nations framework convention on climate change;1992
72/182,united nations framework convention on climate change,united nations framework convention on climate change;1992
72/204,united nations framework convention on climate change,united nations framework convention on climate change;1992
72/205,united nations framework convention on climate change,united nations framework convention on climate change;1992
72/212,united nations framework convention on climate change,united nations framework convention on climate change;1992
72/214,united nations framework convention on climate change,united nations framework convention on climate change;1992
72/215,united nations framework convention on climate change,united nations framework convention on climate change;1992
72/216,united nations framework convention on climate change,united nations framework convention on climate change;1992
72/217,united nations framework convention on climate change,united nations framework convention on climate change;1992
72/218,united nations framework convention on climate change,united nations framework convention on climate change;1992
72/219,united nations framework convention on climate change,united nations framework convention on climate change;1992
72/220,united nations framework convention on climate change,united nations framework convention on climate change;1992
72/221,united nations framework convention on climate change,united nations framework convention on climate change;1992
72/224,united nations framework convention on climate change,united nations framework convention on climate change;1992
72/225,united nations framework convention on climate change,united nations framework convention on climate change;1992
72/226,united nations framework convention on climate change,united nations framework convention on climate change;1992
72/229,united nations framework convention on climate change,united nations framework convention on climate change;1992
72/230,united nations framework convention on climate change,united nations framework convention on climate change;1992
72/231,united nations framework convention on climate change,united nations framework convention on climate change;1992
72/232,united nations framework convention on climate change,united nations framework convention on climate change;1992
72/233,united nations framework convention on climate change,united nations framework convention on climate change;1992
72/234,united nations framework convention on climate change,united nations framework convention on climate change;1992
72/237,united nations framework convention on climate change,united nations framework convention on climate change;1992
72/238,united nations framework convention on climate change,united nations framework convention on climate change;1992
72/239,united nations framework convention on climate change,united nations framework convention on climate change;1992
72/245,united nations framework convention on climate change,united nations framework convention on climate change;1992
72/278,united nations framework convention on climate change,united nations framework convention on climate change;1992
72/310,united nations framework convention on climate change,united nations framework convention on climate change;1992
73/102 b,united nations framework convention on climate change,united nations framework convention on climate change;1992
73/118,united nations framework convention on climate change,united nations framework convention on climate change;1992
73/124,united nations framework convention on climate change,united nations framework convention on climate change;1992
73/136,united nations framework convention on climate change,united nations framework convention on climate change;1992
73/139,united nations framework convention on climate change,united nations framework convention on climate change;1992
73/155,united nations framework convention on climate change,united nations framework convention on climate change;1992
73/171,united nations framework convention on climate change,united nations framework convention on climate change;1992
73/195,united nations framework convention on climate change,united nations framework convention on climate change;1992
73/221,united nations framework convention on climate change,united nations framework convention on climate change;1992
73/225,united nations framework convention on climate change,united nations framework convention on climate change;1992
73/226,united nations framework convention on climate change,united nations framework convention on climate change;1992
73/227,united nations framework convention on climate change,united nations framework convention on climate change;1992
73/228,united nations framework convention on climate change,united nations framework convention on climate change;1992
73/229,united nations framework convention on climate change,united nations framework convention on climate change;1992
73/230,united nations framework convention on climate change,united nations framework convention on climate change;1992
73/231,united nations framework convention on climate change,united nations framework convention on climate change;1992
73/232,united nations framework convention on climate change,united nations framework convention on climate change;1992
73/233,united nations framework convention on climate change,united nations framework convention on climate change;1992
73/234,united nations framework convention on climate change,united nations framework convention on climate change;1992
73/235,united nations framework convention on climate change,united nations framework convention on climate change;1992
73/236,united nations framework convention on climate change,united nations framework convention on climate change;1992
73/237,united nations framework convention on climate change,united nations framework convention on climate change;1992
73/239,united nations framework convention on climate change,united nations framework convention on climate change;1992
73/240,united nations framework convention on climate change,united nations framework convention on climate change;1992
73/241,united nations framework convention on climate change,united nations framework convention on climate change;1992
73/242,united nations framework convention on climate change,united nations framework convention on climate change;1992
73/243,united nations framework convention on climate change,united nations framework convention on climate change;1992
73/244,united nations framework convention on climate change,united nations framework convention on climate change;1992
73/245,united nations framework convention on climate change,united nations framework convention on climate change;1992
73/246,united nations framework convention on climate change,united nations framework convention on climate change;1992
73/247,united nations framework convention on climate change,united nations framework convention on climate change;1992
73/248,united nations framework convention on climate change,united nations framework convention on climate change;1992
73/249,united nations framework convention on climate change,united nations framework convention on climate change;1992
73/253,united nations framework convention on climate change,united nations framework convention on climate change;1992
73/284,united nations framework convention on climate change,united nations framework convention on climate change;1992
73/290,united nations framework convention on climate change,united nations framework convention on climate change;1992
73/292,united nations framework convention on climate change,united nations framework convention on climate change;1992
73/330,united nations framework convention on climate change,united nations framework convention on climate change;1992
73/332,united nations framework convention on climate change,united nations framework convention on climate change;1992
73/335,united nations framework convention on climate change,united nations framework convention on climate change;1992
s-19/2,united nations framework convention on climate change,united nations framework convention on climate change;1992
s-22/2,united nations framework convention on climate change,united nations framework convention on climate change;1992
47/74,convention on biological diversity,convention on biological diversity;1992
48/23,convention on biological diversity,convention on biological diversity;1992
49/26,convention on biological diversity,convention on biological diversity;1992
49/111,convention on biological diversity,convention on biological diversity;1992
49/112,convention on biological diversity,convention on biological diversity;1992
49/117,convention on biological diversity,convention on biological diversity;1992
49/119,convention on biological diversity,convention on biological diversity;1992
50/111,convention on biological diversity,convention on biological diversity;1992
50/113,convention on biological diversity,convention on biological diversity;1992
50/157,convention on biological diversity,convention on biological diversity;1992
50/227,convention on biological diversity,convention on biological diversity;1992
51/182,convention on biological diversity,convention on biological diversity;1992
51/240,convention on biological diversity,convention on biological diversity;1992
52/108,convention on biological diversity,convention on biological diversity;1992
52/201,convention on biological diversity,convention on biological diversity;1992
52/202,convention on biological diversity,convention on biological diversity;1992
53/186,convention on biological diversity,convention on biological diversity;1992
53/189,convention on biological diversity,convention on biological diversity;1992
53/190,convention on biological diversity,convention on biological diversity;1992
54/150,convention on biological diversity,convention on biological diversity;1992
54/217,convention on biological diversity,convention on biological diversity;1992
54/218,convention on biological diversity,convention on biological diversity;1992
54/221,convention on biological diversity,convention on biological diversity;1992
54/222,convention on biological diversity,convention on biological diversity;1992
54/223,convention on biological diversity,convention on biological diversity;1992
54/282,convention on biological diversity,convention on biological diversity;1992
55/2,convention on biological diversity,convention on biological diversity;1992
55/198,convention on biological diversity,convention on biological diversity;1992
55/201,convention on biological diversity,convention on biological diversity;1992
56/12,convention on biological diversity,convention on biological diversity;1992
56/196,convention on biological diversity,convention on biological diversity;1992
56/197,convention on biological diversity,convention on biological diversity;1992
56/199,convention on biological diversity,convention on biological diversity;1992
57/141,convention on biological diversity,convention on biological diversity;1992
57/142,convention on biological diversity,convention on biological diversity;1992
57/237,convention on biological diversity,convention on biological diversity;1992
57/257,convention on biological diversity,convention on biological diversity;1992
57/259,convention on biological diversity,convention on biological diversity;1992
57/260,convention on biological diversity,convention on biological diversity;1992
57/261,convention on biological diversity,convention on biological diversity;1992
57/270 b,convention on biological diversity,convention on biological diversity;1992
58/14,convention on biological diversity,convention on biological diversity;1992
58/212,convention on biological diversity,convention on biological diversity;1992
58/240,convention on biological diversity,convention on biological diversity;1992
58/243,convention on biological diversity,convention on biological diversity;1992
59/24,convention on biological diversity,convention on biological diversity;1992
59/25,convention on biological diversity,convention on biological diversity;1992
59/230,convention on biological diversity,convention on biological diversity;1992
59/234,convention on biological diversity,convention on biological diversity;1992
59/235,convention on biological diversity,convention on biological diversity;1992
59/236,convention on biological diversity,convention on biological diversity;1992
59/314,convention on biological diversity,convention on biological diversity;1992
60/1,convention on biological diversity,convention on biological diversity;1992
60/30,convention on biological diversity,convention on biological diversity;1992
60/31,convention on biological diversity,convention on biological diversity;1992
60/177,convention on biological diversity,convention on biological diversity;1992
60/184,convention on biological diversity,convention on biological diversity;1992
60/197,convention on biological diversity,convention on biological diversity;1992
60/198,convention on biological diversity,convention on biological diversity;1992
60/201,convention on biological diversity,convention on biological diversity;1992
60/202,convention on biological diversity,convention on biological diversity;1992
61/105,convention on biological diversity,convention on biological diversity;1992
61/186,convention on biological diversity,convention on biological diversity;1992
61/193,convention on biological diversity,convention on biological diversity;1992
61/197,convention on biological diversity,convention on biological diversity;1992
61/201,convention on biological diversity,convention on biological diversity;1992
61/202,convention on biological diversity,convention on biological diversity;1992
61/203,convention on biological diversity,convention on biological diversity;1992
61/204,convention on biological diversity,convention on biological diversity;1992
61/222,convention on biological diversity,convention on biological diversity;1992
62/86,convention on biological diversity,convention on biological diversity;1992
62/177,convention on biological diversity,convention on biological diversity;1992
62/184,convention on biological diversity,convention on biological diversity;1992
62/191,convention on biological diversity,convention on biological diversity;1992
62/193,convention on biological diversity,convention on biological diversity;1992
62/194,convention on biological diversity,convention on biological diversity;1992
62/196,convention on biological diversity,convention on biological diversity;1992
62/215,convention on biological diversity,convention on biological diversity;1992
63/111,convention on biological diversity,convention on biological diversity;1992
63/112,convention on biological diversity,convention on biological diversity;1992
63/213,convention on biological diversity,convention on biological diversity;1992
63/214,convention on biological diversity,convention on biological diversity;1992
63/218,convention on biological diversity,convention on biological diversity;1992
63/219,convention on biological diversity,convention on biological diversity;1992
64/71,convention on biological diversity,convention on biological diversity;1992
64/72,convention on biological diversity,convention on biological diversity;1992
64/159,convention on biological diversity,convention on biological diversity;1992
64/188,convention on biological diversity,convention on biological diversity;1992
64/199,convention on biological diversity,convention on biological diversity;1992
64/202,convention on biological diversity,convention on biological diversity;1992
64/203,convention on biological diversity,convention on biological diversity;1992
64/205,convention on biological diversity,convention on biological diversity;1992
64/299,convention on biological diversity,convention on biological diversity;1992
64/300,convention on biological diversity,convention on biological diversity;1992
65/1,convention on biological diversity,convention on biological diversity;1992
65/2,convention on biological diversity,convention on biological diversity;1992
65/37 a,convention on biological diversity,convention on biological diversity;1992
65/38,convention on biological diversity,convention on biological diversity;1992
65/142,convention on biological diversity,convention on biological diversity;1992
65/150,convention on biological diversity,convention on biological diversity;1992
65/155,convention on biological diversity,convention on biological diversity;1992
65/160,convention on biological diversity,convention on biological diversity;1992
65/161,convention on biological diversity,convention on biological diversity;1992
65/162,convention on biological diversity,convention on biological diversity;1992
65/173,convention on biological diversity,convention on biological diversity;1992
65/220,convention on biological diversity,convention on biological diversity;1992
66/68,convention on biological diversity,convention on biological diversity;1992
66/158,convention on biological diversity,convention on biological diversity;1992
66/194,convention on biological diversity,convention on biological diversity;1992
66/201,convention on biological diversity,convention on biological diversity;1992
66/202,convention on biological diversity,convention on biological diversity;1992
66/205,convention on biological diversity,convention on biological diversity;1992
66/231,convention on biological diversity,convention on biological diversity;1992
66/288,convention on biological diversity,convention on biological diversity;1992
67/78,convention on biological diversity,convention on biological diversity;1992
67/79,convention on biological diversity,convention on biological diversity;1992
67/174,convention on biological diversity,convention on biological diversity;1992
67/205,convention on biological diversity,convention on biological diversity;1992
67/211,convention on biological diversity,convention on biological diversity;1992
67/212,convention on biological diversity,convention on biological diversity;1992
67/223,convention on biological diversity,convention on biological diversity;1992
68/70,convention on biological diversity,convention on biological diversity;1992
68/71,convention on biological diversity,convention on biological diversity;1992
68/177,convention on biological diversity,convention on biological diversity;1992
68/205,convention on biological diversity,convention on biological diversity;1992
68/207,convention on biological diversity,convention on biological diversity;1992
68/213,convention on biological diversity,convention on biological diversity;1992
68/214,convention on biological diversity,convention on biological diversity;1992
68/217,convention on biological diversity,convention on biological diversity;1992
69/15,convention on biological diversity,convention on biological diversity;1992
69/109,convention on biological diversity,convention on biological diversity;1992
69/177,convention on biological diversity,convention on biological diversity;1992
69/216,convention on biological diversity,convention on biological diversity;1992
69/221,convention on biological diversity,convention on biological diversity;1992
69/222,convention on biological diversity,convention on biological diversity;1992
69/233,convention on biological diversity,convention on biological diversity;1992
69/245,convention on biological diversity,convention on biological diversity;1992
69/313,convention on biological diversity,convention on biological diversity;1992
69/314,convention on biological diversity,convention on biological diversity;1992
69/315,convention on biological diversity,convention on biological diversity;1992
70/1,convention on biological diversity,convention on biological diversity;1992
70/75,convention on biological diversity,convention on biological diversity;1992
70/154,convention on biological diversity,convention on biological diversity;1992
70/193,convention on biological diversity,convention on biological diversity;1992
70/196,convention on biological diversity,convention on biological diversity;1992
70/205,convention on biological diversity,convention on biological diversity;1992
70/207,convention on biological diversity,convention on biological diversity;1992
70/235,convention on biological diversity,convention on biological diversity;1992
71/16,convention on biological diversity,convention on biological diversity;1992
71/123,convention on biological diversity,convention on biological diversity;1992
71/191,convention on biological diversity,convention on biological diversity;1992
71/224,convention on biological diversity,convention on biological diversity;1992
71/228,convention on biological diversity,convention on biological diversity;1992
71/229,convention on biological diversity,convention on biological diversity;1992
71/230,convention on biological diversity,convention on biological diversity;1992
71/240,convention on biological diversity,convention on biological diversity;1992
71/257,convention on biological diversity,convention on biological diversity;1992
71/326,convention on biological diversity,convention on biological diversity;1992
72/72,convention on biological diversity,convention on biological diversity;1992
72/73,convention on biological diversity,convention on biological diversity;1992
72/173,convention on biological diversity,convention on biological diversity;1992
72/211,convention on biological diversity,convention on biological diversity;1992
72/214,convention on biological diversity,convention on biological diversity;1992
72/218,convention on biological diversity,convention on biological diversity;1992
72/219,convention on biological diversity,convention on biological diversity;1992
72/220,convention on biological diversity,convention on biological diversity;1992
72/221,convention on biological diversity,convention on biological diversity;1992
73/15,convention on biological diversity,convention on biological diversity;1992
73/124,convention on biological diversity,convention on biological diversity;1992
73/125,convention on biological diversity,convention on biological diversity;1992
73/165,convention on biological diversity,convention on biological diversity;1992
73/171,convention on biological diversity,convention on biological diversity;1992
73/226,convention on biological diversity,convention on biological diversity;1992
73/227,convention on biological diversity,convention on biological diversity;1992
73/229,convention on biological diversity,convention on biological diversity;1992
73/231,convention on biological diversity,convention on biological diversity;1992
73/232,convention on biological diversity,convention on biological diversity;1992
73/233,convention on biological diversity,convention on biological diversity;1992
73/234,convention on biological diversity,convention on biological diversity;1992
73/235,convention on biological diversity,convention on biological diversity;1992
73/245,convention on biological diversity,convention on biological diversity;1992
73/284,convention on biological diversity,convention on biological diversity;1992
73/330,convention on biological diversity,convention on biological diversity;1992
73/343,convention on biological diversity,convention on biological diversity;1992
s-19/2,convention on biological diversity,convention on biological diversity;1992
s-23/3,convention on biological diversity,convention on biological diversity;1992
47/52 i,treaty on open skies,treaty on open skies;1992
37/66,united nations convention on the law of the sea,united nations convention on the law of the sea;1994
37/233 c,united nations convention on the law of the sea,united nations convention on the law of the sea;1994
38/59 a,united nations convention on the law of the sea,united nations convention on the law of the sea;1994
39/73,united nations convention on the law of the sea,united nations convention on the law of the sea;1994
39/209,united nations convention on the law of the sea,united nations convention on the law of the sea;1994
39/225,united nations convention on the law of the sea,united nations convention on the law of the sea;1994
40/63,united nations convention on the law of the sea,united nations convention on the law of the sea;1994
40/94 i,united nations convention on the law of the sea,united nations convention on the law of the sea;1994
40/94 j,united nations convention on the law of the sea,united nations convention on the law of the sea;1994
40/97 a,united nations convention on the law of the sea,united nations convention on the law of the sea;1994
40/156 a,united nations convention on the law of the sea,united nations convention on the law of the sea;1994
40/183,united nations convention on the law of the sea,united nations convention on the law of the sea;1994
41/14,united nations convention on the law of the sea,united nations convention on the law of the sea;1994
41/34,united nations convention on the law of the sea,united nations convention on the law of the sea;1994
41/39 a,united nations convention on the law of the sea,united nations convention on the law of the sea;1994
42/14 a,united nations convention on the law of the sea,united nations convention on the law of the sea;1994
42/20,united nations convention on the law of the sea,united nations convention on the law of the sea;1994
42/74,united nations convention on the law of the sea,united nations convention on the law of the sea;1994
42/174,united nations convention on the law of the sea,united nations convention on the law of the sea;1994
43/18,united nations convention on the law of the sea,united nations convention on the law of the sea;1994
43/26 a,united nations convention on the law of the sea,united nations convention on the law of the sea;1994
43/29,united nations convention on the law of the sea,united nations convention on the law of the sea;1994
44/20,united nations convention on the law of the sea,united nations convention on the law of the sea;1994
44/26,united nations convention on the law of the sea,united nations convention on the law of the sea;1994
44/214,united nations convention on the law of the sea,united nations convention on the law of the sea;1994
44/225,united nations convention on the law of the sea,united nations convention on the law of the sea;1994
45/36,united nations convention on the law of the sea,united nations convention on the law of the sea;1994
45/145,united nations convention on the law of the sea,united nations convention on the law of the sea;1994
45/197,united nations convention on the law of the sea,united nations convention on the law of the sea;1994
46/19,united nations convention on the law of the sea,united nations convention on the law of the sea;1994
46/78,united nations convention on the law of the sea,united nations convention on the law of the sea;1994
46/212,united nations convention on the law of the sea,united nations convention on the law of the sea;1994
46/215,united nations convention on the law of the sea,united nations convention on the law of the sea;1994
47/65,united nations convention on the law of the sea,united nations convention on the law of the sea;1994
47/192,united nations convention on the law of the sea,united nations convention on the law of the sea;1994
48/23,united nations convention on the law of the sea,united nations convention on the law of the sea;1994
48/28,united nations convention on the law of the sea,united nations convention on the law of the sea;1994
48/82,united nations convention on the law of the sea,united nations convention on the law of the sea;1994
48/169,united nations convention on the law of the sea,united nations convention on the law of the sea;1994
48/263,united nations convention on the law of the sea,united nations convention on the law of the sea;1994
49/26,united nations convention on the law of the sea,united nations convention on the law of the sea;1994
49/28,united nations convention on the law of the sea,united nations convention on the law of the sea;1994
49/82,united nations convention on the law of the sea,united nations convention on the law of the sea;1994
49/112,united nations convention on the law of the sea,united nations convention on the law of the sea;1994
49/116,united nations convention on the law of the sea,united nations convention on the law of the sea;1994
49/118,united nations convention on the law of the sea,united nations convention on the law of the sea;1994
49/219,united nations convention on the law of the sea,united nations convention on the law of the sea;1994
50/18,united nations convention on the law of the sea,united nations convention on the law of the sea;1994
50/23,united nations convention on the law of the sea,united nations convention on the law of the sea;1994
50/24,united nations convention on the law of the sea,united nations convention on the law of the sea;1994
50/25,united nations convention on the law of the sea,united nations convention on the law of the sea;1994
51/5,united nations convention on the law of the sea,united nations convention on the law of the sea;1994
51/6,united nations convention on the law of the sea,united nations convention on the law of the sea;1994
51/19,united nations convention on the law of the sea,united nations convention on the law of the sea;1994
51/34,united nations convention on the law of the sea,united nations convention on the law of the sea;1994
51/35,united nations convention on the law of the sea,united nations convention on the law of the sea;1994
51/36,united nations convention on the law of the sea,united nations convention on the law of the sea;1994
51/157,united nations convention on the law of the sea,united nations convention on the law of the sea;1994
51/204,united nations convention on the law of the sea,united nations convention on the law of the sea;1994
51/221 a,united nations convention on the law of the sea,united nations convention on the law of the sea;1994
51/240,united nations convention on the law of the sea,united nations convention on the law of the sea;1994
52/14,united nations convention on the law of the sea,united nations convention on the law of the sea;1994
52/26,united nations convention on the law of the sea,united nations convention on the law of the sea;1994
52/27,united nations convention on the law of the sea,united nations convention on the law of the sea;1994
52/28,united nations convention on the law of the sea,united nations convention on the law of the sea;1994
52/29,united nations convention on the law of the sea,united nations convention on the law of the sea;1994
52/38 n,united nations convention on the law of the sea,united nations convention on the law of the sea;1994
52/251,united nations convention on the law of the sea,united nations convention on the law of the sea;1994
53/32,united nations convention on the law of the sea,united nations convention on the law of the sea;1994
53/33,united nations convention on the law of the sea,united nations convention on the law of the sea;1994
53/34,united nations convention on the law of the sea,united nations convention on the law of the sea;1994
53/77 q,united nations convention on the law of the sea,united nations convention on the law of the sea;1994
54/31,united nations convention on the law of the sea,united nations convention on the law of the sea;1994
54/32,united nations convention on the law of the sea,united nations convention on the law of the sea;1994
54/33,united nations convention on the law of the sea,united nations convention on the law of the sea;1994
54/35,united nations convention on the law of the sea,united nations convention on the law of the sea;1994
54/54 l,united nations convention on the law of the sea,united nations convention on the law of the sea;1994
54/225,united nations convention on the law of the sea,united nations convention on the law of the sea;1994
55/7,united nations convention on the law of the sea,united nations convention on the law of the sea;1994
55/8,united nations convention on the law of the sea,united nations convention on the law of the sea;1994
55/33 i,united nations convention on the law of the sea,united nations convention on the law of the sea;1994
55/49,united nations convention on the law of the sea,united nations convention on the law of the sea;1994
55/203,united nations convention on the law of the sea,united nations convention on the law of the sea;1994
56/7,united nations convention on the law of the sea,united nations convention on the law of the sea;1994
56/12,united nations convention on the law of the sea,united nations convention on the law of the sea;1994
56/13,united nations convention on the law of the sea,united nations convention on the law of the sea;1994
56/24 g,united nations convention on the law of the sea,united nations convention on the law of the sea;1994
56/24 h,united nations convention on the law of the sea,united nations convention on the law of the sea;1994
56/180,united nations convention on the law of the sea,united nations convention on the law of the sea;1994
56/253,united nations convention on the law of the sea,united nations convention on the law of the sea;1994
57/26,united nations convention on the law of the sea,united nations convention on the law of the sea;1994
57/33,united nations convention on the law of the sea,united nations convention on the law of the sea;1994
57/73,united nations convention on the law of the sea,united nations convention on the law of the sea;1994
57/141,united nations convention on the law of the sea,united nations convention on the law of the sea;1994
57/142,united nations convention on the law of the sea,united nations convention on the law of the sea;1994
57/143,united nations convention on the law of the sea,united nations convention on the law of the sea;1994
57/261,united nations convention on the law of the sea,united nations convention on the law of the sea;1994
58/10,united nations convention on the law of the sea,united nations convention on the law of the sea;1994
58/14,united nations convention on the law of the sea,united nations convention on the law of the sea;1994
58/49,united nations convention on the law of the sea,united nations convention on the law of the sea;1994
58/240,united nations convention on the law of the sea,united nations convention on the law of the sea;1994
58/270,united nations convention on the law of the sea,united nations convention on the law of the sea;1994
59/24,united nations convention on the law of the sea,united nations convention on the law of the sea;1994
59/25,united nations convention on the law of the sea,united nations convention on the law of the sea;1994
59/85,united nations convention on the law of the sea,united nations convention on the law of the sea;1994
59/230,united nations convention on the law of the sea,united nations convention on the law of the sea;1994
60/30,united nations convention on the law of the sea,united nations convention on the law of the sea;1994
60/31,united nations convention on the law of the sea,united nations convention on the law of the sea;1994
60/58,united nations convention on the law of the sea,united nations convention on the law of the sea;1994
61/48,united nations convention on the law of the sea,united nations convention on the law of the sea;1994
61/69,united nations convention on the law of the sea,united nations convention on the law of the sea;1994
61/105,united nations convention on the law of the sea,united nations convention on the law of the sea;1994
61/197,united nations convention on the law of the sea,united nations convention on the law of the sea;1994
61/222,united nations convention on the law of the sea,united nations convention on the law of the sea;1994
62/31,united nations convention on the law of the sea,united nations convention on the law of the sea;1994
62/35,united nations convention on the law of the sea,united nations convention on the law of the sea;1994
62/177,united nations convention on the law of the sea,united nations convention on the law of the sea;1994
62/215,united nations convention on the law of the sea,united nations convention on the law of the sea;1994
63/65,united nations convention on the law of the sea,united nations convention on the law of the sea;1994
63/111,united nations convention on the law of the sea,united nations convention on the law of the sea;1994
63/112,united nations convention on the law of the sea,united nations convention on the law of the sea;1994
63/214,united nations convention on the law of the sea,united nations convention on the law of the sea;1994
64/39,united nations convention on the law of the sea,united nations convention on the law of the sea;1994
64/44,united nations convention on the law of the sea,united nations convention on the law of the sea;1994
64/71,united nations convention on the law of the sea,united nations convention on the law of the sea;1994
64/72,united nations convention on the law of the sea,united nations convention on the law of the sea;1994
65/37 a,united nations convention on the law of the sea,united nations convention on the law of the sea;1994
65/38,united nations convention on the law of the sea,united nations convention on the law of the sea;1994
65/58,united nations convention on the law of the sea,united nations convention on the law of the sea;1994
65/149,united nations convention on the law of the sea,united nations convention on the law of the sea;1994
65/150,united nations convention on the law of the sea,united nations convention on the law of the sea;1994
65/155,united nations convention on the law of the sea,united nations convention on the law of the sea;1994
66/43,united nations convention on the law of the sea,united nations convention on the law of the sea;1994
66/68,united nations convention on the law of the sea,united nations convention on the law of the sea;1994
66/194,united nations convention on the law of the sea,united nations convention on the law of the sea;1994
66/231,united nations convention on the law of the sea,united nations convention on the law of the sea;1994
66/288,united nations convention on the law of the sea,united nations convention on the law of the sea;1994
67/5,united nations convention on the law of the sea,united nations convention on the law of the sea;1994
67/55,united nations convention on the law of the sea,united nations convention on the law of the sea;1994
67/78,united nations convention on the law of the sea,united nations convention on the law of the sea;1994
67/79,united nations convention on the law of the sea,united nations convention on the law of the sea;1994
67/205,united nations convention on the law of the sea,united nations convention on the law of the sea;1994
68/49,united nations convention on the law of the sea,united nations convention on the law of the sea;1994
68/70,united nations convention on the law of the sea,united nations convention on the law of the sea;1994
68/71,united nations convention on the law of the sea,united nations convention on the law of the sea;1994
68/208,united nations convention on the law of the sea,united nations convention on the law of the sea;1994
69/15,united nations convention on the law of the sea,united nations convention on the law of the sea;1994
69/35,united nations convention on the law of the sea,united nations convention on the law of the sea;1994
69/109,united nations convention on the law of the sea,united nations convention on the law of the sea;1994
69/110,united nations convention on the law of the sea,united nations convention on the law of the sea;1994
69/216,united nations convention on the law of the sea,united nations convention on the law of the sea;1994
69/245,united nations convention on the law of the sea,united nations convention on the law of the sea;1994
69/292,united nations convention on the law of the sea,united nations convention on the law of the sea;1994
69/313,united nations convention on the law of the sea,united nations convention on the law of the sea;1994
69/315,united nations convention on the law of the sea,united nations convention on the law of the sea;1994
70/1,united nations convention on the law of the sea,united nations convention on the law of the sea;1994
70/45,united nations convention on the law of the sea,united nations convention on the law of the sea;1994
70/60,united nations convention on the law of the sea,united nations convention on the law of the sea;1994
70/75,united nations convention on the law of the sea,united nations convention on the law of the sea;1994
70/235,united nations convention on the law of the sea,united nations convention on the law of the sea;1994
70/248 a,united nations convention on the law of the sea,united nations convention on the law of the sea;1994
71/51,united nations convention on the law of the sea,united nations convention on the law of the sea;1994
71/123,united nations convention on the law of the sea,united nations convention on the law of the sea;1994
71/220,united nations convention on the law of the sea,united nations convention on the law of the sea;1994
71/224,united nations convention on the law of the sea,united nations convention on the law of the sea;1994
71/255,united nations convention on the law of the sea,united nations convention on the law of the sea;1994
71/257,united nations convention on the law of the sea,united nations convention on the law of the sea;1994
71/312,united nations convention on the law of the sea,united nations convention on the law of the sea;1994
72/72,united nations convention on the law of the sea,united nations convention on the law of the sea;1994
72/73,united nations convention on the law of the sea,united nations convention on the law of the sea;1994
72/249,united nations convention on the law of the sea,united nations convention on the law of the sea;1994
73/124,united nations convention on the law of the sea,united nations convention on the law of the sea;1994
73/125,united nations convention on the law of the sea,united nations convention on the law of the sea;1994
73/194,united nations convention on the law of the sea,united nations convention on the law of the sea;1994
73/229,united nations convention on the law of the sea,united nations convention on the law of the sea;1994
73/259,united nations convention on the law of the sea,united nations convention on the law of the sea;1994
73/292,united nations convention on the law of the sea,united nations convention on the law of the sea;1994
s-19/2,united nations convention on the law of the sea,united nations convention on the law of the sea;1994
s-22/2,united nations convention on the law of the sea,united nations convention on the law of the sea;1994
49/103,united nations convention to combat desertification,united nations convention to combat desertification;1994
49/111,united nations convention to combat desertification,united nations convention to combat desertification;1994
49/112,united nations convention to combat desertification,united nations convention to combat desertification;1994
49/115,united nations convention to combat desertification,united nations convention to combat desertification;1994
49/234,united nations convention to combat desertification,united nations convention to combat desertification;1994
50/112,united nations convention to combat desertification,united nations convention to combat desertification;1994
50/113,united nations convention to combat desertification,united nations convention to combat desertification;1994
51/180,united nations convention to combat desertification,united nations convention to combat desertification;1994
51/238,united nations convention to combat desertification,united nations convention to combat desertification;1994
51/240,united nations convention to combat desertification,united nations convention to combat desertification;1994
52/198,united nations convention to combat desertification,united nations convention to combat desertification;1994
53/186,united nations convention to combat desertification,united nations convention to combat desertification;1994
53/191,united nations convention to combat desertification,united nations convention to combat desertification;1994
54/217,united nations convention to combat desertification,united nations convention to combat desertification;1994
54/218,united nations convention to combat desertification,united nations convention to combat desertification;1994
54/221,united nations convention to combat desertification,united nations convention to combat desertification;1994
54/222,united nations convention to combat desertification,united nations convention to combat desertification;1994
54/223,united nations convention to combat desertification,united nations convention to combat desertification;1994
55/198,united nations convention to combat desertification,united nations convention to combat desertification;1994
55/199,united nations convention to combat desertification,united nations convention to combat desertification;1994
55/201,united nations convention to combat desertification,united nations convention to combat desertification;1994
55/204,united nations convention to combat desertification,united nations convention to combat desertification;1994
56/196,united nations convention to combat desertification,united nations convention to combat desertification;1994
56/197,united nations convention to combat desertification,united nations convention to combat desertification;1994
56/199,united nations convention to combat desertification,united nations convention to combat desertification;1994
57/257,united nations convention to combat desertification,united nations convention to combat desertification;1994
57/259,united nations convention to combat desertification,united nations convention to combat desertification;1994
57/260,united nations convention to combat desertification,united nations convention to combat desertification;1994
57/270 b,united nations convention to combat desertification,united nations convention to combat desertification;1994
58/211,united nations convention to combat desertification,united nations convention to combat desertification;1994
58/212,united nations convention to combat desertification,united nations convention to combat desertification;1994
58/242,united nations convention to combat desertification,united nations convention to combat desertification;1994
58/243,united nations convention to combat desertification,united nations convention to combat desertification;1994
59/234,united nations convention to combat desertification,united nations convention to combat desertification;1994
59/235,united nations convention to combat desertification,united nations convention to combat desertification;1994
59/236,united nations convention to combat desertification,united nations convention to combat desertification;1994
59/314,united nations convention to combat desertification,united nations convention to combat desertification;1994
60/1,united nations convention to combat desertification,united nations convention to combat desertification;1994
60/197,united nations convention to combat desertification,united nations convention to combat desertification;1994
60/198,united nations convention to combat desertification,united nations convention to combat desertification;1994
60/200,united nations convention to combat desertification,united nations convention to combat desertification;1994
60/201,united nations convention to combat desertification,united nations convention to combat desertification;1994
60/202,united nations convention to combat desertification,united nations convention to combat desertification;1994
61/163,united nations convention to combat desertification,united nations convention to combat desertification;1994
61/193,united nations convention to combat desertification,united nations convention to combat desertification;1994
61/201,united nations convention to combat desertification,united nations convention to combat desertification;1994
61/202,united nations convention to combat desertification,united nations convention to combat desertification;1994
62/86,united nations convention to combat desertification,united nations convention to combat desertification;1994
62/164,united nations convention to combat desertification,united nations convention to combat desertification;1994
62/189,united nations convention to combat desertification,united nations convention to combat desertification;1994
62/193,united nations convention to combat desertification,united nations convention to combat desertification;1994
62/194,united nations convention to combat desertification,united nations convention to combat desertification;1994
62/196,united nations convention to combat desertification,united nations convention to combat desertification;1994
63/32,united nations convention to combat desertification,united nations convention to combat desertification;1994
63/143,united nations convention to combat desertification,united nations convention to combat desertification;1994
63/187,united nations convention to combat desertification,united nations convention to combat desertification;1994
63/212,united nations convention to combat desertification,united nations convention to combat desertification;1994
63/218,united nations convention to combat desertification,united nations convention to combat desertification;1994
63/219,united nations convention to combat desertification,united nations convention to combat desertification;1994
64/73,united nations convention to combat desertification,united nations convention to combat desertification;1994
64/159,united nations convention to combat desertification,united nations convention to combat desertification;1994
64/201,united nations convention to combat desertification,united nations convention to combat desertification;1994
64/202,united nations convention to combat desertification,united nations convention to combat desertification;1994
64/203,united nations convention to combat desertification,united nations convention to combat desertification;1994
64/205,united nations convention to combat desertification,united nations convention to combat desertification;1994
64/299,united nations convention to combat desertification,united nations convention to combat desertification;1994
65/1,united nations convention to combat desertification,united nations convention to combat desertification;1994
65/159,united nations convention to combat desertification,united nations convention to combat desertification;1994
65/160,united nations convention to combat desertification,united nations convention to combat desertification;1994
65/161,united nations convention to combat desertification,united nations convention to combat desertification;1994
65/162,united nations convention to combat desertification,united nations convention to combat desertification;1994
65/172,united nations convention to combat desertification,united nations convention to combat desertification;1994
65/178,united nations convention to combat desertification,united nations convention to combat desertification;1994
65/220,united nations convention to combat desertification,united nations convention to combat desertification;1994
66/158,united nations convention to combat desertification,united nations convention to combat desertification;1994
66/201,united nations convention to combat desertification,united nations convention to combat desertification;1994
66/205,united nations convention to combat desertification,united nations convention to combat desertification;1994
66/286,united nations convention to combat desertification,united nations convention to combat desertification;1994
66/288,united nations convention to combat desertification,united nations convention to combat desertification;1994
67/174,united nations convention to combat desertification,united nations convention to combat desertification;1994
67/211,united nations convention to combat desertification,united nations convention to combat desertification;1994
67/212,united nations convention to combat desertification,united nations convention to combat desertification;1994
67/294,united nations convention to combat desertification,united nations convention to combat desertification;1994
68/177,united nations convention to combat desertification,united nations convention to combat desertification;1994
68/213,united nations convention to combat desertification,united nations convention to combat desertification;1994
68/214,united nations convention to combat desertification,united nations convention to combat desertification;1994
68/232,united nations convention to combat desertification,united nations convention to combat desertification;1994
68/301,united nations convention to combat desertification,united nations convention to combat desertification;1994
69/15,united nations convention to combat desertification,united nations convention to combat desertification;1994
69/177,united nations convention to combat desertification,united nations convention to combat desertification;1994
69/221,united nations convention to combat desertification,united nations convention to combat desertification;1994
69/222,united nations convention to combat desertification,united nations convention to combat desertification;1994
69/290,united nations convention to combat desertification,united nations convention to combat desertification;1994
69/313,united nations convention to combat desertification,united nations convention to combat desertification;1994
70/154,united nations convention to combat desertification,united nations convention to combat desertification;1994
70/195,united nations convention to combat desertification,united nations convention to combat desertification;1994
70/205,united nations convention to combat desertification,united nations convention to combat desertification;1994
70/206,united nations convention to combat desertification,united nations convention to combat desertification;1994
70/207,united nations convention to combat desertification,united nations convention to combat desertification;1994
70/295,united nations convention to combat desertification,united nations convention to combat desertification;1994
71/16,united nations convention to combat desertification,united nations convention to combat desertification;1994
71/191,united nations convention to combat desertification,united nations convention to combat desertification;1994
71/219,united nations convention to combat desertification,united nations convention to combat desertification;1994
71/228,united nations convention to combat desertification,united nations convention to combat desertification;1994
71/229,united nations convention to combat desertification,united nations convention to combat desertification;1994
71/230,united nations convention to combat desertification,united nations convention to combat desertification;1994
71/320,united nations convention to combat desertification,united nations convention to combat desertification;1994
72/173,united nations convention to combat desertification,united nations convention to combat desertification;1994
72/218,united nations convention to combat desertification,united nations convention to combat desertification;1994
72/219,united nations convention to combat desertification,united nations convention to combat desertification;1994
72/220,united nations convention to combat desertification,united nations convention to combat desertification;1994
72/221,united nations convention to combat desertification,united nations convention to combat desertification;1994
72/225,united nations convention to combat desertification,united nations convention to combat desertification;1994
72/310,united nations convention to combat desertification,united nations convention to combat desertification;1994
73/171,united nations convention to combat desertification,united nations convention to combat desertification;1994
73/195,united nations convention to combat desertification,united nations convention to combat desertification;1994
73/226,united nations convention to combat desertification,united nations convention to combat desertification;1994
73/227,united nations convention to combat desertification,united nations convention to combat desertification;1994
73/231,united nations convention to combat desertification,united nations convention to combat desertification;1994
73/232,united nations convention to combat desertification,united nations convention to combat desertification;1994
73/233,united nations convention to combat desertification,united nations convention to combat desertification;1994
73/234,united nations convention to combat desertification,united nations convention to combat desertification;1994
73/237,united nations convention to combat desertification,united nations convention to combat desertification;1994
73/284,united nations convention to combat desertification,united nations convention to combat desertification;1994
73/330,united nations convention to combat desertification,united nations convention to combat desertification;1994
73/335,united nations convention to combat desertification,united nations convention to combat desertification;1994
s-19/2,united nations convention to combat desertification,united nations convention to combat desertification;1994
49/65,convention on nuclear safety,convention on nuclear safety;1994
50/9,convention on nuclear safety,convention on nuclear safety;1994
51/10,convention on nuclear safety,convention on nuclear safety;1994
52/11,convention on nuclear safety,convention on nuclear safety;1994
53/21,convention on nuclear safety,convention on nuclear safety;1994
54/26,convention on nuclear safety,convention on nuclear safety;1994
56/94,convention on nuclear safety,convention on nuclear safety;1994
57/9,convention on nuclear safety,convention on nuclear safety;1994
50/103,general agreement on trade in services,general agreement on trade in services;1995
51/240,general agreement on trade in services,general agreement on trade in services;1995
35/46,comprehensive nuclear-test-ban treaty,comprehensive nuclear-test-ban treaty;1996
35/145 b,comprehensive nuclear-test-ban treaty,comprehensive nuclear-test-ban treaty;1996
37/73,comprehensive nuclear-test-ban treaty,comprehensive nuclear-test-ban treaty;1996
38/63,comprehensive nuclear-test-ban treaty,comprehensive nuclear-test-ban treaty;1996
39/53,comprehensive nuclear-test-ban treaty,comprehensive nuclear-test-ban treaty;1996
40/80 a,comprehensive nuclear-test-ban treaty,comprehensive nuclear-test-ban treaty;1996
40/80 b,comprehensive nuclear-test-ban treaty,comprehensive nuclear-test-ban treaty;1996
40/81,comprehensive nuclear-test-ban treaty,comprehensive nuclear-test-ban treaty;1996
41/46 a,comprehensive nuclear-test-ban treaty,comprehensive nuclear-test-ban treaty;1996
41/46 b,comprehensive nuclear-test-ban treaty,comprehensive nuclear-test-ban treaty;1996
41/47,comprehensive nuclear-test-ban treaty,comprehensive nuclear-test-ban treaty;1996
41/59 n,comprehensive nuclear-test-ban treaty,comprehensive nuclear-test-ban treaty;1996
42/26 a,comprehensive nuclear-test-ban treaty,comprehensive nuclear-test-ban treaty;1996
42/27,comprehensive nuclear-test-ban treaty,comprehensive nuclear-test-ban treaty;1996
43/63 a,comprehensive nuclear-test-ban treaty,comprehensive nuclear-test-ban treaty;1996
43/64,comprehensive nuclear-test-ban treaty,comprehensive nuclear-test-ban treaty;1996
44/106,comprehensive nuclear-test-ban treaty,comprehensive nuclear-test-ban treaty;1996
44/107,comprehensive nuclear-test-ban treaty,comprehensive nuclear-test-ban treaty;1996
45/50,comprehensive nuclear-test-ban treaty,comprehensive nuclear-test-ban treaty;1996
45/51,comprehensive nuclear-test-ban treaty,comprehensive nuclear-test-ban treaty;1996
46/28,comprehensive nuclear-test-ban treaty,comprehensive nuclear-test-ban treaty;1996
46/29,comprehensive nuclear-test-ban treaty,comprehensive nuclear-test-ban treaty;1996
47/46,comprehensive nuclear-test-ban treaty,comprehensive nuclear-test-ban treaty;1996
47/47,comprehensive nuclear-test-ban treaty,comprehensive nuclear-test-ban treaty;1996
48/69,comprehensive nuclear-test-ban treaty,comprehensive nuclear-test-ban treaty;1996
48/84 a,comprehensive nuclear-test-ban treaty,comprehensive nuclear-test-ban treaty;1996
49/69,comprehensive nuclear-test-ban treaty,comprehensive nuclear-test-ban treaty;1996
49/70,comprehensive nuclear-test-ban treaty,comprehensive nuclear-test-ban treaty;1996
49/75 h,comprehensive nuclear-test-ban treaty,comprehensive nuclear-test-ban treaty;1996
49/77 c,comprehensive nuclear-test-ban treaty,comprehensive nuclear-test-ban treaty;1996
50/64,comprehensive nuclear-test-ban treaty,comprehensive nuclear-test-ban treaty;1996
50/65,comprehensive nuclear-test-ban treaty,comprehensive nuclear-test-ban treaty;1996
50/70 a,comprehensive nuclear-test-ban treaty,comprehensive nuclear-test-ban treaty;1996
50/70 c,comprehensive nuclear-test-ban treaty,comprehensive nuclear-test-ban treaty;1996
50/70 m,comprehensive nuclear-test-ban treaty,comprehensive nuclear-test-ban treaty;1996
50/70 p,comprehensive nuclear-test-ban treaty,comprehensive nuclear-test-ban treaty;1996
50/72 a,comprehensive nuclear-test-ban treaty,comprehensive nuclear-test-ban treaty;1996
50/72 c,comprehensive nuclear-test-ban treaty,comprehensive nuclear-test-ban treaty;1996
50/245,comprehensive nuclear-test-ban treaty,comprehensive nuclear-test-ban treaty;1996
51/45 c,comprehensive nuclear-test-ban treaty,comprehensive nuclear-test-ban treaty;1996
51/45 g,comprehensive nuclear-test-ban treaty,comprehensive nuclear-test-ban treaty;1996
51/45 m,comprehensive nuclear-test-ban treaty,comprehensive nuclear-test-ban treaty;1996
51/45 o,comprehensive nuclear-test-ban treaty,comprehensive nuclear-test-ban treaty;1996
51/48,comprehensive nuclear-test-ban treaty,comprehensive nuclear-test-ban treaty;1996
52/38 f,comprehensive nuclear-test-ban treaty,comprehensive nuclear-test-ban treaty;1996
52/38 k,comprehensive nuclear-test-ban treaty,comprehensive nuclear-test-ban treaty;1996
52/38 l,comprehensive nuclear-test-ban treaty,comprehensive nuclear-test-ban treaty;1996
52/38 o,comprehensive nuclear-test-ban treaty,comprehensive nuclear-test-ban treaty;1996
52/41,comprehensive nuclear-test-ban treaty,comprehensive nuclear-test-ban treaty;1996
53/77 g,comprehensive nuclear-test-ban treaty,comprehensive nuclear-test-ban treaty;1996
53/77 u,comprehensive nuclear-test-ban treaty,comprehensive nuclear-test-ban treaty;1996
53/77 w,comprehensive nuclear-test-ban treaty,comprehensive nuclear-test-ban treaty;1996
53/77 x,comprehensive nuclear-test-ban treaty,comprehensive nuclear-test-ban treaty;1996
53/77 y,comprehensive nuclear-test-ban treaty,comprehensive nuclear-test-ban treaty;1996
53/80,comprehensive nuclear-test-ban treaty,comprehensive nuclear-test-ban treaty;1996
54/54 d,comprehensive nuclear-test-ban treaty,comprehensive nuclear-test-ban treaty;1996
54/54 g,comprehensive nuclear-test-ban treaty,comprehensive nuclear-test-ban treaty;1996
54/54 p,comprehensive nuclear-test-ban treaty,comprehensive nuclear-test-ban treaty;1996
54/54 q,comprehensive nuclear-test-ban treaty,comprehensive nuclear-test-ban treaty;1996
54/57,comprehensive nuclear-test-ban treaty,comprehensive nuclear-test-ban treaty;1996
54/63,comprehensive nuclear-test-ban treaty,comprehensive nuclear-test-ban treaty;1996
54/65,comprehensive nuclear-test-ban treaty,comprehensive nuclear-test-ban treaty;1996
54/280,comprehensive nuclear-test-ban treaty,comprehensive nuclear-test-ban treaty;1996
55/33 c,comprehensive nuclear-test-ban treaty,comprehensive nuclear-test-ban treaty;1996
55/33 r,comprehensive nuclear-test-ban treaty,comprehensive nuclear-test-ban treaty;1996
55/33 t,comprehensive nuclear-test-ban treaty,comprehensive nuclear-test-ban treaty;1996
55/33 x,comprehensive nuclear-test-ban treaty,comprehensive nuclear-test-ban treaty;1996
55/34 c,comprehensive nuclear-test-ban treaty,comprehensive nuclear-test-ban treaty;1996
55/36,comprehensive nuclear-test-ban treaty,comprehensive nuclear-test-ban treaty;1996
55/41,comprehensive nuclear-test-ban treaty,comprehensive nuclear-test-ban treaty;1996
55/285,comprehensive nuclear-test-ban treaty,comprehensive nuclear-test-ban treaty;1996
56/24 n,comprehensive nuclear-test-ban treaty,comprehensive nuclear-test-ban treaty;1996
56/24 r,comprehensive nuclear-test-ban treaty,comprehensive nuclear-test-ban treaty;1996
56/24 s,comprehensive nuclear-test-ban treaty,comprehensive nuclear-test-ban treaty;1996
56/27,comprehensive nuclear-test-ban treaty,comprehensive nuclear-test-ban treaty;1996
56/49,comprehensive nuclear-test-ban treaty,comprehensive nuclear-test-ban treaty;1996
57/49,comprehensive nuclear-test-ban treaty,comprehensive nuclear-test-ban treaty;1996
57/59,comprehensive nuclear-test-ban treaty,comprehensive nuclear-test-ban treaty;1996
57/78,comprehensive nuclear-test-ban treaty,comprehensive nuclear-test-ban treaty;1996
57/79,comprehensive nuclear-test-ban treaty,comprehensive nuclear-test-ban treaty;1996
57/85,comprehensive nuclear-test-ban treaty,comprehensive nuclear-test-ban treaty;1996
57/93,comprehensive nuclear-test-ban treaty,comprehensive nuclear-test-ban treaty;1996
57/97,comprehensive nuclear-test-ban treaty,comprehensive nuclear-test-ban treaty;1996
57/100,comprehensive nuclear-test-ban treaty,comprehensive nuclear-test-ban treaty;1996
58/46,comprehensive nuclear-test-ban treaty,comprehensive nuclear-test-ban treaty;1996
58/51,comprehensive nuclear-test-ban treaty,comprehensive nuclear-test-ban treaty;1996
58/56,comprehensive nuclear-test-ban treaty,comprehensive nuclear-test-ban treaty;1996
58/59,comprehensive nuclear-test-ban treaty,comprehensive nuclear-test-ban treaty;1996
58/68,comprehensive nuclear-test-ban treaty,comprehensive nuclear-test-ban treaty;1996
58/71,comprehensive nuclear-test-ban treaty,comprehensive nuclear-test-ban treaty;1996
58/314,comprehensive nuclear-test-ban treaty,comprehensive nuclear-test-ban treaty;1996
59/6,comprehensive nuclear-test-ban treaty,comprehensive nuclear-test-ban treaty;1996
59/75,comprehensive nuclear-test-ban treaty,comprehensive nuclear-test-ban treaty;1996
59/76,comprehensive nuclear-test-ban treaty,comprehensive nuclear-test-ban treaty;1996
59/77,comprehensive nuclear-test-ban treaty,comprehensive nuclear-test-ban treaty;1996
59/83,comprehensive nuclear-test-ban treaty,comprehensive nuclear-test-ban treaty;1996
59/97,comprehensive nuclear-test-ban treaty,comprehensive nuclear-test-ban treaty;1996
59/106,comprehensive nuclear-test-ban treaty,comprehensive nuclear-test-ban treaty;1996
59/109,comprehensive nuclear-test-ban treaty,comprehensive nuclear-test-ban treaty;1996
59/269,comprehensive nuclear-test-ban treaty,comprehensive nuclear-test-ban treaty;1996
60/65,comprehensive nuclear-test-ban treaty,comprehensive nuclear-test-ban treaty;1996
60/70,comprehensive nuclear-test-ban treaty,comprehensive nuclear-test-ban treaty;1996
60/76,comprehensive nuclear-test-ban treaty,comprehensive nuclear-test-ban treaty;1996
60/92,comprehensive nuclear-test-ban treaty,comprehensive nuclear-test-ban treaty;1996
60/95,comprehensive nuclear-test-ban treaty,comprehensive nuclear-test-ban treaty;1996
61/47,comprehensive nuclear-test-ban treaty,comprehensive nuclear-test-ban treaty;1996
61/74,comprehensive nuclear-test-ban treaty,comprehensive nuclear-test-ban treaty;1996
61/78,comprehensive nuclear-test-ban treaty,comprehensive nuclear-test-ban treaty;1996
61/83,comprehensive nuclear-test-ban treaty,comprehensive nuclear-test-ban treaty;1996
61/91,comprehensive nuclear-test-ban treaty,comprehensive nuclear-test-ban treaty;1996
61/103,comprehensive nuclear-test-ban treaty,comprehensive nuclear-test-ban treaty;1996
61/104,comprehensive nuclear-test-ban treaty,comprehensive nuclear-test-ban treaty;1996
62/25,comprehensive nuclear-test-ban treaty,comprehensive nuclear-test-ban treaty;1996
62/37,comprehensive nuclear-test-ban treaty,comprehensive nuclear-test-ban treaty;1996
62/39,comprehensive nuclear-test-ban treaty,comprehensive nuclear-test-ban treaty;1996
62/42,comprehensive nuclear-test-ban treaty,comprehensive nuclear-test-ban treaty;1996
62/56,comprehensive nuclear-test-ban treaty,comprehensive nuclear-test-ban treaty;1996
62/59,comprehensive nuclear-test-ban treaty,comprehensive nuclear-test-ban treaty;1996
63/13,comprehensive nuclear-test-ban treaty,comprehensive nuclear-test-ban treaty;1996
63/46,comprehensive nuclear-test-ban treaty,comprehensive nuclear-test-ban treaty;1996
63/49,comprehensive nuclear-test-ban treaty,comprehensive nuclear-test-ban treaty;1996
63/58,comprehensive nuclear-test-ban treaty,comprehensive nuclear-test-ban treaty;1996
63/73,comprehensive nuclear-test-ban treaty,comprehensive nuclear-test-ban treaty;1996
63/79,comprehensive nuclear-test-ban treaty,comprehensive nuclear-test-ban treaty;1996
63/84,comprehensive nuclear-test-ban treaty,comprehensive nuclear-test-ban treaty;1996
63/87,comprehensive nuclear-test-ban treaty,comprehensive nuclear-test-ban treaty;1996
64/47,comprehensive nuclear-test-ban treaty,comprehensive nuclear-test-ban treaty;1996
64/53,comprehensive nuclear-test-ban treaty,comprehensive nuclear-test-ban treaty;1996
64/55,comprehensive nuclear-test-ban treaty,comprehensive nuclear-test-ban treaty;1996
64/57,comprehensive nuclear-test-ban treaty,comprehensive nuclear-test-ban treaty;1996
64/66,comprehensive nuclear-test-ban treaty,comprehensive nuclear-test-ban treaty;1996
64/69,comprehensive nuclear-test-ban treaty,comprehensive nuclear-test-ban treaty;1996
65/56,comprehensive nuclear-test-ban treaty,comprehensive nuclear-test-ban treaty;1996
65/59,comprehensive nuclear-test-ban treaty,comprehensive nuclear-test-ban treaty;1996
65/61,comprehensive nuclear-test-ban treaty,comprehensive nuclear-test-ban treaty;1996
65/72,comprehensive nuclear-test-ban treaty,comprehensive nuclear-test-ban treaty;1996
65/76,comprehensive nuclear-test-ban treaty,comprehensive nuclear-test-ban treaty;1996
65/82,comprehensive nuclear-test-ban treaty,comprehensive nuclear-test-ban treaty;1996
65/88,comprehensive nuclear-test-ban treaty,comprehensive nuclear-test-ban treaty;1996
65/91,comprehensive nuclear-test-ban treaty,comprehensive nuclear-test-ban treaty;1996
65/127,comprehensive nuclear-test-ban treaty,comprehensive nuclear-test-ban treaty;1996
66/40,comprehensive nuclear-test-ban treaty,comprehensive nuclear-test-ban treaty;1996
66/45,comprehensive nuclear-test-ban treaty,comprehensive nuclear-test-ban treaty;1996
66/46,comprehensive nuclear-test-ban treaty,comprehensive nuclear-test-ban treaty;1996
66/51,comprehensive nuclear-test-ban treaty,comprehensive nuclear-test-ban treaty;1996
66/61,comprehensive nuclear-test-ban treaty,comprehensive nuclear-test-ban treaty;1996
66/64,comprehensive nuclear-test-ban treaty,comprehensive nuclear-test-ban treaty;1996
67/9,comprehensive nuclear-test-ban treaty,comprehensive nuclear-test-ban treaty;1996
67/33,comprehensive nuclear-test-ban treaty,comprehensive nuclear-test-ban treaty;1996
67/34,comprehensive nuclear-test-ban treaty,comprehensive nuclear-test-ban treaty;1996
67/59,comprehensive nuclear-test-ban treaty,comprehensive nuclear-test-ban treaty;1996
67/60,comprehensive nuclear-test-ban treaty,comprehensive nuclear-test-ban treaty;1996
67/68,comprehensive nuclear-test-ban treaty,comprehensive nuclear-test-ban treaty;1996
67/73,comprehensive nuclear-test-ban treaty,comprehensive nuclear-test-ban treaty;1996
67/76,comprehensive nuclear-test-ban treaty,comprehensive nuclear-test-ban treaty;1996
68/39,comprehensive nuclear-test-ban treaty,comprehensive nuclear-test-ban treaty;1996
68/42,comprehensive nuclear-test-ban treaty,comprehensive nuclear-test-ban treaty;1996
68/47,comprehensive nuclear-test-ban treaty,comprehensive nuclear-test-ban treaty;1996
68/51,comprehensive nuclear-test-ban treaty,comprehensive nuclear-test-ban treaty;1996
68/65,comprehensive nuclear-test-ban treaty,comprehensive nuclear-test-ban treaty;1996
68/68,comprehensive nuclear-test-ban treaty,comprehensive nuclear-test-ban treaty;1996
69/37,comprehensive nuclear-test-ban treaty,comprehensive nuclear-test-ban treaty;1996
69/43,comprehensive nuclear-test-ban treaty,comprehensive nuclear-test-ban treaty;1996
69/48,comprehensive nuclear-test-ban treaty,comprehensive nuclear-test-ban treaty;1996
69/52,comprehensive nuclear-test-ban treaty,comprehensive nuclear-test-ban treaty;1996
69/75,comprehensive nuclear-test-ban treaty,comprehensive nuclear-test-ban treaty;1996
69/81,comprehensive nuclear-test-ban treaty,comprehensive nuclear-test-ban treaty;1996
69/112,comprehensive nuclear-test-ban treaty,comprehensive nuclear-test-ban treaty;1996
70/40,comprehensive nuclear-test-ban treaty,comprehensive nuclear-test-ban treaty;1996
70/51,comprehensive nuclear-test-ban treaty,comprehensive nuclear-test-ban treaty;1996
70/52,comprehensive nuclear-test-ban treaty,comprehensive nuclear-test-ban treaty;1996
70/56,comprehensive nuclear-test-ban treaty,comprehensive nuclear-test-ban treaty;1996
70/73,comprehensive nuclear-test-ban treaty,comprehensive nuclear-test-ban treaty;1996
70/210,comprehensive nuclear-test-ban treaty,comprehensive nuclear-test-ban treaty;1996
70/303,comprehensive nuclear-test-ban treaty,comprehensive nuclear-test-ban treaty;1996
71/49,comprehensive nuclear-test-ban treaty,comprehensive nuclear-test-ban treaty;1996
71/54,comprehensive nuclear-test-ban treaty,comprehensive nuclear-test-ban treaty;1996
71/58,comprehensive nuclear-test-ban treaty,comprehensive nuclear-test-ban treaty;1996
71/63,comprehensive nuclear-test-ban treaty,comprehensive nuclear-test-ban treaty;1996
71/73,comprehensive nuclear-test-ban treaty,comprehensive nuclear-test-ban treaty;1996
71/83,comprehensive nuclear-test-ban treaty,comprehensive nuclear-test-ban treaty;1996
71/86,comprehensive nuclear-test-ban treaty,comprehensive nuclear-test-ban treaty;1996
72/31,comprehensive nuclear-test-ban treaty,comprehensive nuclear-test-ban treaty;1996
72/38,comprehensive nuclear-test-ban treaty,comprehensive nuclear-test-ban treaty;1996
72/39,comprehensive nuclear-test-ban treaty,comprehensive nuclear-test-ban treaty;1996
72/50,comprehensive nuclear-test-ban treaty,comprehensive nuclear-test-ban treaty;1996
72/58,comprehensive nuclear-test-ban treaty,comprehensive nuclear-test-ban treaty;1996
72/67,comprehensive nuclear-test-ban treaty,comprehensive nuclear-test-ban treaty;1996
72/70,comprehensive nuclear-test-ban treaty,comprehensive nuclear-test-ban treaty;1996
72/244,comprehensive nuclear-test-ban treaty,comprehensive nuclear-test-ban treaty;1996
72/251,comprehensive nuclear-test-ban treaty,comprehensive nuclear-test-ban treaty;1996
72/308,comprehensive nuclear-test-ban treaty,comprehensive nuclear-test-ban treaty;1996
73/12,comprehensive nuclear-test-ban treaty,comprehensive nuclear-test-ban treaty;1996
73/50,comprehensive nuclear-test-ban treaty,comprehensive nuclear-test-ban treaty;1996
73/62,comprehensive nuclear-test-ban treaty,comprehensive nuclear-test-ban treaty;1996
73/64,comprehensive nuclear-test-ban treaty,comprehensive nuclear-test-ban treaty;1996
73/70,comprehensive nuclear-test-ban treaty,comprehensive nuclear-test-ban treaty;1996
73/73,comprehensive nuclear-test-ban treaty,comprehensive nuclear-test-ban treaty;1996
73/83,comprehensive nuclear-test-ban treaty,comprehensive nuclear-test-ban treaty;1996
73/86,comprehensive nuclear-test-ban treaty,comprehensive nuclear-test-ban treaty;1996
73/274,comprehensive nuclear-test-ban treaty,comprehensive nuclear-test-ban treaty;1996
73/292,comprehensive nuclear-test-ban treaty,comprehensive nuclear-test-ban treaty;1996
54/222,kyoto protocol,kyoto protocol;1997
54/282,kyoto protocol,kyoto protocol;1997
55/2,kyoto protocol,kyoto protocol;1997
56/199,kyoto protocol,kyoto protocol;1997
57/257,kyoto protocol,kyoto protocol;1997
57/258,kyoto protocol,kyoto protocol;1997
58/215,kyoto protocol,kyoto protocol;1997
58/243,kyoto protocol,kyoto protocol;1997
59/233,kyoto protocol,kyoto protocol;1997
59/234,kyoto protocol,kyoto protocol;1997
59/314,kyoto protocol,kyoto protocol;1997
60/1,kyoto protocol,kyoto protocol;1997
60/196,kyoto protocol,kyoto protocol;1997
60/197,kyoto protocol,kyoto protocol;1997
60/265,kyoto protocol,kyoto protocol;1997
61/200,kyoto protocol,kyoto protocol;1997
61/201,kyoto protocol,kyoto protocol;1997
62/86,kyoto protocol,kyoto protocol;1997
62/137,kyoto protocol,kyoto protocol;1997
63/32,kyoto protocol,kyoto protocol;1997
63/100 b,kyoto protocol,kyoto protocol;1997
63/217,kyoto protocol,kyoto protocol;1997
63/239,kyoto protocol,kyoto protocol;1997
64/73,kyoto protocol,kyoto protocol;1997
64/96 b,kyoto protocol,kyoto protocol;1997
64/299,kyoto protocol,kyoto protocol;1997
65/1,kyoto protocol,kyoto protocol;1997
65/107 b,kyoto protocol,kyoto protocol;1997
65/157,kyoto protocol,kyoto protocol;1997
65/159,kyoto protocol,kyoto protocol;1997
66/81 b,kyoto protocol,kyoto protocol;1997
66/200,kyoto protocol,kyoto protocol;1997
66/288,kyoto protocol,kyoto protocol;1997
67/124 b,kyoto protocol,kyoto protocol;1997
67/210,kyoto protocol,kyoto protocol;1997
68/86 b,kyoto protocol,kyoto protocol;1997
68/212,kyoto protocol,kyoto protocol;1997
69/96 b,kyoto protocol,kyoto protocol;1997
69/220,kyoto protocol,kyoto protocol;1997
70/93 b,kyoto protocol,kyoto protocol;1997
70/205,kyoto protocol,kyoto protocol;1997
71/101 b,kyoto protocol,kyoto protocol;1997
71/128,kyoto protocol,kyoto protocol;1997
71/228,kyoto protocol,kyoto protocol;1997
71/257,kyoto protocol,kyoto protocol;1997
71/320,kyoto protocol,kyoto protocol;1997
72/73,kyoto protocol,kyoto protocol;1997
72/90 b,kyoto protocol,kyoto protocol;1997
72/132,kyoto protocol,kyoto protocol;1997
72/219,kyoto protocol,kyoto protocol;1997
72/237,kyoto protocol,kyoto protocol;1997
73/102 b,kyoto protocol,kyoto protocol;1997
73/124,kyoto protocol,kyoto protocol;1997
73/136,kyoto protocol,kyoto protocol;1997
73/232,kyoto protocol,kyoto protocol;1997
es-10/9,rome statute of the international criminal court,rome statute of the international criminal court;1998
53/87,rome statute of the international criminal court,rome statute of the international criminal court;1998
53/96,rome statute of the international criminal court,rome statute of the international criminal court;1998
53/105,rome statute of the international criminal court,rome statute of the international criminal court;1998
53/116,rome statute of the international criminal court,rome statute of the international criminal court;1998
53/128,rome statute of the international criminal court,rome statute of the international criminal court;1998
53/147,rome statute of the international criminal court,rome statute of the international criminal court;1998
54/28,rome statute of the international criminal court,rome statute of the international criminal court;1998
54/105,rome statute of the international criminal court,rome statute of the international criminal court;1998
54/180,rome statute of the international criminal court,rome statute of the international criminal court;1998
54/192,rome statute of the international criminal court,rome statute of the international criminal court;1998
54/282,rome statute of the international criminal court,rome statute of the international criminal court;1998
55/2,rome statute of the international criminal court,rome statute of the international criminal court;1998
55/67,rome statute of the international criminal court,rome statute of the international criminal court;1998
55/95,rome statute of the international criminal court,rome statute of the international criminal court;1998
55/111,rome statute of the international criminal court,rome statute of the international criminal court;1998
55/148,rome statute of the international criminal court,rome statute of the international criminal court;1998
55/155,rome statute of the international criminal court,rome statute of the international criminal court;1998
55/175,rome statute of the international criminal court,rome statute of the international criminal court;1998
56/43,rome statute of the international criminal court,rome statute of the international criminal court;1998
56/85,rome statute of the international criminal court,rome statute of the international criminal court;1998
56/217,rome statute of the international criminal court,rome statute of the international criminal court;1998
57/14,rome statute of the international criminal court,rome statute of the international criminal court;1998
57/23,rome statute of the international criminal court,rome statute of the international criminal court;1998
57/155,rome statute of the international criminal court,rome statute of the international criminal court;1998
57/156,rome statute of the international criminal court,rome statute of the international criminal court;1998
57/176,rome statute of the international criminal court,rome statute of the international criminal court;1998
57/190,rome statute of the international criminal court,rome statute of the international criminal court;1998
57/215,rome statute of the international criminal court,rome statute of the international criminal court;1998
57/225,rome statute of the international criminal court,rome statute of the international criminal court;1998
57/228 b,rome statute of the international criminal court,rome statute of the international criminal court;1998
57/233,rome statute of the international criminal court,rome statute of the international criminal court;1998
57/337,rome statute of the international criminal court,rome statute of the international criminal court;1998
58/79,rome statute of the international criminal court,rome statute of the international criminal court;1998
58/122,rome statute of the international criminal court,rome statute of the international criminal court;1998
58/157,rome statute of the international criminal court,rome statute of the international criminal court;1998
58/177,rome statute of the international criminal court,rome statute of the international criminal court;1998
58/196,rome statute of the international criminal court,rome statute of the international criminal court;1998
58/318,rome statute of the international criminal court,rome statute of the international criminal court;1998
59/36,rome statute of the international criminal court,rome statute of the international criminal court;1998
59/43,rome statute of the international criminal court,rome statute of the international criminal court;1998
59/166,rome statute of the international criminal court,rome statute of the international criminal court;1998
59/200,rome statute of the international criminal court,rome statute of the international criminal court;1998
59/207,rome statute of the international criminal court,rome statute of the international criminal court;1998
59/211,rome statute of the international criminal court,rome statute of the international criminal court;1998
59/261,rome statute of the international criminal court,rome statute of the international criminal court;1998
60/29,rome statute of the international criminal court,rome statute of the international criminal court;1998
60/123,rome statute of the international criminal court,rome statute of the international criminal court;1998
60/147,rome statute of the international criminal court,rome statute of the international criminal court;1998
60/148,rome statute of the international criminal court,rome statute of the international criminal court;1998
60/168,rome statute of the international criminal court,rome statute of the international criminal court;1998
60/170,rome statute of the international criminal court,rome statute of the international criminal court;1998
61/15,rome statute of the international criminal court,rome statute of the international criminal court;1998
61/30,rome statute of the international criminal court,rome statute of the international criminal court;1998
61/133,rome statute of the international criminal court,rome statute of the international criminal court;1998
61/143,rome statute of the international criminal court,rome statute of the international criminal court;1998
61/144,rome statute of the international criminal court,rome statute of the international criminal court;1998
61/153,rome statute of the international criminal court,rome statute of the international criminal court;1998
61/172,rome statute of the international criminal court,rome statute of the international criminal court;1998
61/173,rome statute of the international criminal court,rome statute of the international criminal court;1998
62/12,rome statute of the international criminal court,rome statute of the international criminal court;1998
62/95,rome statute of the international criminal court,rome statute of the international criminal court;1998
62/134,rome statute of the international criminal court,rome statute of the international criminal court;1998
62/148,rome statute of the international criminal court,rome statute of the international criminal court;1998
62/153,rome statute of the international criminal court,rome statute of the international criminal court;1998
63/21,rome statute of the international criminal court,rome statute of the international criminal court;1998
63/125,rome statute of the international criminal court,rome statute of the international criminal court;1998
63/138,rome statute of the international criminal court,rome statute of the international criminal court;1998
63/155,rome statute of the international criminal court,rome statute of the international criminal court;1998
63/156,rome statute of the international criminal court,rome statute of the international criminal court;1998
63/166,rome statute of the international criminal court,rome statute of the international criminal court;1998
64/9,rome statute of the international criminal court,rome statute of the international criminal court;1998
64/77,rome statute of the international criminal court,rome statute of the international criminal court;1998
64/153,rome statute of the international criminal court,rome statute of the international criminal court;1998
64/162,rome statute of the international criminal court,rome statute of the international criminal court;1998
64/290,rome statute of the international criminal court,rome statute of the international criminal court;1998
65/12,rome statute of the international criminal court,rome statute of the international criminal court;1998
65/29,rome statute of the international criminal court,rome statute of the international criminal court;1998
65/132,rome statute of the international criminal court,rome statute of the international criminal court;1998
65/187,rome statute of the international criminal court,rome statute of the international criminal court;1998
65/190,rome statute of the international criminal court,rome statute of the international criminal court;1998
65/205,rome statute of the international criminal court,rome statute of the international criminal court;1998
65/208,rome statute of the international criminal court,rome statute of the international criminal court;1998
65/228,rome statute of the international criminal court,rome statute of the international criminal court;1998
66/117,rome statute of the international criminal court,rome statute of the international criminal court;1998
66/150,rome statute of the international criminal court,rome statute of the international criminal court;1998
66/165,rome statute of the international criminal court,rome statute of the international criminal court;1998
66/262,rome statute of the international criminal court,rome statute of the international criminal court;1998
67/1,rome statute of the international criminal court,rome statute of the international criminal court;1998
67/83,rome statute of the international criminal court,rome statute of the international criminal court;1998
67/85,rome statute of the international criminal court,rome statute of the international criminal court;1998
67/93,rome statute of the international criminal court,rome statute of the international criminal court;1998
67/144,rome statute of the international criminal court,rome statute of the international criminal court;1998
67/145,rome statute of the international criminal court,rome statute of the international criminal court;1998
67/161,rome statute of the international criminal court,rome statute of the international criminal court;1998
67/168,rome statute of the international criminal court,rome statute of the international criminal court;1998
67/295,rome statute of the international criminal court,rome statute of the international criminal court;1998
68/101,rome statute of the international criminal court,rome statute of the international criminal court;1998
68/156,rome statute of the international criminal court,rome statute of the international criminal court;1998
68/180,rome statute of the international criminal court,rome statute of the international criminal court;1998
68/305,rome statute of the international criminal court,rome statute of the international criminal court;1998
69/83,rome statute of the international criminal court,rome statute of the international criminal court;1998
69/120,rome statute of the international criminal court,rome statute of the international criminal court;1998
69/133,rome statute of the international criminal court,rome statute of the international criminal court;1998
69/147,rome statute of the international criminal court,rome statute of the international criminal court;1998
69/149,rome statute of the international criminal court,rome statute of the international criminal court;1998
69/182,rome statute of the international criminal court,rome statute of the international criminal court;1998
69/279,rome statute of the international criminal court,rome statute of the international criminal court;1998
70/104,rome statute of the international criminal court,rome statute of the international criminal court;1998
70/146,rome statute of the international criminal court,rome statute of the international criminal court;1998
70/176,rome statute of the international criminal court,rome statute of the international criminal court;1998
70/264,rome statute of the international criminal court,rome statute of the international criminal court;1998
71/17,rome statute of the international criminal court,rome statute of the international criminal court;1998
71/129,rome statute of the international criminal court,rome statute of the international criminal court;1998
71/144,rome statute of the international criminal court,rome statute of the international criminal court;1998
71/167,rome statute of the international criminal court,rome statute of the international criminal court;1998
71/198,rome statute of the international criminal court,rome statute of the international criminal court;1998
71/253,rome statute of the international criminal court,rome statute of the international criminal court;1998
72/3,rome statute of the international criminal court,rome statute of the international criminal court;1998
72/131,rome statute of the international criminal court,rome statute of the international criminal court;1998
72/163,rome statute of the international criminal court,rome statute of the international criminal court;1998
72/182,rome statute of the international criminal court,rome statute of the international criminal court;1998
73/7,rome statute of the international criminal court,rome statute of the international criminal court;1998
73/15,rome statute of the international criminal court,rome statute of the international criminal court;1998
73/137,rome statute of the international criminal court,rome statute of the international criminal court;1998
73/146,rome statute of the international criminal court,rome statute of the international criminal court;1998
73/172,rome statute of the international criminal court,rome statute of the international criminal court;1998
73/204,rome statute of the international criminal court,rome statute of the international criminal court;1998
s-23/3,rome statute of the international criminal court,rome statute of the international criminal court;1998
48/197,cotonou agreement,cotonou agreement;2000
55/216,cotonou agreement,cotonou agreement;2000
58/14,agreement on the conservation of albatrosses and petrels,agreement on the conservation of albatrosses and petrels;2001
59/25,agreement on the conservation of albatrosses and petrels,agreement on the conservation of albatrosses and petrels;2001
64/72,agreement on the conservation of albatrosses and petrels,agreement on the conservation of albatrosses and petrels;2001
66/68,agreement on the conservation of albatrosses and petrels,agreement on the conservation of albatrosses and petrels;2001
67/79,agreement on the conservation of albatrosses and petrels,agreement on the conservation of albatrosses and petrels;2001
68/71,agreement on the conservation of albatrosses and petrels,agreement on the conservation of albatrosses and petrels;2001
69/109,agreement on the conservation of albatrosses and petrels,agreement on the conservation of albatrosses and petrels;2001
70/75,agreement on the conservation of albatrosses and petrels,agreement on the conservation of albatrosses and petrels;2001
71/123,agreement on the conservation of albatrosses and petrels,agreement on the conservation of albatrosses and petrels;2001
72/72,agreement on the conservation of albatrosses and petrels,agreement on the conservation of albatrosses and petrels;2001
73/125,agreement on the conservation of albatrosses and petrels,agreement on the conservation of albatrosses and petrels;2001
58/212,international treaty on plant genetic resources for food and agriculture,international treaty on plant genetic resources for food and agriculture;2004
59/236,international treaty on plant genetic resources for food and agriculture,international treaty on plant genetic resources for food and agriculture;2004
60/202,international treaty on plant genetic resources for food and agriculture,international treaty on plant genetic resources for food and agriculture;2004
61/204,international treaty on plant genetic resources for food and agriculture,international treaty on plant genetic resources for food and agriculture;2004
62/194,international treaty on plant genetic resources for food and agriculture,international treaty on plant genetic resources for food and agriculture;2004
63/219,international treaty on plant genetic resources for food and agriculture,international treaty on plant genetic resources for food and agriculture;2004
64/159,international treaty on plant genetic resources for food and agriculture,international treaty on plant genetic resources for food and agriculture;2004
64/203,international treaty on plant genetic resources for food and agriculture,international treaty on plant genetic resources for food and agriculture;2004
65/220,international treaty on plant genetic resources for food and agriculture,international treaty on plant genetic resources for food and agriculture;2004
66/158,international treaty on plant genetic resources for food and agriculture,international treaty on plant genetic resources for food and agriculture;2004
67/174,international treaty on plant genetic resources for food and agriculture,international treaty on plant genetic resources for food and agriculture;2004
68/177,international treaty on plant genetic resources for food and agriculture,international treaty on plant genetic resources for food and agriculture;2004
68/214,international treaty on plant genetic resources for food and agriculture,international treaty on plant genetic resources for food and agriculture;2004
69/177,international treaty on plant genetic resources for food and agriculture,international treaty on plant genetic resources for food and agriculture;2004
70/154,international treaty on plant genetic resources for food and agriculture,international treaty on plant genetic resources for food and agriculture;2004
71/191,international treaty on plant genetic resources for food and agriculture,international treaty on plant genetic resources for food and agriculture;2004
72/173,international treaty on plant genetic resources for food and agriculture,international treaty on plant genetic resources for food and agriculture;2004
73/165,international treaty on plant genetic resources for food and agriculture,international treaty on plant genetic resources for food and agriculture;2004
73/171,international treaty on plant genetic resources for food and agriculture,international treaty on plant genetic resources for food and agriculture;2004
58/261 a,comprehensive peace agreement,comprehensive peace agreement;2005
58/261 b,comprehensive peace agreement,comprehensive peace agreement;2005
59/219,comprehensive peace agreement,comprehensive peace agreement;2005
59/305,comprehensive peace agreement,comprehensive peace agreement;2005
60/276,comprehensive peace agreement,comprehensive peace agreement;2005
61/286,comprehensive peace agreement,comprehensive peace agreement;2005
62/263,comprehensive peace agreement,comprehensive peace agreement;2005
63/296,comprehensive peace agreement,comprehensive peace agreement;2005
64/280,comprehensive peace agreement,comprehensive peace agreement;2005
65/257 b,comprehensive peace agreement,comprehensive peace agreement;2005
65/301,comprehensive peace agreement,comprehensive peace agreement;2005
66/241 a,comprehensive peace agreement,comprehensive peace agreement;2005
66/243 a,comprehensive peace agreement,comprehensive peace agreement;2005
66/244,comprehensive peace agreement,comprehensive peace agreement;2005
66/275,comprehensive peace agreement,comprehensive peace agreement;2005
67/277,comprehensive peace agreement,comprehensive peace agreement;2005
68/80,comprehensive peace agreement,comprehensive peace agreement;2005
68/291,comprehensive peace agreement,comprehensive peace agreement;2005
69/259 b,comprehensive peace agreement,comprehensive peace agreement;2005
70/278,comprehensive peace agreement,comprehensive peace agreement;2005
71/304,comprehensive peace agreement,comprehensive peace agreement;2005
72/296,comprehensive peace agreement,comprehensive peace agreement;2005
73/319,comprehensive peace agreement,comprehensive peace agreement;2005
65/161,nagoya protocol,nagoya protocol;2010
66/288,nagoya protocol,nagoya protocol;2010
67/212,nagoya protocol,nagoya protocol;2010
68/214,nagoya protocol,nagoya protocol;2010
69/15,nagoya protocol,nagoya protocol;2010
69/222,nagoya protocol,nagoya protocol;2010
70/207,nagoya protocol,nagoya protocol;2010
71/230,nagoya protocol,nagoya protocol;2010
72/221,nagoya protocol,nagoya protocol;2010
73/165,nagoya protocol,nagoya protocol;2010
73/234,nagoya protocol,nagoya protocol;2010
64/293,global plan of action to combat trafficking in persons,global plan of action to combat trafficking in persons;2010
65/130,global plan of action to combat trafficking in persons,global plan of action to combat trafficking in persons;2010
65/187,global plan of action to combat trafficking in persons,global plan of action to combat trafficking in persons;2010
65/190,global plan of action to combat trafficking in persons,global plan of action to combat trafficking in persons;2010
65/197,global plan of action to combat trafficking in persons,global plan of action to combat trafficking in persons;2010
65/232,global plan of action to combat trafficking in persons,global plan of action to combat trafficking in persons;2010
66/128,global plan of action to combat trafficking in persons,global plan of action to combat trafficking in persons;2010
66/140,global plan of action to combat trafficking in persons,global plan of action to combat trafficking in persons;2010
66/141,global plan of action to combat trafficking in persons,global plan of action to combat trafficking in persons;2010
66/181,global plan of action to combat trafficking in persons,global plan of action to combat trafficking in persons;2010
67/144,global plan of action to combat trafficking in persons,global plan of action to combat trafficking in persons;2010
67/145,global plan of action to combat trafficking in persons,global plan of action to combat trafficking in persons;2010
67/185,global plan of action to combat trafficking in persons,global plan of action to combat trafficking in persons;2010
67/189,global plan of action to combat trafficking in persons,global plan of action to combat trafficking in persons;2010
67/190,global plan of action to combat trafficking in persons,global plan of action to combat trafficking in persons;2010
67/260,global plan of action to combat trafficking in persons,global plan of action to combat trafficking in persons;2010
68/137,global plan of action to combat trafficking in persons,global plan of action to combat trafficking in persons;2010
68/146,global plan of action to combat trafficking in persons,global plan of action to combat trafficking in persons;2010
68/192,global plan of action to combat trafficking in persons,global plan of action to combat trafficking in persons;2010
68/193,global plan of action to combat trafficking in persons,global plan of action to combat trafficking in persons;2010
69/147,global plan of action to combat trafficking in persons,global plan of action to combat trafficking in persons;2010
69/149,global plan of action to combat trafficking in persons,global plan of action to combat trafficking in persons;2010
69/197,global plan of action to combat trafficking in persons,global plan of action to combat trafficking in persons;2010
70/130,global plan of action to combat trafficking in persons,global plan of action to combat trafficking in persons;2010
70/138,global plan of action to combat trafficking in persons,global plan of action to combat trafficking in persons;2010
70/174,global plan of action to combat trafficking in persons,global plan of action to combat trafficking in persons;2010
70/178,global plan of action to combat trafficking in persons,global plan of action to combat trafficking in persons;2010
70/179,global plan of action to combat trafficking in persons,global plan of action to combat trafficking in persons;2010
70/302,global plan of action to combat trafficking in persons,global plan of action to combat trafficking in persons;2010
71/1,global plan of action to combat trafficking in persons,global plan of action to combat trafficking in persons;2010
71/167,global plan of action to combat trafficking in persons,global plan of action to combat trafficking in persons;2010
71/170,global plan of action to combat trafficking in persons,global plan of action to combat trafficking in persons;2010
71/209,global plan of action to combat trafficking in persons,global plan of action to combat trafficking in persons;2010
71/287,global plan of action to combat trafficking in persons,global plan of action to combat trafficking in persons;2010
71/319,global plan of action to combat trafficking in persons,global plan of action to combat trafficking in persons;2010
72/1,global plan of action to combat trafficking in persons,global plan of action to combat trafficking in persons;2010
72/63,global plan of action to combat trafficking in persons,global plan of action to combat trafficking in persons;2010
72/146,global plan of action to combat trafficking in persons,global plan of action to combat trafficking in persons;2010
72/147,global plan of action to combat trafficking in persons,global plan of action to combat trafficking in persons;2010
72/149,global plan of action to combat trafficking in persons,global plan of action to combat trafficking in persons;2010
72/195,global plan of action to combat trafficking in persons,global plan of action to combat trafficking in persons;2010
72/196,global plan of action to combat trafficking in persons,global plan of action to combat trafficking in persons;2010
73/11,global plan of action to combat trafficking in persons,global plan of action to combat trafficking in persons;2010
73/78,global plan of action to combat trafficking in persons,global plan of action to combat trafficking in persons;2010
73/146,global plan of action to combat trafficking in persons,global plan of action to combat trafficking in persons;2010
73/148,global plan of action to combat trafficking in persons,global plan of action to combat trafficking in persons;2010
73/186,global plan of action to combat trafficking in persons,global plan of action to combat trafficking in persons;2010
73/189,global plan of action to combat trafficking in persons,global plan of action to combat trafficking in persons;2010
73/195,global plan of action to combat trafficking in persons,global plan of action to combat trafficking in persons;2010
73/15,convention on the manipulation of sports competitions,convention on the manipulation of sports competitions;2014
1497 (xv),paris agreement,paris agreement;2015
46/18,paris agreement,paris agreement;2015
46/222 a,paris agreement,paris agreement;2015
46/222 b,paris agreement,paris agreement;2015
47/209 a,paris agreement,paris agreement;2015
70/261,paris agreement,paris agreement;2015
70/294,paris agreement,paris agreement;2015
70/295,paris agreement,paris agreement;2015
70/298,paris agreement,paris agreement;2015
70/302,paris agreement,paris agreement;2015
70/303,paris agreement,paris agreement;2015
70/305,paris agreement,paris agreement;2015
71/1,paris agreement,paris agreement;2015
71/101 b,paris agreement,paris agreement;2015
71/123,paris agreement,paris agreement;2015
71/127,paris agreement,paris agreement;2015
71/128,paris agreement,paris agreement;2015
71/131,paris agreement,paris agreement;2015
71/191,paris agreement,paris agreement;2015
71/219,paris agreement,paris agreement;2015
71/220,paris agreement,paris agreement;2015
71/221,paris agreement,paris agreement;2015
71/223,paris agreement,paris agreement;2015
71/224,paris agreement,paris agreement;2015
71/225,paris agreement,paris agreement;2015
71/226,paris agreement,paris agreement;2015
71/227,paris agreement,paris agreement;2015
71/228,paris agreement,paris agreement;2015
71/229,paris agreement,paris agreement;2015
71/230,paris agreement,paris agreement;2015
71/231,paris agreement,paris agreement;2015
71/233,paris agreement,paris agreement;2015
71/234,paris agreement,paris agreement;2015
71/235,paris agreement,paris agreement;2015
71/236,paris agreement,paris agreement;2015
71/237,paris agreement,paris agreement;2015
71/238,paris agreement,paris agreement;2015
71/239,paris agreement,paris agreement;2015
71/240,paris agreement,paris agreement;2015
71/241,paris agreement,paris agreement;2015
71/242,paris agreement,paris agreement;2015
71/243,paris agreement,paris agreement;2015
71/244,paris agreement,paris agreement;2015
71/245,paris agreement,paris agreement;2015
71/254,paris agreement,paris agreement;2015
71/256,paris agreement,paris agreement;2015
71/257,paris agreement,paris agreement;2015
71/289,paris agreement,paris agreement;2015
71/312,paris agreement,paris agreement;2015
71/316,paris agreement,paris agreement;2015
71/320,paris agreement,paris agreement;2015
71/323,paris agreement,paris agreement;2015
71/327,paris agreement,paris agreement;2015
71/329,paris agreement,paris agreement;2015
72/72,paris agreement,paris agreement;2015
72/73,paris agreement,paris agreement;2015
72/90 b,paris agreement,paris agreement;2015
72/132,paris agreement,paris agreement;2015
72/133,paris agreement,paris agreement;2015
72/154,paris agreement,paris agreement;2015
72/173,paris agreement,paris agreement;2015
72/182,paris agreement,paris agreement;2015
72/204,paris agreement,paris agreement;2015
72/205,paris agreement,paris agreement;2015
72/212,paris agreement,paris agreement;2015
72/214,paris agreement,paris agreement;2015
72/215,paris agreement,paris agreement;2015
72/216,paris agreement,paris agreement;2015
72/217,paris agreement,paris agreement;2015
72/218,paris agreement,paris agreement;2015
72/219,paris agreement,paris agreement;2015
72/220,paris agreement,paris agreement;2015
72/221,paris agreement,paris agreement;2015
72/224,paris agreement,paris agreement;2015
72/225,paris agreement,paris agreement;2015
72/226,paris agreement,paris agreement;2015
72/229,paris agreement,paris agreement;2015
72/230,paris agreement,paris agreement;2015
72/231,paris agreement,paris agreement;2015
72/232,paris agreement,paris agreement;2015
72/233,paris agreement,paris agreement;2015
72/234,paris agreement,paris agreement;2015
72/236,paris agreement,paris agreement;2015
72/237,paris agreement,paris agreement;2015
72/238,paris agreement,paris agreement;2015
72/239,paris agreement,paris agreement;2015
72/245,paris agreement,paris agreement;2015
72/278,paris agreement,paris agreement;2015
72/305,paris agreement,paris agreement;2015
72/310,paris agreement,paris agreement;2015
73/6,paris agreement,paris agreement;2015
73/118,paris agreement,paris agreement;2015
73/124,paris agreement,paris agreement;2015
73/125,paris agreement,paris agreement;2015
73/136,paris agreement,paris agreement;2015
73/139,paris agreement,paris agreement;2015
73/155,paris agreement,paris agreement;2015
73/171,paris agreement,paris agreement;2015
73/195,paris agreement,paris agreement;2015
73/221,paris agreement,paris agreement;2015
73/225,paris agreement,paris agreement;2015
73/226,paris agreement,paris agreement;2015
73/227,paris agreement,paris agreement;2015
73/228,paris agreement,paris agreement;2015
73/229,paris agreement,paris agreement;2015
73/230,paris agreement,paris agreement;2015
73/231,paris agreement,paris agreement;2015
73/232,paris agreement,paris agreement;2015
73/233,paris agreement,paris agreement;2015
73/234,paris agreement,paris agreement;2015
73/235,paris agreement,paris agreement;2015
73/236,paris agreement,paris agreement;2015
73/237,paris agreement,paris agreement;2015
73/239,paris agreement,paris agreement;2015
73/240,paris agreement,paris agreement;2015
73/241,paris agreement,paris agreement;2015
73/242,paris agreement,paris agreement;2015
73/243,paris agreement,paris agreement;2015
73/244,paris agreement,paris agreement;2015
73/245,paris agreement,paris agreement;2015
73/246,paris agreement,paris agreement;2015
73/247,paris agreement,paris agreement;2015
73/248,paris agreement,paris agreement;2015
73/249,paris agreement,paris agreement;2015
73/253,paris agreement,paris agreement;2015
73/260,paris agreement,paris agreement;2015
73/284,paris agreement,paris agreement;2015
73/290,paris agreement,paris agreement;2015
73/291,paris agreement,paris agreement;2015
73/292,paris agreement,paris agreement;2015
73/332,paris agreement,paris agreement;2015
73/335,paris agreement,paris agreement;2015
72/31,treaty on the prohibition of nuclear weapons,treaty on the prohibition of nuclear weapons;2017
72/37,treaty on the prohibition of nuclear weapons,treaty on the prohibition of nuclear weapons;2017
72/38,treaty on the prohibition of nuclear weapons,treaty on the prohibition of nuclear weapons;2017
72/39,treaty on the prohibition of nuclear weapons,treaty on the prohibition of nuclear weapons;2017
72/45,treaty on the prohibition of nuclear weapons,treaty on the prohibition of nuclear weapons;2017
72/58,treaty on the prohibition of nuclear weapons,treaty on the prohibition of nuclear weapons;2017
72/251,treaty on the prohibition of nuclear weapons,treaty on the prohibition of nuclear weapons;2017
73/40,treaty on the prohibition of nuclear weapons,treaty on the prohibition of nuclear weapons;2017
73/48,treaty on the prohibition of nuclear weapons,treaty on the prohibition of nuclear weapons;2017
73/50,treaty on the prohibition of nuclear weapons,treaty on the prohibition of nuclear weapons;2017
73/57,treaty on the prohibition of nuclear weapons,treaty on the prohibition of nuclear weapons;2017
73/64,treaty on the prohibition of nuclear weapons,treaty on the prohibition of nuclear weapons;2017
73/68,treaty on the prohibition of nuclear weapons,treaty on the prohibition of nuclear weapons;2017
73/70,treaty on the prohibition of nuclear weapons,treaty on the prohibition of nuclear weapons;2017
