year,name,url,note,summary
c. 3100 BCE,( Lagash and Umma of Mesopotamia ),https://en.wikipedia.org/wiki/Lagash,,"Border agreement between the Eannatum of Lagash and Umma in Mesopotamia , inscribed on a stone block, setting a prescribed boundary between their two states."
c. 1310 BCE,Aleppo Treaty,https://en.wikipedia.org/wiki/Aleppo_Treaty,,"Treaty between Hittite monarch Muršili II and his nephew, King Talmi-Šarruma of Aleppo . Preserved in copies made by Muršili's son, Muwatalli II ."
c. 1259 BCE,Egyptian–Hittite peace treaty,https://en.wikipedia.org/wiki/Egyptian%E2%80%93Hittite_peace_treaty,,Treaty between the Egyptian pharaoh Ramses II and the Hittite monarch Hattusili III after the Battle of Kadesh .
c. 493 BCE,Foedus Cassianum,https://en.wikipedia.org/wiki/Foedus_Cassianum,Also known as the Treaty of Cassius .,"Ends the war between the Roman Republic and the Latin League , creates an alliance between the two."
c. 449 BCE,Peace of Callias,https://en.wikipedia.org/wiki/Peace_of_Callias,,Purported treaty that ended the Greco-Persian Wars .
445 BCE,Thirty Years Peace,https://en.wikipedia.org/wiki/Thirty_Years_Peace,,Ends the First Peloponnesian War between Athens and Sparta .
421 BCE,Peace of Nicias,https://en.wikipedia.org/wiki/Peace_of_Nicias,Also known as the Fifty-Years Peace,Athens and Sparta end the first phase of the Peloponnesian War .
387 BCE,Peace of Antalcidas,https://en.wikipedia.org/wiki/Peace_of_Antalcidas,,Sets the boundaries of Greek and Persian territory. Ended the Corinthian War .
241 BCE,Treaty of Lutatius,https://en.wikipedia.org/wiki/Treaty_of_Lutatius,,Ends the First Punic War .
226 BCE,Ebro Treaty,https://en.wikipedia.org/wiki/Ebro_Treaty,,Establishes the Ebro River in Iberia as the boundary line between the Roman Republic and Carthage .
215 BCE,Macedonian–Carthaginian Treaty,https://en.wikipedia.org/wiki/Macedonian%E2%80%93Carthaginian_Treaty,,Establishes an anti-Roman alliance between Philip V of Macedon and Hannibal of Carthage .
205 BCE,Treaty of Phoenice,https://en.wikipedia.org/wiki/Treaty_of_Phoenice,,Ends the First Macedonian War .
196 BCE,Treaty of Tempe,https://en.wikipedia.org/wiki/Treaty_of_Tempe,,Ends the Second Macedonian War .
188 BCE,Treaty of Apamea,https://en.wikipedia.org/wiki/Treaty_of_Apamea,,"Between the Roman Republic and Antiochus III (the Great), ruler of the Seleucid Empire ."
161 BCE,Roman–Jewish Treaty,https://en.wikipedia.org/wiki/Roman%E2%80%93Jewish_Treaty,,Establishes friendship between Judas Maccabeus and the Roman Republic.
85 BCE,Treaty of Dardanos,https://en.wikipedia.org/wiki/Treaty_of_Dardanos,,Ends the First Mithridatic War .
387,Peace of Acilisene,https://en.wikipedia.org/wiki/Peace_of_Acilisene,,Between the Eastern Roman (Byzantine) Empire and the Sassanian Persian Empire . Divided Kingdom of Armenia between the two.
532,The Eternal Peace,https://en.wikipedia.org/wiki/Eternal_Peace_(532),,Between the Eastern Roman (Byzantine) Empire and the Sassanian Persian Empire.
562,The Fifty-Year Peace,https://en.wikipedia.org/wiki/Fifty-Year_Peace_Treaty,,Between the Eastern Roman (Byzantine) Empire and the Sassanian Persian Empire. Ended a 20-year war over the Kingdom of Lazica .
587,Treaty of Andelot,https://en.wikipedia.org/wiki/Treaty_of_Andelot,Also known as the Pact of Andelot .,Between Frankish rulers Guntram and Brunhilda ; Guntram adopts Brunhilda's son Childebert II .
628,Treaty of Hudaybiyyah,https://en.wikipedia.org/wiki/Treaty_of_Hudaybiyyah,,Between Muslims and the Quraish .
641,The Bakt,https://en.wikipedia.org/wiki/Bakt,,Between Nubia and Egypt .
713,Treaty of Orihuela,https://en.wikipedia.org/wiki/Treaty_of_Orihuela,Also known as the Treaty of Tudmir .,Establishes a dhimmi over the Christian inhabitants of Orihuela .
716,Byzantine–Bulgarian Treaty of 716,https://en.wikipedia.org/wiki/Byzantine%E2%80%93Bulgarian_Treaty_of_716,,Officially ends the Battle of Anchialus and establishes the borders between Byzantium and the Bulgarian Empire .
783,Peace treaty between China and Tibet (783),https://en.wikipedia.org/wiki/Peace_treaty_between_China_and_Tibet_(783),,Peace treaty between Tang China and the Tibetan Empire .
803,Pax Nicephori,https://en.wikipedia.org/wiki/Pax_Nicephori,,Peace between Charlemagne and the Byzantine Empire ; recognizes Venice as Byzantine territory.
811,Treaty of Heiligen,https://en.wikipedia.org/wiki/Treaty_of_Heiligen,,"Peace between the Danes (under their new king, Hemming of Denmark ) and the Franks (under Charlemagne )."
815,Byzantine–Bulgarian Treaty of 815,https://en.wikipedia.org/wiki/Byzantine%E2%80%93Bulgarian_Treaty_of_815,,Ends prolonged series of conflicts between the Bulgarian Empire and the Byzantine Empire in Bulgarian favour.
822,Peace treaty between China and Tibet (822),https://en.wikipedia.org/wiki/Peace_treaty_between_China_and_Tibet_(822),"""History"" . www.tibet.fr (in French). Archived from the original on 3 March 2016.",Ends a conflict between Tang China and the Tibetan Empire.
836,Pactum Sicardi,https://en.wikipedia.org/wiki/Pactum_Sicardi,,Peace between the Duchy of Naples and the Principality of Salerno under Sicard .
843,Treaty of Verdun,https://en.wikipedia.org/wiki/Treaty_of_Verdun,,Partitions the Carolingian Empire .
870,Treaty of Mersen,https://en.wikipedia.org/wiki/Treaty_of_Mersen,,Further partitions the Carolingian Empire.
878–890,Treaty of Alfred and Guthrum,https://en.wikipedia.org/wiki/Treaty_of_Alfred_and_Guthrum,,"Between Alfred of Wessex and Guthrum , the Viking ruler of East Anglia ."
907,Rus'–Byzantine Treaty (907),https://en.wikipedia.org/wiki/Rus%27%E2%80%93Byzantine_Treaty_(907),,Regulates the status of the colony of Rus' merchants in Constantinople .
911,Rus'–Byzantine Treaty (911),https://en.wikipedia.org/wiki/Rus%27%E2%80%93Byzantine_Treaty_(911),,Between the Byzantine Empire and Kievan Rus' .
911,Treaty of Saint-Clair-sur-Epte,https://en.wikipedia.org/wiki/Treaty_of_Saint-Clair-sur-Epte,,Charles the Simple grants Normandy to Rollo .
921,Treaty of Bonn,https://en.wikipedia.org/wiki/Treaty_of_Bonn,,West Francia and East Francia both recognize each other.
945,Rus'–Byzantine Treaty (945),https://en.wikipedia.org/wiki/Rus%27%E2%80%93Byzantine_Treaty_(945),,Between the Byzantine Empire and Kievan Rus' .
1004,Chanyuan Treaty,https://en.wikipedia.org/wiki/Chanyuan_Treaty,,Establishes relations between the Northern Song and Liao dynasties.
1018,Peace of Bautzen,https://en.wikipedia.org/wiki/Peace_of_Bautzen,,Between Holy Roman Emperor Henry II and Duke Bolesław I the Brave of Poland.
1033,Peace of Merseburg,https://en.wikipedia.org/wiki/Treaty_of_Merseburg,,Between Holy Roman Emperor Conrad II and Duke Mieszko II of Poland .
1059,Treaty of Melfi,https://en.wikipedia.org/wiki/Treaty_of_Melfi,,Pope Nicholas II recognizes Norman influence in southern Italy.
1080,Treaty of Ceprano,https://en.wikipedia.org/wiki/Treaty_of_Ceprano_(1080),,Pope Gregory VII establishes an alliance with Robert Guiscard and recognizes his conquests.
1082,Byzantine–Venetian Treaty of 1082,https://en.wikipedia.org/wiki/Byzantine%E2%80%93Venetian_Treaty_of_1082,,Byzantium grants trade concessions to Venice in return for military aid against the Normans.
1091,Treaty of Caen,https://en.wikipedia.org/wiki/Treaty_of_Caen,,Ends rivalry between William II of England and Duke Robert Curthose of Normandy .
1101,Treaty of Alton,https://en.wikipedia.org/wiki/Treaty_of_Alton,,Robert Curthose recognizes Henry I as King of England.
1108,Treaty of Devol,https://en.wikipedia.org/wiki/Treaty_of_Devol,,The Principality of Antioch becomes a nominal vassal of the Byzantine Empire .
1122,Pactum Calixtinum,https://en.wikipedia.org/wiki/Pactum_Calixtinum,,"Between Pope Callixtus II and Holy Roman Emperor Henry V, Holy Roman Emperor ."
1123,Pactum Warmundi,https://en.wikipedia.org/wiki/Pactum_Warmundi,,The crusader Kingdom of Jerusalem allies with Venice .
1139,Treaty of Mignano,https://en.wikipedia.org/wiki/Treaty_of_Mignano,,Roger II of Sicily recognised as king by the legitimate Pope Innocent II .
1141,Treaty of Shaoxing,https://en.wikipedia.org/wiki/Treaty_of_Shaoxing,,Ends conflicts between the Jin dynasty and Southern Song dynasty .
1143,Treaty of Zamora,https://en.wikipedia.org/wiki/Treaty_of_Zamora,,Recognises Portuguese independence from the Kingdom of León .
1151,Treaty of Tudilén,https://en.wikipedia.org/wiki/Treaty_of_Tudil%C3%A9n,Also known as the Treaty of Tudején .,Recognises the conquests of the Crown of Aragon south of the Júcar and recognises future conquests in Murcia .
1153,Treaty of Wallingford,https://en.wikipedia.org/wiki/Treaty_of_Wallingford,Also known as the Treaty of Winchester or the Treaty of Westminster .,Officially ends The Anarchy between Empress Matilda and her cousin Stephen of England .
1153,Treaty of Constance,https://en.wikipedia.org/wiki/Treaty_of_Constance_(1153),Also known as the First Treaty of Constance .,"Frederick I, Holy Roman Emperor , and Pope Eugene III agree to defend Italy against Manuel I Comnenus ."
1156,Treaty of Benevento,https://en.wikipedia.org/wiki/Treaty_of_Benevento,,Peace between the Papacy and the Kingdom of Sicily .
1158,Treaty of Sahagún (1158),https://en.wikipedia.org/wiki/Treaty_of_Sahag%C3%BAn_(1158),,Between Sancho III of Castile and Ferdinand II of León .
1170,Treaty of Sahagún (1170),https://en.wikipedia.org/wiki/Treaty_of_Sahag%C3%BAn_(1170),,Between Alfonso VIII of Castile and Alfonso II of Aragon .
1175,Treaty of Windsor (1175),https://en.wikipedia.org/wiki/Treaty_of_Windsor_(1175),,"Between King Henry II of England and the last High King of Ireland , Rory O'Connor during Norman expansion in Ireland."
1177,Treaty of Venice,https://en.wikipedia.org/wiki/Treaty_of_Venice,Also known as the Peace of Venice .,"Peace between the Papacy , the Lombard League , the Kingdom of Sicily , and the Holy Roman Emperor , Frederick Barbarossa ."
1179,Treaty of Cazorla,https://en.wikipedia.org/wiki/Treaty_of_Cazorla,Also known as the Treaty of Cazola .,Defines the zones of conquest in Andalusia between Aragon and Castile .
1183,Peace of Constance,https://en.wikipedia.org/wiki/Peace_of_Constance,Also known as the Second Treaty of Constance .,"Peace between the Lombard League and the Holy Roman Emperor , Frederick Barbarossa . Reaffirms the Peace of Venice ."
1192,Treaty of Jaffa,https://en.wikipedia.org/wiki/Treaty_of_Jaffa_(1192),,Ends the Third Crusade .
1200,Treaty of Le Goulet,https://en.wikipedia.org/wiki/Treaty_of_Le_Goulet,,John of England and Philip II of France make peace. Marriage between Blanche of Castile and Louis VIII of France .
1204,Partitio terrarum imperii Romaniae,https://en.wikipedia.org/wiki/Partitio_terrarum_imperii_Romaniae,,Agreement between the participants of the Fourth Crusade on the division of the Byzantine Empire . Establishment of the Latin Empire .
1209,Treaty of Speyer,https://en.wikipedia.org/wiki/Treaty_of_Speyer_(1209),,Otto IV renounces the Concordat of Worms .
1212,Golden Bull of Sicily,https://en.wikipedia.org/wiki/Golden_Bull_of_Sicily,,Determines the rights and duties of the Bohemian monarchs.
1214,Treaty of Nymphaeum,https://en.wikipedia.org/wiki/Treaty_of_Nymphaeum_(1214),,Establishes peace between the Nicaean Empire and the Latin Empire .
1214,Treaty of Chinon,https://en.wikipedia.org/wiki/Truce_of_Chinon,,Between King John of England and Philip II of France .
1215,Magna Carta,https://en.wikipedia.org/wiki/Magna_Carta,,Between King John of England and his subjects.
1217,Treaty of Lambeth,https://en.wikipedia.org/wiki/Treaty_of_Lambeth,,Between Louis VIII of France and Henry III of England .
1218,Golden Charter of Bern,https://en.wikipedia.org/wiki/Golden_Charter_of_Bern,,Establishes Bern as an independent state.
1219,Nicaean–Venetian Treaty of 1219,https://en.wikipedia.org/wiki/Nicaean%E2%80%93Venetian_Treaty_of_1219,,Grants Venetians freedom of trade and duty-free imports throughout the Nicaean Empire in exchange for non-support for the Latin Empire.
1220,Treaty with the Princes of the Church,https://en.wikipedia.org/wiki/Confoederatio_cum_principibus_ecclesiasticis,Also known as the Confoederatio cum principibus ecclesiasticis .,Between Holy Roman Emperor Frederick II and German bishops.
1222,Golden Bull of 1222,https://en.wikipedia.org/wiki/Golden_Bull_of_1222,,Andrew II of Hungary grants Hungarian nobles the power to disobey the king when he acted contrary to the law.
1226,Treaty of Melun,https://en.wikipedia.org/wiki/Treaty_of_Melun,,Forces the counts of Flanders to swear fealty to the French crown.
1226,Golden Bull of Rimini,https://en.wikipedia.org/wiki/Golden_Bull_of_Rimini,,Resolves disputes over Chełmno Land .
1229,Treaty of Paris (1229),https://en.wikipedia.org/wiki/Treaty_of_Paris_(1229),,Officially ends the Albigensian Crusade .
1230,Treaty of San Germano,https://en.wikipedia.org/wiki/Treaty_of_San_Germano,,Holy Roman Emperor Frederick II restores Sicily to Pope Gregory IX .
1230,Treaty of Ceprano (1230),https://en.wikipedia.org/wiki/Treaty_of_Ceprano_(1230),,Establishes lines of reconciliation between Pope Gregory IX and Holy Roman Emperor Frederick II .
1230,Treaty of Kruszwica,https://en.wikipedia.org/wiki/Treaty_of_Kruszwica,,Konrad I of Masovia grants Chełmno Land to the Prussians and the Order of Dobrzyń .
1234,Golden Bull of Rieti,https://en.wikipedia.org/wiki/Golden_Bull_of_Rieti,,Recognizes Kulmerland (Chełmno Land) as subject to the Pope's authority and not as a fief belonging to anyone.
1236,Treaty of Kremmen,https://en.wikipedia.org/wiki/Treaty_of_Kremmen,,The Margraviate of Brandenburg gains most of the territory and the right of succession for Pomerania-Demmin .
1236,Treaty of Stensby,https://en.wikipedia.org/wiki/Treaty_of_Stensby,,Between King Valdemar II of Denmark and the Teutonic Order . Transferred northern maritime Estonia to the Kingdom of Denmark in exchange for military support.
1237,Treaty of York,https://en.wikipedia.org/wiki/Treaty_of_York,,A feudal agreement between Henry III of England and Alexander III of Scotland .
1244,Treaty of Almizra,https://en.wikipedia.org/wiki/Treaty_of_Almizra,Also known as the Treaty of Almiçra .,Establishes the borders of the Kingdom of Valencia .
1244,Treaty of Xàtiva,https://en.wikipedia.org/wiki/Treaty_of_X%C3%A0tiva,,Permits the Moors of Spain to hold on to the Xativa Castle for two years before relinquishing it to King James I of Aragon .
1245,Al-Azraq Treaty,https://en.wikipedia.org/wiki/Al-Azraq_Treaty_of_1245,,Between the King James I of Aragon and the Muslim commander Mohammad Abu Abdallah Ben Hudzail al Sahuir .
1249,Treaty of Christburg,https://en.wikipedia.org/wiki/Treaty_of_Christburg,,Establishes peace between the pagan Prussian clans and the Teutonic Knights.
1249,Treaty of Lödöse,https://en.wikipedia.org/wiki/Treaty_of_L%C3%B6d%C3%B6se,,Prevents mutual hostility between the Kingdom of Sweden and the Kingdom of Norway from escalating into war.
1250,Treaty of Landin,https://en.wikipedia.org/wiki/Treaty_of_Landin,,Succession of Pomerania-Demmin : The Margraviate of Brandenburg 's rights are dropped in favour of Pomerania-Stettin .
1258,Treaty of Corbeil,https://en.wikipedia.org/wiki/Treaty_of_Corbeil_(1258),,Establishes a border between France and the Crown of Aragon .
1258,Provisions of Oxford,https://en.wikipedia.org/wiki/Provisions_of_Oxford,,"Between King Henry III, of England and his Barons. Established a permanent baronial council and parliaments."
1259,Treaty of Paris,https://en.wikipedia.org/wiki/Treaty_of_Paris_(1259),Also known as the Treaty of Albeville .,Between Louis IX of France and Henry III of England .
1261,Treaty of Nymphaeum,https://en.wikipedia.org/wiki/Treaty_of_Nymphaeum_(1261),,A trade and defense pact between the Nicaean Empire and the Republic of Genoa .
1262,Old Covenant,https://en.wikipedia.org/wiki/Old_Covenant_(Iceland),,Between the major chieftains of Iceland and Haakon IV of Norway . The signing brought about the union of Iceland with Norway.
1265,Treaty of Pipton,https://en.wikipedia.org/wiki/Treaty_of_Pipton,,Established alliance between Prince Llywelyn ap Gruffudd of Wales and Simon de Montford during the Second Barons' War .
1266,Dictum of Kenilworth,https://en.wikipedia.org/wiki/Dictum_of_Kenilworth,,"Ends hostilities between the supporters of Simon de Montfort, 6th Earl of Leicester and Henry III of England ; comes into effect in 1267."
1266,Treaty of Perth,https://en.wikipedia.org/wiki/Treaty_of_Perth,,"Terms of sovereignty over the Western Isles , the Isle of Man , and the Northern Isles agreed between Norway and Scotland."
1267,Treaty of Badajoz,https://en.wikipedia.org/wiki/Treaty_of_Badajoz_(1267),,King Alfonso X and King Afonso III agree to use the Guadiana River as the boundary line separating Castile and Portugal.
1267,Treaty of Montgomery,https://en.wikipedia.org/wiki/Treaty_of_Montgomery,,Henry III of England acknowledges Llywelyn ap Gruffudd 's title as the ' Prince of Wales '.
1267,Treaty of Viterbo,https://en.wikipedia.org/wiki/Treaty_of_Viterbo,,Grants Charles I of Anjou claims to the defunct Latin Empire .
1271,Peace of Pressburg,https://en.wikipedia.org/wiki/Peace_of_Pressburg_(1271),Also known as the Peace of Bratislava .,Ends war between Bohemia and Hungary.
1277,Treaty of Aberconwy,https://en.wikipedia.org/wiki/Treaty_of_Aberconwy,,Between King Edward I of England and Llewelyn the Last of Wales .
1278,Paréage of Andorra 1278,https://en.wikipedia.org/wiki/Par%C3%A9age_of_Andorra_1278,,"Between the Count of Foix , Roger-Bernard III , and the Bishop of Urgell , Pere d'Urtx , establishing their joint-sovereignty over the territory of Andorra ."
1281,Treaty of Orvieto,https://en.wikipedia.org/wiki/Treaty_of_Orvieto,,"Between Charles I of Sicily , the Republic of Venice , and Philip of Courtenay ; attempts to recover the Latin Empire ."
1283,Treaty of Rheinfelden,https://en.wikipedia.org/wiki/Treaty_of_Rheinfelden,,Duke Rudolph II of Austria surrenders power to his older brother Albert I of Germany .
1283,Rostock Peace Treaty,https://en.wikipedia.org/wiki/Rostock_Peace_Treaty,,"Between 8 Hanseatic towns in the Baltic region, the dukes of Saxony and Pomerania , the prince of Rügen , the lords of Schwerin and Dannenberg and the nobility of Rostock."
1289–1290,Treaty of Birgham,https://en.wikipedia.org/wiki/Treaty_of_Birgham,,Attempts to end competing claims between the House of Balliol and the House of Bruce for the Scottish throne; never comes into effect.
1291,Treaty of Tarascon,https://en.wikipedia.org/wiki/Treaty_of_Tarascon,,Ends the Aragonese Crusade .
1295,Auld Alliance,https://en.wikipedia.org/wiki/Auld_Alliance,,Scotland and France forge the first treaty of mutual self-defense against England.
1295,Treaty of Anagni,https://en.wikipedia.org/wiki/Treaty_of_Anagni,,"Reaffirms the Treaty of Tarascon , but fails to diplomatically settle the Sicilian question."
1302,Peace of Caltabellotta,https://en.wikipedia.org/wiki/Peace_of_Caltabellotta,,Ends the War of the Sicilian Vespers .
1303,Treaty of Paris (1303),https://en.wikipedia.org/wiki/Treaty_of_Paris_(1303),,Restores Gascony to England from France during the Hundred Years' War .
1304,Treaty of Torrellas,https://en.wikipedia.org/wiki/Treaty_of_Torrellas,"Also known as a sentencia arbitral , ""sentence by arbitration.""",Brought peace to Castile and Aragon and divided up the Kingdom of Murcia between them.
1305,Treaty of Athis-sur-Orge,https://en.wikipedia.org/wiki/Treaty_of_Athis-sur-Orge,,"France acquires the cities of Lille , Douai , and Béthune and Flanders retains its independence."
1305,Treaty of Elche,https://en.wikipedia.org/wiki/Treaty_of_Elche,,Modifies the Treaty of Torrellas and grants Cartagena to Castile .
1309,Treaty of Soldin (1309),https://en.wikipedia.org/wiki/Treaty_of_Soldin_(1309),,The Teutonic Order purchases from Margrave Waldemar of Brandenburg-Stendal the rights to Pomerelia and Danzig (Gdańsk) .
1317,Treaty of Templin,https://en.wikipedia.org/wiki/Treaty_of_Templin,,Ascanians surrender the territories of Schlawe-Stolp to the Pomeranians .
1323,Treaty of Nöteborg,https://en.wikipedia.org/wiki/Treaty_of_N%C3%B6teborg,Also known as the Treaty of Oreshek,Sets the boundary between Sweden and Novgorod Republic .
1323,Treaty of Paris,https://en.wikipedia.org/wiki/Treaty_of_Paris_(1323),,Count Louis of Flanders relinquishes Flemish claims over Zeeland .
1326,Treaty of Corbeil,https://en.wikipedia.org/wiki/Treaty_of_Corbeil_(1326),,Renews the Auld Alliance between France and Scotland.
1326,Treaty of Novgorod,https://en.wikipedia.org/wiki/Treaty_of_Novgorod_(1326),,End decades of border skirmishes at the border of Norway and Novgorod Republic .
1328,Treaty of Edinburgh–Northampton,https://en.wikipedia.org/wiki/Treaty_of_Edinburgh%E2%80%93Northampton,,Between Edward III of England and the Scots.
1329,Treaty of Pavia (1329),https://en.wikipedia.org/wiki/Treaty_of_Pavia_(1329),,"Between Louis IV, Holy Roman Emperor and his nephews."
1338,Declaration of Rhense,https://en.wikipedia.org/wiki/Declaration_of_Rhense,Also known as the Treaty of Rhense .,German princes elect German kings without the consent of the Papacy .
1340,Truce of Espléchin,https://en.wikipedia.org/wiki/Truce_of_Espl%C3%A9chin,,Between the English and French crowns during the Hundred Years' War .
1343,Treaty of Kalisz (1343),https://en.wikipedia.org/wiki/Treaty_of_Kalisz_(1343),,Between King Casimir III the Great of Poland and the Teutonic Knights .
1348,Treaty of Namslau,https://en.wikipedia.org/wiki/Treaty_of_Namslau,,Between King Charles IV of Bohemia and King Casimir III of Poland .
1354,Treaty of Stralsund (1354),https://en.wikipedia.org/wiki/Treaty_of_Stralsund_(1354),,Settles border disputes between the duchies of Mecklenburg and Pomerania .
1354,Treaty of Mantes,https://en.wikipedia.org/wiki/Treaty_of_Mantes,,First peace between Charles II of Navarre and John II of France .
1355,Treaty of Valognes,https://en.wikipedia.org/wiki/Treaty_of_Valognes,,Second peace between Charles II of Navarre and John II of France .
1355,Treaty of Paris (1355),https://en.wikipedia.org/wiki/Treaty_of_Paris_(1355),,Recognizes the annexation of the Barony of Gex by the county of Savoy .
1358,Treaty of Zadar,https://en.wikipedia.org/wiki/Treaty_of_Zadar,,The Republic of Venice loses influence over territories in Dalmatia .
1359,Treaty of London (1359),https://en.wikipedia.org/wiki/Treaty_of_London_(1359),Also known as the Second Treaty of London .,Cedes western France to England; repudiated by the Estates-General in Paris.
1360,Treaty of Brétigny,https://en.wikipedia.org/wiki/Treaty_of_Br%C3%A9tigny,,Ends the first phase of the Hundred Years' War .
1370,Treaty of Stralsund (1370),https://en.wikipedia.org/wiki/Treaty_of_Stralsund_(1370),,Ends the war between the Hanseatic League and Denmark.
1371,Treaty of Vincennes-Edinburgh,https://en.wikipedia.org/wiki/Treaty_of_Vincennes-Edinburgh,,Renewal of the Auld Alliance between the Kingdoms of France and Scotland.
1373,Anglo-Portuguese Treaty of 1373,https://en.wikipedia.org/wiki/Anglo-Portuguese_Treaty_of_1373,,Treaty of alliance between King Edward III of England and King Ferdinand I and Queen Eleanor of Portugal ; it is the oldest treaty still in force.
1379,Treaty of Neuberg,https://en.wikipedia.org/wiki/Treaty_of_Neuberg,,Divides Habsburg lands between Dukes Albert III and Leopold III .
1380,Treaty of Dovydiškės,https://en.wikipedia.org/wiki/Treaty_of_Dovydi%C5%A1k%C4%97s,,Jogaila signs a secret peace treaty with the Teutonic Knights against Kęstutis .
1382,Treaty of Dubysa,https://en.wikipedia.org/wiki/Treaty_of_Dubysa,Also known as the Treaty of Dubissa .,"Jogaila promises to convert the Grand Duchy of Lithuania to Christianity, cede Samogitia , and establish a four-year alliance with the Teutonic Knights; never comes into effect."
1384,Treaty of Königsberg (1384),https://en.wikipedia.org/wiki/Treaty_of_K%C3%B6nigsberg_(1384),,"Vytautas agreed to cede Samogitia to the Teutonic Knights in exchange for their support in the war against Jogaila, but the treaty was later broken"
1385,Union of Krewo,https://en.wikipedia.org/wiki/Union_of_Krewo,Also known as the Krėva Act .,Establishes a dynastic union between Poland and Lithuania.
1386,Treaty of Windsor (1386),https://en.wikipedia.org/wiki/Treaty_of_Windsor_(1386),,Renews the Anglo-Portuguese Alliance .
1390,Treaty of Königsberg (1390),https://en.wikipedia.org/wiki/Treaty_of_K%C3%B6nigsberg_(1390),,Establishes alliance between Vytautas the Great and the Teutonic Order .
1390,Treaty of Lyck,https://en.wikipedia.org/wiki/Treaty_of_Lyck,,"Vytautas agreed to cede Samogitia to the Teutonic Knights in exchange for their support in the war against Jogaila, but the treaty was again broken"
1392,Ostrów Agreement,https://en.wikipedia.org/wiki/Ostr%C3%B3w_Agreement,,"Vytautas and Jogaila made peace, but attacks from the Teutonic Knights continued as a result of the Samogitian dispute"
1397,Treaty of Kalmar,https://en.wikipedia.org/wiki/Treaty_of_Kalmar,,Establishes the Kalmar Union ; becomes null and void in 1523.
1398,Treaty of Salynas,https://en.wikipedia.org/wiki/Treaty_of_Salynas,,Vytautas the Great cedes Samogitia to the Teutonic Knights.
1401,Pact of Vilnius and Radom,https://en.wikipedia.org/wiki/Pact_of_Vilnius_and_Radom,,Reaffirms the Union of Krewo and grants autonomy to the Grand Duchy of Lithuania .
1411,First Peace of Thorn,https://en.wikipedia.org/wiki/Peace_of_Thorn_(1411),,Ends the Polish–Lithuanian–Teutonic War .
1412,Treaty of Lubowla,https://en.wikipedia.org/wiki/Treaty_of_Lubowla,,"Between Władysław II of Poland and Sigismund of Luxemburg , king of Hungary."
1412,Compromise of Caspe,https://en.wikipedia.org/wiki/Compromise_of_Caspe,,"Between the crowns of Aragon and Castile , ensuring the access of the royal House of Trastámara to the Aragonese crown, thus eventually uniting Spain."
1412,Peace of Baden,https://en.wikipedia.org/wiki/Peace_of_Baden_(1412),,"Signed by the Swiss Confederation and Frederick IV, Duke of Austria , (broken after 2 years by the Swiss)"
1412,Treaty of Bourges,https://en.wikipedia.org/wiki/Treaty_of_Bourges,,some provinces were to be given to Henry IV of England
1413,Union of Horodło,https://en.wikipedia.org/wiki/Union_of_Horod%C5%82o,Also known as the Pact of Horodło .,Reaffirms the Union of Krewo and the Pact of Vilnius and Radom ; permits Lithuania to have a separate Grand Duke and parliament.
1416,Ottoman–Venetian maritime treaty (1416),https://en.wikipedia.org/wiki/Ottoman%E2%80%93Venetian_maritime_treaty_(1416),,Maritime trade rights to Republic of Venice
1420,Treaty of Troyes,https://en.wikipedia.org/wiki/Treaty_of_Troyes,,Attempt to pass the French throne to England.
1422,Treaty of Melno,https://en.wikipedia.org/wiki/Treaty_of_Melno,,"The Teutonic Knights relinquish Nieszawa to Poland and all claims to Samogitia and northern Lithuania to the Grand Duchy of Lithuania ; Poland renounces claims to Pomerelia , Culmerland , and the Michelauer Land east of Culmerland."
1424,Edict of Wieluń,https://en.wikipedia.org/wiki/Edict_of_Wielu%C5%84,,Outlaws Hussitism in the Kingdom of Poland .
1428,Treaty of Delft,https://en.wikipedia.org/wiki/Treaty_of_Delft,Also known as the Reconciliation of Delft .,Ends hostilities between England and Flanders .
1431,Treaty of Medina del Campo (1431),https://en.wikipedia.org/wiki/Treaty_of_Medina_del_Campo_(1431),,Peace between Portugal and Castile ; ratified in Almeirim in 1432.
1432,Union of Grodno (1432),https://en.wikipedia.org/wiki/Union_of_Grodno_(1432),Also known as the Pact of Grodno .,Reinforces the Polish–Lithuanian union .
1433,Truce of Łęczyca,https://en.wikipedia.org/wiki/Truce_of_%C5%81%C4%99czyca,,Mitigates hostilities in the Polish–Teutonic War (1431–35) between the Kingdom of Poland and the Teutonic Order in Łęczyca .
1435,Treaty of Arras (1435),https://en.wikipedia.org/wiki/Treaty_of_Arras_(1435),,"Reconciles a longstanding feud between King Charles VII of France and Philip, Duke of Burgundy ."
1435,Peace of Brześć Kujawski,https://en.wikipedia.org/wiki/Peace_of_Brze%C5%9B%C4%87_Kujawski,,Ends the Polish–Teutonic War (1431–35) .
1441,Treaty of Copenhagen (1441),https://en.wikipedia.org/wiki/Treaty_of_Copenhagen_(1441),Also known as the Peace of Copenhagen .,Christopher of Bavaria crushed a great peasant rebellion in Northern Jutland ; Baltic Sea is opened to Dutch traders.
1443,Treaty of Gyehae,https://en.wikipedia.org/wiki/Treaty_of_Gyehae,,Between the Joseon dynasty and Sō clan (lord of Tsushima Province ); controls Japanese piracy and legitimizes trade between Tsushima Island and a Korean port.
1444,Peace of Szeged,https://en.wikipedia.org/wiki/Peace_of_Szeged,Also known as the Treaty of Edirne .,Between the Kingdom of Hungary and the Ottoman Empire .
1450,Treaty of Bergen,https://en.wikipedia.org/wiki/Treaty_of_Bergen,,Between Norway and Denmark.
1454,Treaty of Lodi,https://en.wikipedia.org/wiki/Treaty_of_Lodi,Also known as the Peace of Lodi .,"Peace between Milan , Florence and Venice ."
1454,Treaty of Cölln,https://en.wikipedia.org/wiki/Treaty_of_C%C3%B6lln,,State of the Teutonic Order pawns Neumark to Electorate of Brandenburg
1454,Treaty of Constantinople,https://en.wikipedia.org/wiki/Treaty_of_Constantinople_(1454),,between the Ottoman Empire and the Republic of Venice
1455,Treaty of Mewe,https://en.wikipedia.org/wiki/Treaty_of_Mewe,,State of the Teutonic Order sells Neumark to Electorate of Brandenburg
1456,Treaty of Yazhelbitsy,https://en.wikipedia.org/wiki/Treaty_of_Yazhelbitsy,,Establishes peace between Vasili II and the people of Novgorod .
1460,Treaty of Ribe,https://en.wikipedia.org/wiki/Treaty_of_Ribe,,Defines status of Schleswig and Holstein .
1462,Treaty of Westminster (1462),https://en.wikipedia.org/wiki/Treaty_of_Westminster_(1462),Also known as the Treaty of Westminster-Ardtornish .,Divides Scotland between King Edward IV of England and the Earl of Douglas.
1464,Treaty of York (1464),https://en.wikipedia.org/wiki/Treaty_of_York_(1464),,Made peace between James III of Scotland with Yorkist England
1465,Treaty of Conflans,https://en.wikipedia.org/wiki/Treaty_of_Conflans,Also known as the Peace of Conflans .,Officially ends the Guerre folle (Mad War).
1466,Second Peace of Thorn (1466),https://en.wikipedia.org/wiki/Second_Peace_of_Thorn_(1466),Also known as the Second Treaty of Thorn or Toruń .,Ends the Thirteen Years' War between Poland and the Teutonic Knights .
1466,Treaty of Soldin (1466),https://en.wikipedia.org/wiki/Treaty_of_Soldin_(1466),,"Duchy of Pomerania becomes a nominal fief of the Electorate of Brandenburg . Implementation failed, war ensued."
1468,Treaty of Péronne (1468),https://en.wikipedia.org/wiki/Treaty_of_P%C3%A9ronne_(1468),,Between Duke Charles I of Burgundy and King Louis XI of France .
1472,Treaty of Prenzlau,https://en.wikipedia.org/wiki/Treaty_of_Prenzlau,,"Declares Albert III, Elector of Brandenburg , ruler of Pomerania – Stettin ."
1474,Treaty of Utrecht (1474),https://en.wikipedia.org/wiki/Treaty_of_Utrecht_(1474),,Ends the Anglo-Hanseatic War between England and the Hanseatic League led by Lübeck and Danzig .
1474,Treaty of London (1474),https://en.wikipedia.org/wiki/Treaty_of_London_(1474),,Charles the Bold of Burgundy agrees to support Edward IV 's planned invasion of France.
1475,Treaty of Picquigny,https://en.wikipedia.org/wiki/Treaty_of_Picquigny,,Louis XI pays Edward IV to stay in England and not pursue his claim to the French throne.
1478,Treaty of Brno (1478),https://en.wikipedia.org/wiki/Treaty_of_Brno_(1478),,Divides Bohemian territories between Ladislaus II of Bohemia and Hungary and Matthias Corvinus .
1479,Peace of Olomouc,https://en.wikipedia.org/wiki/Peace_of_Olomouc,,Ratifies the Treaty of Brno (1478) .
1479,Treaty of Alcáçovas,https://en.wikipedia.org/wiki/Treaty_of_Alc%C3%A1%C3%A7ovas,Also known as the Treaty of Alcáçovas-Toledo .,Between the Kingdom of Castile and Portugal; ends the Castilian Civil War begun in 1474.
1479,Treaty of Constantinople (1479),https://en.wikipedia.org/wiki/Treaty_of_Constantinople_(1479),,Officially ends the fifteen-year war between Venice and the Ottoman Empire .
1482,Treaty of Fotheringhay,https://en.wikipedia.org/wiki/Treaty_of_Fotheringhay,,Edward IV of England undertook to place the Duke of Albany on his brother's throne of Scotland.
1482,Treaty of Arras (1482),https://en.wikipedia.org/wiki/Treaty_of_Arras_(1482),,Between King Louis XI of France and the governments of the Low Countries .
1482,Treaty of Münsingen,https://en.wikipedia.org/wiki/Treaty_of_M%C3%BCnsingen,,Count Eberhard V reunites the divided County of Württemberg and declares it indivisible.
1484,Treaty of Bagnolo,https://en.wikipedia.org/wiki/Treaty_of_Bagnolo,,Ends the War of Ferrara (1482–1484) between Ercole d'Este I and Pope Sixtus IV along with his Venetian allies.
1485,Treaty of Leipzig,https://en.wikipedia.org/wiki/Treaty_of_Leipzig,,"Divides Saxony between Ernest, Elector of Saxony and Albert, Duke of Saxony ."
1488,Treaty of Sablé,https://en.wikipedia.org/wiki/Treaty_of_Sabl%C3%A9,Also known as the Treaty of Verger or the Treaty of Le Verger .,Duke Francis I of Brittany becomes a vassal of King Charles VIII of France .
1489,Treaty of Medina del Campo (1489),https://en.wikipedia.org/wiki/Treaty_of_Medina_del_Campo_(1489),,Primarily a marriage contract between Arthur Tudor and Catherine of Aragon .
1489,Treaty of Frankfurt (1489),https://en.wikipedia.org/wiki/Treaty_of_Frankfurt_(1489),,Between Maximilian of Austria and the envoys of King Charles VIII of France .
1489,Treaty of Dordrecht (1489),https://en.wikipedia.org/wiki/Treaty_of_Dordrecht_(1489),,Establishes an alliance between Holy Roman Emperor Maximilian I and King Henry VII of England .
1489,Treaty of Redon,https://en.wikipedia.org/wiki/Treaty_of_Redon,,Henry VII of England grants Lord Daubeney of Brittany 6000 English troops.
1490,Treaty of Woking (Okyng),https://en.wikipedia.org/wiki/Treaty_of_Medina_del_Campo_(1489),,"Between King Henry VII of England , and Queen Isabella I of Castile and King Ferdinand II of Aragon , by the Ambassador in London, Dr Rodrigo Gonzalez de la Puebla ; for the marriage of Catherine of Aragon to Arthur, Prince of Wales"
1491,Peace of Pressburg (1491),https://en.wikipedia.org/wiki/Peace_of_Pressburg_(1491),,Defines the future succession of the Austrian and Hungarian kingdoms.
1491,Treaty of Granada (1491),https://en.wikipedia.org/wiki/Treaty_of_Granada_(1491),Also known as the Capitulation of Granada .,Relinquishes the sovereignty of the Moorish Kingdom of Granada to Spain.
1492,Peace of Etaples,https://en.wikipedia.org/wiki/Peace_of_Etaples,,Ends war between England and France.
1493,Treaty of Barcelona,https://en.wikipedia.org/wiki/Treaty_of_Barcelona_(1493),,France cedes Roussillon and Cerdagne to Spain in return for Spanish neutrality during its war with Italy.
1493,Treaty of Senlis,https://en.wikipedia.org/wiki/Treaty_of_Senlis,,"France cedes the Free County of Burgundy , the County of Artois , Charolais, France and the Low Countries to the House of Habsburg ."
1493,Treaty of Pyritz,https://en.wikipedia.org/wiki/Treaty_of_Pyritz,,preliminary end to the Brandenburg-Pomeranian conflict
1494,Treaty of Tordesillas,https://en.wikipedia.org/wiki/Treaty_of_Tordesillas,,Divides the world between Spain and Portugal.
1496,Intercursus Magnus,https://en.wikipedia.org/wiki/Intercursus_Magnus,,Resolves some trade wars between England and the Netherlands.
1497,Treaty of Ayton,https://en.wikipedia.org/wiki/Treaty_of_Ayton,,Seven year peace between England and Scotland under the arbitration of Ferdinand and Isabella of Spain.
1499,Treaty of Basel (1499),https://en.wikipedia.org/wiki/Treaty_of_Basel_(1499),,Concludes the Swabian War fought between the Swabian League and the Old Swiss Confederacy .
1500,Treaty of Granada,https://en.wikipedia.org/wiki/Treaty_of_Granada_(1500),,King Ferdinand II of Aragon agrees to support French claims over the Kingdom of Naples .
1501,Treaty of Trente,https://en.wikipedia.org/wiki/Treaty_of_Trente,,Austria recognises all French conquests in northern Italy.
1502,Treaty of Perpetual Peace,https://en.wikipedia.org/wiki/Treaty_of_Perpetual_Peace_(1502),,Ends hostilities between England and Scotland; void in 1513.
1504,Treaty of Blois,https://en.wikipedia.org/wiki/Italian_War_of_1499%E2%80%931504,,Temporarily halts the Italian Wars .
1504,Treaty of Lyons,https://en.wikipedia.org/wiki/Italian_War_of_1499%E2%80%931504,,Louis XII of France cedes Naples to Ferdinand II of Aragon .
1506,Treaty of Windsor (Intercursus Malus),https://en.wikipedia.org/wiki/Malus_Intercursus,,"Arranged the return of the Duke of Suffolk to England from Burgundy and a marriage agreement between Henry VII and sister of Philip, Duke of Burgundy ."
1511,Treaty of Westminster,https://en.wikipedia.org/wiki/War_of_the_League_of_Cambrai,,Treaty of alliance between Henry VIII of England and Ferdinand II of Aragon against France.
1516,Peace of Noyon,https://en.wikipedia.org/wiki/Peace_of_Noyon,,Divides Italy between France and Spain.
1516,Treaty of Fribourg,,,Perpetual Peace (1516) signed between the Old Swiss Confederacy and France.
1517,Treaty of Rouen,https://en.wikipedia.org/wiki/Treaty_of_Rouen_(1517),,Attempts to renew the Auld Alliance.
1518,Treaty of London,https://en.wikipedia.org/wiki/Treaty_of_London_(1518),,"Establishes a non-aggression pact between France, England, Holy Roman Empire, the Papacy , Spain, Burgundy and the Netherlands."
1521,Treaty of Bruges,https://en.wikipedia.org/wiki/Treaty_of_Bruges_(1521),,Treaty between England and the Holy Roman Empire during the Italian War of 1521–1526
1522,Treaty of Windsor,https://en.wikipedia.org/wiki/Treaty_of_Windsor_1522,,"Between Charles V, Holy Roman Emperor , and Henry VIII of England ; its main clause was the invasion of France."
1524,Treaty of Malmö,https://en.wikipedia.org/wiki/Treaty_of_Malm%C3%B6,,Ends the Swedish War of Liberation .
1524,Treaty of Tordesillas,https://en.wikipedia.org/wiki/Treaty_of_Tordesillas_(1524),,Treaty between the Lord of Monaco and Habsburg Spain .
1524,Franco-Polish Alliance,https://en.wikipedia.org/wiki/Franco-Polish_Alliance_(1524),,Alliance between the king of France Francis I and the king of Poland Sigismund I .
1525,Treaty of Kraków,https://en.wikipedia.org/wiki/Treaty_of_Krak%C3%B3w,,Ends the Polish–Teutonic War .
1525,Treaty of the More,https://en.wikipedia.org/wiki/Treaty_of_the_More,,Treaty between Henry VIII and the interim French government of Louise of Savoy.
1526,Treaty of Hampton Court,https://en.wikipedia.org/wiki/Treaty_of_Hampton_Court_(1526),,Establishes peace between France and England.
1526,Treaty of Madrid,https://en.wikipedia.org/wiki/Treaty_of_Madrid_(1526),,France relinquishes the Duchy of Burgundy and the Charolais ; temporarily ends French interests in Italy.
1526,"Alliance treaty between Geneva, Berne and Fribourg",https://en.wikipedia.org/wiki/History_of_Geneva#High_and_Late_Middle_Ages,,"Ending effective Savoy dynasty rule over Geneva. Geneva became part of the Swiss confederation The treaty was concluded on February 20 and ratified on March 12, 1526"
1526,Treaty of Berwick,"https://en.wikipedia.org/wiki/Archibald_Douglas,_6th_Earl_of_Angus#Treaty_of_Berwick_(1526)",,Three year peace agreement between Scotland and England.
1527,Treaty of Westminster,https://en.wikipedia.org/wiki/Treaty_of_Westminster_(1527),,Treaty of alliance between King Henry VIII of England and King Francis I of France against King Charles V of Spain .
1528,Treaty of Gorinchem,https://en.wikipedia.org/wiki/Treaty_of_Gorinchem,,"Between Charles V, Holy Roman Emperor , and Duke Charles of Guelders ."
1529,Treaty of Barcelona,https://en.wikipedia.org/wiki/Treaty_of_Barcelona_(1529),,"Francis I, returns the Franche-Comté and promises to return the Duchy of Burgundy ."
1529,Treaty of Cambrai,https://en.wikipedia.org/wiki/Treaty_of_Cambrai,,Also known as the Paix des Dames ( Ladies' Peace ).
1529,Treaty of Saragossa,https://en.wikipedia.org/wiki/Treaty_of_Zaragoza_(1529),,Specifies the anti-meridian line of demarcation between Spanish and Portuguese imperial territories.
1529,Treaty of Grimnitz,https://en.wikipedia.org/wiki/Treaty_of_Grimnitz,,House of Hohenzollern and House of Pomerania agree on legal status and succession in the Duchy of Pomerania
1533,Treaty of Constantinople,https://en.wikipedia.org/wiki/Treaty_of_Constantinople_(1533),,Ends hostilities between the Ottoman Empire and the Archduchy of Austria .
1534,Treaty of Bassein,https://en.wikipedia.org/wiki/Treaty_of_Bassein_(1534),,Sultan Bahadur of Gujarat cedes the Mumbai Islands and other territories to the Portuguese Empire.
1537,Treaty of Novgorod,https://en.wikipedia.org/wiki/Treaty_of_Novgorod_(1537),,Russo-Swedish truce
1538,Treaty of Nagyvárad,https://en.wikipedia.org/wiki/Treaty_of_Nagyv%C3%A1rad,Also known as the Treaty of Várad .,"Recognizes John Zápolya as the king of Hungary while Ferdinand I, Holy Roman Emperor retains the western parts of the Hungarian Kingdom ."
1541,First Treaty of Brömsebro,https://en.wikipedia.org/wiki/First_Treaty_of_Br%C3%B6msebro_(1541),,Between Denmark–Norway and Sweden.
1543,Treaty of Greenwich,https://en.wikipedia.org/wiki/Treaty_of_Greenwich,Also known as the Treaties of Greenwich .,Contains two agreements that attempts to unite the Kingdom of England with the Kingdom of Scotland .
1543,Treaty of Venlo,https://en.wikipedia.org/wiki/Treaty_of_Venlo,,Duke Wilhelm of Jülich-Cleves-Berg cedes the territory of Guelders and the county of Zutphen to Holy Roman Emperor Charles V .
1544,Treaty of Speyer,https://en.wikipedia.org/wiki/Treaty_of_Speyer_(1544),,Establishes peace between Denmark-Norway and the Holy Roman Empire.
1544,Treaty of Crépy,https://en.wikipedia.org/wiki/Treaty_of_Cr%C3%A9py,,Holy Roman Emperor Charles V relinquishes his claim to the Duchy of Burgundy and Francis I of France surrenders his claim to the Kingdom of Naples .
1550,Treaty of Boulogne,https://en.wikipedia.org/wiki/Treaty_of_Boulogne,,"France paid England a ransom of 400,000 crowns and gained Boulogne also agreed to remove all their remaining men from Scotland. March 28, 1550."
1551,Treaty of Weissenburg,https://en.wikipedia.org/wiki/Treaty_of_Weissenburg,Also known as the Treaty of Karlsburg .,Declares Archduke Ferdinand of Austria king of Hungary and Transylvania .
1552,Peace of Passau,https://en.wikipedia.org/wiki/Peace_of_Passau,,Holy Roman Emperor Charles V guarantees Lutheran religious freedoms to Protestants.
1552,Treaty of Chambord,https://en.wikipedia.org/wiki/Treaty_of_Chambord,,"Maurice of Saxony cedes Toul , Verdun , and Metz to Henry II of France ."
1555,Peace of Augsburg,https://en.wikipedia.org/wiki/Peace_of_Augsburg,,"Between Charles V, Holy Roman Emperor , and the forces of the Schmalkaldic League ."
1555,Treaty of Amasya,https://en.wikipedia.org/wiki/Treaty_of_Amasya,,Ends the war between Ottoman Turkey and Safavid Persia .
1556,Treaty of Vaucelles,https://en.wikipedia.org/wiki/Treaty_of_Vaucelles,,King Henry II of France cedes Franche-Comté to King Philip II of Spain .
1557,Treaty of Novgorod,https://en.wikipedia.org/wiki/Treaty_of_Novgorod_(1557),,"Russia and Sweden, ended the Russo-Swedish War (1554–1557)"
1557,Treaty of Pozvol,https://en.wikipedia.org/wiki/Treaty_of_Pozvol,,"Livonia and Poland-Lithuania, triggered the Livonian War"
1559,Peace of Cateau Cambrésis,https://en.wikipedia.org/wiki/Peace_of_Cateau_Cambr%C3%A9sis,,Ends the Italian Wars .
1559,Treaty of Vilna,https://en.wikipedia.org/wiki/Treaties_of_Vilna_(1559_and_1561),,Livonian War : Livonian–Polish–Lithuanian alliance
1560,Treaty of Edinburgh,https://en.wikipedia.org/wiki/Treaty_of_Edinburgh,,"England, Scotland, France: concludes Siege of Leith , attempts to end Auld Alliance ."
1561,Treaty of Vilna,https://en.wikipedia.org/wiki/Treaties_of_Vilna_(1559_and_1561),,Livonian War : Livonian Order subordinated to Poland-Lithuania
1562,Edict of Saint-Germain,https://en.wikipedia.org/wiki/Edict_of_Saint-Germain,Also known as the Edict of January .,Recognizes the existence of French Protestants and guarantees them freedom of conscience and private worship.
1562,Treaty of Hampton Court,https://en.wikipedia.org/wiki/Treaty_of_Hampton_Court_(1562),,Establishes military and economic ties between Queen Elizabeth I of England and Huguenot leader Louis I de Bourbon .
1562,Treaty of Mozhaysk,https://en.wikipedia.org/wiki/Treaty_of_Mozhaysk,,"Livonian War , Russo-Danish mutual assurance of their claims in Livonia"
1563,Edict of Amboise,https://en.wikipedia.org/wiki/Edict_of_Amboise,,Ends the first phase of the French Wars of Religion .
1564,Treaty of Dorpat,https://en.wikipedia.org/wiki/Treaty_of_Dorpat,,"Livonian War , Russo-Swedish mutual assurance of their claims in Livonia"
1564,Treaty of Troyes,https://en.wikipedia.org/wiki/Treaty_of_Troyes_(1564),,"The French gave Queen Elizabeth I 120,000 crowns in return for England to recognise French claim over Calais after losing it in 1558 and its failure to retake it in 1563. This treaty officially ended England's territory claim on mainland France."
1568,Peace of Longjumeau,https://en.wikipedia.org/wiki/Peace_of_Longjumeau,Also known as the Treaty of Longjumeau or the Edict of Longjumeau .,Ends the second phase of the French Wars of Religion ; confirms the Edict of Amboise ; expires in August 1568.
1568,Treaty of Roskilde (1568),https://en.wikipedia.org/wiki/Treaty_of_Roskilde_(1568),,"peace between Lübeck, Denmark–Norway and Sweden during the Northern Seven Years' War , not ratified"
1569,Union of Lublin,https://en.wikipedia.org/wiki/Union_of_Lublin,,"Unites the Kingdom of Poland and the Grand Duchy of Lithuania into a single state, the Polish–Lithuanian Commonwealth ."
1570,Treaty of Stettin,https://en.wikipedia.org/wiki/Treaty_of_Stettin_(1570),,Ends the Northern Seven Years' War .
1570,Peace of Saint-Germain-en-Laye,https://en.wikipedia.org/wiki/Peace_of_Saint-Germain-en-Laye,,Ends the third phase of the French Wars of Religion .
1572,Treaty of Blois,https://en.wikipedia.org/wiki/Treaty_of_Blois_(1572),,Queen Elizabeth I of England and Catherine de' Medici of France establish an alliance against Spain.
1573,Edict of Boulogne,https://en.wikipedia.org/wiki/Edict_of_Boulogne,,"Ends the fourth phase of the French Wars of Religion ; gives Huguenots the right to worship in La Rochelle , Montauban , and Nîmes ."
1576,Edict of Beaulieu,https://en.wikipedia.org/wiki/Edict_of_Beaulieu,Also known as the Edict of Beaulieu-les-Loches or the Peace of Monsieur .,Ends the fifth phase of the French Wars of Religion ; Henry III of France gives the Huguenots the right of public worship.
1576,Pacification of Ghent,https://en.wikipedia.org/wiki/Pacification_of_Ghent,,Alliance of the provinces of the Netherlands against the Spanish.
1577,Treaty of Bergerac,https://en.wikipedia.org/wiki/Treaty_of_Bergerac,Also known as the Edict of Poitiers .,Ends the sixth phase of the French Wars of Religion ; Huguenots can practice their faith only in the suburbs of one town in each judicial district.
1577,Edict of 1577,https://en.wikipedia.org/wiki/Edict_of_1577,Also known as the Perpetual Edict .,Provides for the removal of Spanish troops from the Netherlands; upholds Pacification of Ghent .
1579,Treaty of Arras (1579),https://en.wikipedia.org/wiki/Treaty_of_Arras_(1579),,The members of the Union of Arras conclude a separate peace with Spain in the Eighty Years' War .
1579,Union of Utrecht,https://en.wikipedia.org/wiki/Union_of_Utrecht,,Unifies the northern states of the Netherlands.
1580,Treaty of Fleix,https://en.wikipedia.org/wiki/Treaty_of_Fleix,Also known as the Edict of Fleix and the Peace of Fleix .,Ends the seventh phase of the French Wars of Religion ; recognizes previous treaties granting religious privileges to the Huguenots .
1580,Treaty of Plessis-les-Tours,https://en.wikipedia.org/wiki/Treaty_of_Plessis-les-Tours,,"François, Duke of Anjou becomes sovereign of the Dutch Republic ."
1582,Peace of Jam Zapolski,https://en.wikipedia.org/wiki/Peace_of_Jam_Zapolski,,Ends the Livonian War between Poland and Russia .
1583,Treaty of Plussa,https://en.wikipedia.org/wiki/Treaty_of_Plussa,,A truce between Russia and Sweden; ends the Livonian War (1558–1583).
1584,Treaty of Joinville,https://en.wikipedia.org/wiki/Treaty_of_Joinville,,Forms a Catholic alliance between the French Catholic League and Habsburg Spain against Protestant forces such as Elizabeth I of England .
1585,Treaty of Nemours,https://en.wikipedia.org/wiki/Treaty_of_Nemours,,Revokes previous concessions made to the Huguenots ; instigates the War of the Three Henries .
1585,Treaty of Nonsuch,https://en.wikipedia.org/wiki/Treaty_of_Nonsuch,,England assists Dutch in the Eighty Years' War .
1586,Treaty of Berwick,https://en.wikipedia.org/wiki/Treaty_of_Berwick_(1586),,Agreement of amity between Queen Elizabeth I of England and King James VI of Scotland .
1590,Treaty of Ferhat Paşa,https://en.wikipedia.org/wiki/Treaty_of_Ferhat_Pa%C5%9Fa,,Ends the war between Ottoman Turkey and Safavid Persia . Turkish control on Caucasus region.
1595,Treaty of Teusina,https://en.wikipedia.org/wiki/Treaty_of_Teusina,Also known as the Treaty of Tyavzino or the Eternal Peace with Sweden in Russia.,Ends the Russo–Swedish War (1590–1595) .
1598,Peace of Vervins,https://en.wikipedia.org/wiki/Peace_of_Vervins,,The Spanish withdraw from French territory.
1598,Edict of Nantes,https://en.wikipedia.org/wiki/Edict_of_Nantes,,Henry IV of France grants French Protestants (or Huguenots ) substantial rights in a nation still considered essentially Catholic .
1600,Treaty of Paris (1600),,,"Between Henry IV of France and Charles Emmanuel I, Duke of Savoy ."
1601,Treaty of Lyon (1601),https://en.wikipedia.org/wiki/Treaty_of_Lyon_(1601),,"Henry IV of France acquires Bugey , Valromey, Gex , and Bresse ."
1603,"Treaty of Mellifont,(1603)",,,"Ends hostilities between England and Gaelic Irish , chieftains, ending the Nine Years' War"
1604,"Treaty of London, 1604","https://en.wikipedia.org/wiki/Treaty_of_London,_1604",,Ends hostilities between England and Spain.
1606,Peace of Žitava,https://en.wikipedia.org/wiki/Peace_of_%C5%BDitava,Also known as the Peace of Zsitvatorok .,Ends the Long War between the Ottoman Turkey and the Habsburg monarchy .
1606,Treaty of Vienna (1606),https://en.wikipedia.org/wiki/Treaty_of_Vienna_(1606),Also known as the Peace of Vienna .,Restores all constitutional and religious rights/privileges to the Hungarians in both Transylvania and Royal Hungary .
1608,Treaty of Lieben,https://en.wikipedia.org/wiki/Treaty_of_Lieben,,"Holy Roman Emperor Rudolf II surrenders Hungary, Austrian territories near the Danube River , and Moravia to his brother Matthias ."
1609,Treaty of Antwerp (1609),https://en.wikipedia.org/wiki/Treaty_of_Antwerp_(1609),Also known as the Twelve Years Truce .,Spain and the Netherlands agree to a 12-year truce.
1610,Treaty of Brussol,https://en.wikipedia.org/wiki/Treaty_of_Brussol,Also known as the Treaty of Bruzolo .,Establishes a military alliance between Charles Emmanuel I and Henry IV of France against the Spanish in Italy.
1612,Treaty of Nasuh Pasha,https://en.wikipedia.org/wiki/Treaty_of_Nasuh_Pasha,,Treaty between Ottoman Turkey and Safavid Persia Revision of 1590 treaty. Persia regained some of its loses in 1590.
1613,Treaty of Knäred,https://en.wikipedia.org/wiki/Treaty_of_Kn%C3%A4red,,Ends the Kalmar War between Denmark and Sweden.
1613,Two Row Wampum Treaty,https://en.wikipedia.org/wiki/Two_Row_Wampum_Treaty,Also known as Guswhenta or Kaswhenta .,Treaty between the Iroquois and representatives of the Dutch government.
1614,Treaty of Xanten,https://en.wikipedia.org/wiki/Treaty_of_Xanten,,Ends the War of the Jülich Succession .
1615,Peace of Asti,https://en.wikipedia.org/wiki/Peace_of_Asti,,Duke Charles Emmanuel I of Savoy relinquishes claims on Monferrato .
1615,Peace of Tyrnau,https://en.wikipedia.org/wiki/Peace_of_Tyrnau,,Recognizes Gábor Bethlen as the Prince of Transylvania .
1615,Treaty of Serav,https://en.wikipedia.org/wiki/Treaty_of_Serav,,Ratifies the treaty of 1612 between Ottoman Turkey and Safavid Persia
1616,Treaty of Loudun,https://en.wikipedia.org/wiki/Treaty_of_Loudun,,"Ends hostilities between Queen Marie de' Medici and rebellious French princes led by Henry II , the third Prince of Condé ."
1617,Treaty of Pavia,https://en.wikipedia.org/wiki/Treaty_of_Pavia,,Savoy cedes Monferrato to Mantua .
1617,Treaty of Stolbovo,https://en.wikipedia.org/wiki/Treaty_of_Stolbovo,,Ends the Ingrian War between Sweden and Russia.
1617,Peace of Busza,https://en.wikipedia.org/wiki/Peace_of_Busza,,Peace between Ottoman Turkey and Polish-Lithuanian Commonwealth
1618,Truce of Deulino,https://en.wikipedia.org/wiki/Truce_of_Deulino,Also known as the Treaty of Dywilino .,Ends the Polish–Russian War (1609–1618) ; expires in 1632.
1619,Treaty of Angoulême,https://en.wikipedia.org/wiki/Treaty_of_Angoul%C3%AAme,,"Ends civil war in France between supporters of Queen Marie de' Medici and her son, King Louis XIII ."
1619,Treaty of Munich (1619),https://en.wikipedia.org/wiki/Treaty_of_Munich_(1619),,Duke Maximilian of Bavaria allows Holy Roman Emperor Ferdinand II to use his forces in exchange for territories in the Electorate of the Palatinate .
1620,Treaty of Ulm (1620),https://en.wikipedia.org/wiki/Treaty_of_Ulm_(1620),,The Protestant Union ceases its support of Frederick V of Bohemia .
1621,Peace of Nikolsburg,https://en.wikipedia.org/wiki/Peace_of_Nikolsburg,Also known as the Peace of Mikulov .,Ends the war between Prince Gabriel Bethlen of Transylvania and Emperor Ferdinand II of the Holy Roman Empire .
1621,Treaty of Madrid (1621),https://en.wikipedia.org/wiki/Treaty_of_Madrid_(1621),,Restores Valtelline to the Grisons and grants Protestants in the region religious freedoms.
1621,Treaty of Khotyn,https://en.wikipedia.org/wiki/Treaty_of_Khotyn,,Between Ottoman Turkey and Polish–Lithuanian Commonwealth .
1621,Treaty of the Hague (1621),,,A failed treaty of alliance between Denmark and the Dutch Republic
1621,Treaty of Bremen,,,A failed treaty of commerce between Denmark and the Dutch Republic
1622,Treaty of Montpellier,https://en.wikipedia.org/wiki/Treaty_of_Montpellier,Also known as the Peace of Montpellier .,Between King Louis XIII and Duke Henry II of Rohan ; confirms the Edict of Nantes .
1623,Treaty of Paris (1623),https://en.wikipedia.org/wiki/Treaty_of_Paris_(1623),,"France, Savoy , and Venice agree to have Spanish forces leave Valtelline ."
1625,Treaty of The Hague (1625),https://en.wikipedia.org/wiki/Treaty_of_The_Hague_(1625),,England and the Netherlands agree to economically support Christian IV of Denmark during the Thirty Years' War .
1626,Peace of Pressburg (1626),https://en.wikipedia.org/wiki/Peace_of_Pressburg_(1626),Also known as the Peace of Bratislava .,Ends the revolt against the Habsburgs .
1626,Treaty of Monzón,https://en.wikipedia.org/wiki/Treaty_of_Monz%C3%B3n,,France and Spain share equal rights in their control of Valtelline .
1627,Capitulation of Franzburg,https://en.wikipedia.org/wiki/Capitulation_of_Franzburg,,Duchy of Pomerania occupied by Albrecht von Wallenstein 's imperial army
1628,Treaty of Munich,https://en.wikipedia.org/wiki/Treaty_of_Munich_(1628),,Recognizes Duke Maximilian of Bavaria as a prince-elector ; grants Maximilian control of the Upper Palatinate and the right bank of the Rhine River for thirty years.
1629,Edict of Restitution,https://en.wikipedia.org/wiki/Edict_of_Restitution,,Holy Roman Emperor Ferdinand II attempts to reinforce the territorial and religious settlements made after the Peace of Augsburg .
1629,Treaty of Lübeck,https://en.wikipedia.org/wiki/Treaty_of_L%C3%BCbeck,,Denmark withdraws from the Thirty Years' War .
1629,Truce of Altmark,https://en.wikipedia.org/wiki/Truce_of_Altmark,Also known as the Treaty of Stary Targ .,Ends hostilities between Sweden and the Polish–Lithuanian Commonwealth .
1629,Peace of Alais,https://en.wikipedia.org/wiki/Peace_of_Alais,Also known as the Edict of Alès .,Between the Huguenots and King Louis XIII ; confirms the basic principles of the Edict of Nantes with additional clauses.
1629,Treaty of Suza,https://en.wikipedia.org/wiki/Treaty_of_Suza,,"2 treaties between France, Savoy, England and Scotland"
1630,Peace of Regensburg,https://en.wikipedia.org/wiki/Peace_of_Regensburg,Also known as the Treaty of Ratisbonne .,Temporarily halts the War of the Mantuan Succession .
1630,Treaty of Stettin (1630),https://en.wikipedia.org/wiki/Treaty_of_Stettin_(1630),,The Duchy of Pomerania allies with and is occupied by the Swedish Empire
1630,Treaty of Madrid (1630),https://en.wikipedia.org/wiki/Treaty_of_Madrid_(1630),,Ends English involvement in the Dutch Revolt .
1631,Treaty of Bärwalde,https://en.wikipedia.org/wiki/Treaty_of_B%C3%A4rwalde,,France and Sweden establish an alliance against the Holy Roman Empire .
1631,Treaty of Cherasco,https://en.wikipedia.org/wiki/Treaty_of_Cherasco,,Ends the War of the Mantuan Succession .
1631,Treaty of Fontainebleau (1631),https://en.wikipedia.org/wiki/Treaty_of_Fontainebleau_(1631),,"France and Bavaria establish a secret "" Catholic "" alliance."
1632,Treaty of Saint-Germain-en-Laye (1632),https://en.wikipedia.org/wiki/Treaty_of_Saint-Germain-en-Laye_(1632),,England returns New France ( Quebec ) to France.
1634,Treaty of Polyanovka,https://en.wikipedia.org/wiki/Treaty_of_Polyanovka,Also known as the Treaty of Polanów or the Treaty of Polyanov .,Ends the Smolensk War between Poland and Russia.
1635,Peace of Prague (1635),https://en.wikipedia.org/wiki/Peace_of_Prague_(1635),,"Between the Holy Roman Emperor, Ferdinand II , and most of the Protestant states of the Holy Roman Empire ."
1635,Treaty of Sztumska Wieś,https://en.wikipedia.org/wiki/Treaty_of_Sztumska_Wie%C5%9B,"Also known as the Treaty of Stuhmsdorf , the Armistice of Stuhmsdorf , the Peace of Stuhmsdorf , and the Truce of Stuhmsdorf .",The Swedish Empire concedes territories to the Polish–Lithuanian Commonwealth .
1636,Treaty of Wismar,https://en.wikipedia.org/wiki/Treaty_of_Wismar,,Establishes alliance between Sweden and France against the Habsburgs .
1638,Treaty of Hamburg (1638),https://en.wikipedia.org/wiki/Treaty_of_Hamburg_(1638),,"Confirms Treaty of Wismar ; France pays Sweden 1,000,000 livres ."
1638,Treaty of Hartford (1638),https://en.wikipedia.org/wiki/Treaty_of_Hartford_(1638),,Cedes Pequot Indian lands to Connecticut River towns and outlaws Pequot settlement and the use of the Pequot language.
1639,Treaty of Berwick (1639),https://en.wikipedia.org/wiki/Treaty_of_Berwick_(1639),Also known as the Peace of Berwick or the Pacification of Berwick .,Ends the First Bishops' War between Charles I of England and the Scots .
1639,Treaty of Zuhab,https://en.wikipedia.org/wiki/Treaty_of_Zuhab,Also known as the Peace of Qasr-e-Shirin .,Ends the war between Safavid Persia and the Ottoman Turkey . The borderline drawn by the treaty is still effective today.
1639,Treaty of Asurar Ali,https://en.wikipedia.org/wiki/Treaty_of_Asurar_Ali,,Establishes the boundary between the Mughals and the Ahom kingdom .
1640,Treaty of Ripon,https://en.wikipedia.org/wiki/Treaty_of_Ripon,,Between Charles I of England and the Scots in the aftermath of the Second Bishops' War .
1642,Treaty of Axim (1642),https://en.wikipedia.org/wiki/Treaty_of_Axim_(1642),,Regulates the jurisdiction of the Netherlands and the Dutch West India Company in the town and polity of Axim .
1643,Solemn League and Covenant,https://en.wikipedia.org/wiki/Solemn_League_and_Covenant,,Between the Scottish Covenanters and the leaders of the English Parliamentarians .
1645,Second Treaty of Brömsebro (1645),https://en.wikipedia.org/wiki/Second_Treaty_of_Br%C3%B6msebro_(1645),Also known as the Peace of Brömsebro .,Ends the Torstenson War between Sweden and Denmark–Norway.
1647,Truce of Ulm (1647),https://en.wikipedia.org/wiki/Truce_of_Ulm_(1647),Also known as the Treaty of Ulm .,Forces Duke Maximilian of Bavaria to renounce his alliance with Holy Roman Emperor Ferdinand III .
1648,Peace of Westphalia,https://en.wikipedia.org/wiki/Peace_of_Westphalia,Also known as the Treaties of Münster and Osnabrück .,"Ends the Thirty Years' War and the Eighty Years' War , and establishes the principle of the sovereignty of nations in use today."
1648,Treaty of Concordia,https://en.wikipedia.org/wiki/Treaty_of_Concordia,Also known as the Partition Treaty of 1648 .,Divides the island of Saint Martin between France and the Netherlands.
1649,Peace of Rueil,https://en.wikipedia.org/wiki/Peace_of_Rueil,,"Ends the opening episodes of the Fronde , France's civil war."
1649,Treaty of Zboriv,https://en.wikipedia.org/wiki/Treaty_of_Zboriv,,Places three provinces of Ukraine under the control of the Cossacks .
1650,Treaty of Breda (1650),https://en.wikipedia.org/wiki/Treaty_of_Breda_(1650),,Between Charles II of England and the Scottish Covenanters during the Wars of the Three Kingdoms .
1650,Treaty of Hartford (1650),https://en.wikipedia.org/wiki/Treaty_of_Hartford_(1650),,Establishes boundary lines between New Amsterdam and English settlers in Connecticut.
1651,Treaty of Bila Tserkva,https://en.wikipedia.org/wiki/Treaty_of_Bila_Tserkva,,Establishes peace between the Polish–Lithuanian Commonwealth and the Ukrainian Cossacks after the Battle of Berestechko .
1652,Treaty of Oistins,,,Establishes peace between colonial settlers of Barbados and the English Commonwealth over Barbados's right to trade with Spanish controlled Netherlands among other demands. Results in establishing one of the first parliaments in the new world and the third oldest in the British Commonwealth
1653,Treaty of Stettin (1653),https://en.wikipedia.org/wiki/Treaty_of_Stettin_(1653),,The Swedish Empire and Brandenburg partition Pomerania .
1654,Treaty of Pereiaslav,https://en.wikipedia.org/wiki/Treaty_of_Pereiaslav,,Between Russia and Cossack Hetmanate .
1654,Treaty of Westminster (1654),https://en.wikipedia.org/wiki/Treaty_of_Westminster_(1654),,Ends the First Anglo-Dutch War .
1655,Treaty of Kėdainiai,https://en.wikipedia.org/wiki/Treaty_of_K%C4%97dainiai,,Second Northern War – Grand Duchy of Lithuania becomes Swedish protectorate
1655,Union of Kėdainiai,https://en.wikipedia.org/wiki/Union_of_K%C4%97dainiai,,Second Northern War – Lithuanian – Swedish union
1655,Treaty of Rinsk,https://en.wikipedia.org/wiki/Treaty_of_Rinsk,,Second Northern War – anti-Swedish alliance of Brandenburg-Prussia and Royal Prussian estates
1656,Treaty of Königsberg (1656),https://en.wikipedia.org/wiki/Treaty_of_K%C3%B6nigsberg_(1656),,Second Northern War – Duchy of Prussia and Ermland become Swedish fiefs.
1656,Treaty of Marienburg,https://en.wikipedia.org/wiki/Treaty_of_Marienburg,,Second Northern War – alliance between Brandenburg-Prussia and Sweden
1656,Treaty of Elbing,https://en.wikipedia.org/wiki/Treaty_of_Elbing,,Second Northern War – Dutch-Swedish settlement of conflicts over Danzig (Gdańsk)
1656,Treaty of Labiau,https://en.wikipedia.org/wiki/Treaty_of_Labiau,,Second Northern War – Hohenzollerns become full souvereigns in Prussia and Ermland .
1656,Truce of Vilna,https://en.wikipedia.org/wiki/Truce_of_Vilna,,Second Northern War / Russo-Polish War – Russo-Polish truce and alliance against Sweden
1656,Treaty of Vienna (1656),https://en.wikipedia.org/wiki/Treaty_of_Vienna_(1656),,Second Northern War : 1st Habsburg – Polish alliance against Sweden
1656,Treaty of Radnot,https://en.wikipedia.org/wiki/Treaty_of_Radnot,,It envisaged a partition of the Polish–Lithuanian Commonwealth ; Transylvania enters the Second Northern War on the Swedish side
1656,Treaty of Butre (1656),https://en.wikipedia.org/wiki/Treaty_of_Butre_(1656),,"Between the Gold Coast (West Africa) state of Ahanta and the States General and the Dutch West India Company , establishing a Dutch protectorate over Butre and Upper Ahanta."
1657,Treaty of Vienna (1657),https://en.wikipedia.org/wiki/Treaty_of_Vienna_(1657),,Second Northern War : 2nd Habsburg – Polish alliance against Sweden
1657,Treaty of Wehlau,https://en.wikipedia.org/wiki/Treaty_of_Wehlau,,"Second Northern War : Poland accepts Hohenzollerns as full souvereigns in Prussia , anti- Swedish alliance."
1657,Treaty of Bromberg (Bydgoszcz),https://en.wikipedia.org/wiki/Treaty_of_Bromberg,,Second Northern War – Wehlau confirmed and amended
1657,Treaty of Paris (1657),https://en.wikipedia.org/wiki/Treaty_of_Paris_(1657),,Establishes military alliance between England and France against Spain.
1657,Treaty of Raalte,https://en.wikipedia.org/wiki/Treaty_of_Raalte,,Willem III is no longer the viceroy of Overijssel .
1658,Treaty of Hadiach,https://en.wikipedia.org/wiki/Treaty_of_Hadiach,,Between Poland and Cossack Hetmanate.
1658,Treaty of Taastrup,https://en.wikipedia.org/wiki/Treaty_of_Taastrup,Also known as the Høje Taastrup Peace .,An accord that preceded the Treaty of Roskilde between Charles X Gustav of Sweden and King Frederick III of Denmark .
1658,Treaty of Roskilde,https://en.wikipedia.org/wiki/Treaty_of_Roskilde,,"Second Northern War : Denmark–Norway cedes territory (Blekinge, Bornholm, Bohuslän, Scania, Trøndelag, Halland) to Sweden."
1658,Treaty of Valiesar,https://en.wikipedia.org/wiki/Treaty_of_Valiesar,,"Second Northern War : Sweden temporarily cedes territory to Russia, cession of hostilities."
1659,Treaty of the Pyrenees,https://en.wikipedia.org/wiki/Treaty_of_the_Pyrenees,,Ends war between France and Spain.
1659,Concert of The Hague (1659),https://en.wikipedia.org/wiki/Concert_of_The_Hague_(1659),,Second Northern War – Anglo-Franco-Dutch agreement regarding peace between Denmark and Swede
1660,Treaty of Copenhagen (1660),https://en.wikipedia.org/wiki/Treaty_of_Copenhagen_(1660),,"Second Northern War – peace between Denmark and Sweden, restores Trondheim to Norway and Bornholm to Denmark."
1660,Treaty of Oliva,https://en.wikipedia.org/wiki/Treaty_of_Oliva,Also known as the Peace of Oliva .,"Second Northern War – peace between Sweden, Brandenburg-Prussia and Poland."
1661,Treaty of Cardis,https://en.wikipedia.org/wiki/Treaty_of_Cardis,Also known as the Peace of Cardis .,Second Northern War – peace between Sweden and Russia.
1661,Treaty of Den Haag,https://en.wikipedia.org/wiki/Treaty_of_Den_Haag_(1661),,The Dutch Empire recognizes Portuguese imperial sovereignty over Recife in Brazil.
1662,Treaty of Montmartre,https://en.wikipedia.org/wiki/Treaty_of_Montmartre,,Duke Charles IV gives to Louis XIV the throne to the Duchy of Lorraine .
1663,Treaty of Ghilajharighat,https://en.wikipedia.org/wiki/Treaty_of_Ghilajharighat,,Between the Ahoms and the Mughal forces.
1664,Peace of Vasvár,https://en.wikipedia.org/wiki/Peace_of_Vasv%C3%A1r,,Between the Austrian Habsburg monarchy and the Ottoman Turkey after the Battle of Saint Gotthard ; lasted until 1683.
1665,Treaty of Purandar (1665),https://en.wikipedia.org/wiki/Treaty_of_Purandar_(1665),Also known as the Treaty of Purandhar .,Between Rajput Jai Singh and Shivaji Maharaj .
1666,Treaty of Habenhausen,https://en.wikipedia.org/wiki/Treaty_of_Habenhausen,,Peace negotiations after the Second Swedish war on Bremen between Sweden and the city of Bremen .
1666,1666 Articles of Peace and Amity,https://en.wikipedia.org/wiki/1666_Articles_of_Peace_and_Amity,,"Treaty between the Province of Maryland and 12 Eastern Algonquian-speaking indigenous nations, including the Piscataway , Anacostanck , Doegs , Mikikiwomans, Manasquesend, Mattawoman , Chingwawateick, Hangemaick, Portobackes , Sacayo, Panyayo, and Choptico ."
1667,Treaty of Breda (1667),https://en.wikipedia.org/wiki/Treaty_of_Breda_(1667),,Ends the Second Anglo-Dutch War .
1667,Treaty of Andrusovo,https://en.wikipedia.org/wiki/Treaty_of_Andrusovo,,Ends the war between Russia and Poland-Lithuania .
1667,Treaty of Bongaja,https://en.wikipedia.org/wiki/Treaty_of_Bongaja,,Sultan Hasanuddin of Makassar recognizes the influence of the Dutch East India Company (VOC) in Indonesian territories.
1668,First Triple Alliance,https://en.wikipedia.org/wiki/Triple_Alliance_(1668),,"Alliance between England, the United Provinces and Sweden."
1668,Treaty of Aix-la-Chapelle (1668),https://en.wikipedia.org/wiki/Treaty_of_Aix-la-Chapelle_(1668),,Ends the War of Devolution between Louis XIV 's France and Habsburg Spain.
1668,Treaty of Lisbon (1668),https://en.wikipedia.org/wiki/Treaty_of_Lisbon_(1668),,Spain recognizes Portuguese sovereignty after the Portuguese Restoration War ; Portugal cedes Ceuta to Spain.
1670,Secret Treaty of Dover,https://en.wikipedia.org/wiki/Secret_Treaty_of_Dover,,France helps England to rejoin the Roman Catholic Church and England assists France militarily against the Dutch Republic .
1670,Treaty of Madrid (1670),https://en.wikipedia.org/wiki/Treaty_of_Madrid_(1670),,Between England and Spain.
1670,Treaty of Copenhagen (1670),https://en.wikipedia.org/wiki/Treaty_of_Copenhagen_(1670),,"An alliance and commercial treaty between Britain and Denmark-Norway, establishing terms of contraband and permitting Danish settlement of the Virgin Islands"
1672,Treaty of Buczacz,https://en.wikipedia.org/wiki/Treaty_of_Buczacz,,Between the Polish–Lithuanian Commonwealth and Ottoman Turkey . Podolia under Turkish control.
1674,Treaty of Westminster (1674),https://en.wikipedia.org/wiki/Treaty_of_Westminster_(1674),,Ends the Third Anglo-Dutch War .
1675,Strasbourg Agreement (1675),https://en.wikipedia.org/wiki/Strasbourg_Agreement_(1675),,First international agreement banning the use of chemical weapons (i.e. poisoned bullets); signed between France and the Holy Roman Empire.
1676,Treaty of Żurawno,https://en.wikipedia.org/wiki/Treaty_of_%C5%BBurawno,,Between Ottoman Turkey and Polish–Lithuanian Commonwealth Ratifies 1672 treaty.
1677,Treaty of 1677,https://en.wikipedia.org/wiki/Treaty_of_1677,Also known as the Treaty Between Virginia And The Indians 1677,Native American tribes in Virginia swear fealty to the British Empire.
1678,Treaties of Nijmegen,https://en.wikipedia.org/wiki/Treaties_of_Nijmegen,,Ends the Franco-Dutch War .
1678,Treaty of Casco (1678),https://en.wikipedia.org/wiki/Treaty_of_Casco_(1678),,Ends war between the eastern Native Americans and the English settlers of Massachusetts Bay Colony .
1679,Treaty of Saint-Germain-en-Laye (1679),https://en.wikipedia.org/wiki/Treaty_of_Saint-Germain-en-Laye_(1679),,Swedish Pomerania and Bremen-Verden restored to Sweden after the Scanian War
1681,Treaty of Bakhchisarai,https://en.wikipedia.org/wiki/Treaty_of_Bakhchisarai,,Concludes the Russo-Turkish War (1676–1681) ; establishes a 20-year truce whereby the Dnieper River would separate the Ottoman Empire from Russian territories.
1684,Truce of Ratisbon,https://en.wikipedia.org/wiki/Truce_of_Ratisbon,,Ends War of Reunions between France and Spain
1686,Eternal Peace Treaty of 1686,https://en.wikipedia.org/wiki/Eternal_Peace_Treaty_of_1686,,Ends war between Russia and Poland.
1689,Treaty of Nerchinsk,https://en.wikipedia.org/wiki/Treaty_of_Nerchinsk,,Ends war between the Russian Empire and the Qing dynasty of China.
1691,Treaty of Limerick,https://en.wikipedia.org/wiki/Treaty_of_Limerick,,Ends the Williamite War in Ireland .
1697,Treaty of Ryswick,https://en.wikipedia.org/wiki/Treaty_of_Ryswick,,Ends the War of the Grand Alliance .
1698,Treaty of Den Haag (1698),https://en.wikipedia.org/wiki/Treaty_of_Den_Haag_(1698),Also known as the Treaty of The Hague or the First Partition Treaty .,Attempts to resolve the issue of who would inherit the Spanish throne.
1699,Treaty of Karlowitz,https://en.wikipedia.org/wiki/Treaty_of_Karlowitz,Also known as the Treaty of Karlovci .,"Ends the war between the alliance consisting of Austria, Venice and Polish–Lithuanian Commonwealth on one side and the Ottoman Turkey on the other side."
1699,Treaty of Preobrazhenskoye,https://en.wikipedia.org/wiki/Treaty_of_Preobrazhenskoye,,"Denmark, Russia, Saxony , and the Polish–Lithuanian Commonwealth divide Swedish territories."
1700,Treaty of London,"https://en.wikipedia.org/wiki/Treaty_of_London,_1700",Also known as the Second Partition Treaty .,"An attempt to restore the Pragmatic Sanction following the death of Joseph Ferdinand, Electoral Prince of Bavaria ."
1700,Treaty of Constantinople,https://en.wikipedia.org/wiki/Treaty_of_Constantinople_(1700),,Establishes peace between Russia and the Ottoman Empire .
1700,Peace of Travendal,https://en.wikipedia.org/wiki/Peace_of_Travendal,,Temporary peace between the Swedish Empire and Denmark–Norway during the Great Northern War .
1701,Great Peace of Montreal,https://en.wikipedia.org/wiki/Great_Peace_of_Montreal,,Establishes peace between New France and the 39 First Nations of North America.
1701,Treaty of The Hague (1701),https://en.wikipedia.org/wiki/Treaty_of_The_Hague_(1701),,"England, Austria, the United Provinces, and the Holy Roman Empire establish a defensive alliance against France."
1703,Methuen Treaty,https://en.wikipedia.org/wiki/Methuen_Treaty,,Between Portugal and the Kingdom of England .
1704,Treaty of Ilbersheim,https://en.wikipedia.org/wiki/Treaty_of_Ilbersheim,,Removes Bavaria from the War of the Spanish Succession .
1704,Treaty of Narva,https://en.wikipedia.org/wiki/Treaty_of_Narva,,Great Northern War : Saxon–Polish–Lithuanian–Russian alliance.
1705,Treaty of Warsaw,https://en.wikipedia.org/wiki/Treaty_of_Warsaw_(1705),,Great Northern War : Polish–Lithuanian–Swedish alliance.
1705,Pact of Genoa,https://en.wikipedia.org/wiki/Pact_of_Genoa,,War of the Spanish Succession : alliance between the Kingdom of England and the Principality of Catalonia .
1706,Treaty of Altranstädt,https://en.wikipedia.org/wiki/Treaty_of_Altranst%C3%A4dt_(1706),,"Great Northern War – peace between Augustus the Strong , king of Poland and elector of Saxony, and Charles XII of Sweden . Augustus resigns as king."
1707,Convention of Milan,https://en.wikipedia.org/wiki/Convention_of_Milan,,Ends the fighting in northern Italy between France and Austria .
1707,Treaty of Altranstädt (1707),https://en.wikipedia.org/wiki/Treaty_of_Altranst%C3%A4dt_(1707),,Holy Roman Emperor Joseph I guarantees to Charles XII of Sweden religious tolerance and liberty of conscience for Silesian Protestants.
1707,Treaty of Union,https://en.wikipedia.org/wiki/Treaty_of_Union_1707,,Unites the Kingdoms of England and Scotland to create the Kingdom of Great Britain .
1709,Treaty of Thorn,https://en.wikipedia.org/wiki/Treaty_of_Thorn_(1709),,Great Northern War : Saxon–Polish–Lithuanian-Russian alliance.
1709,Treaty of Copenhagen,https://en.wikipedia.org/wiki/Treaty_of_Copenhagen_(1709),,Great Northern War : Russo-Danish alliance
1710,Capitulation of Estonia and Livonia,https://en.wikipedia.org/wiki/Capitulation_of_Estonia_and_Livonia,,Great Northern War : Estonian and Livonian estates and towns surrender to Russia.
1710,Treaty of Hanover,https://en.wikipedia.org/wiki/Treaty_of_Hanover_(1710),,Great Northern War : Hanoveranian–Russian alliance.
1711,Treaty of Szatmár,https://en.wikipedia.org/wiki/Treaty_of_Szatm%C3%A1r,Also known as the Peace of Szatmár .,Ends the Kuruc Rebellion led by Francis II Rákóczi .
1711,Treaty of Pruth,https://en.wikipedia.org/wiki/Treaty_of_Pruth,,"Between Ottoman Turkey and Russia, Russia loses some territories and grants a free passage for Charles XII of Sweden ."
1712,Peace of Aarau,,,Ends the Toggenburg War among the Swiss cantons
1713,Treaty of Utrecht,https://en.wikipedia.org/wiki/Treaty_of_Utrecht,,Ends the War of the Spanish Succession .
1713,Treaty of Portsmouth,https://en.wikipedia.org/wiki/Treaty_of_Portsmouth_(1713),,Ends Queen Anne's War hostilities between the Abenakis and the Province of Massachusetts Bay .
1713,Treaty of Schwedt,https://en.wikipedia.org/wiki/Treaty_of_Schwedt,,Great Northern War : Russo-Prussian alliance
1714,Treaty of Baden,https://en.wikipedia.org/wiki/Treaty_of_Baden_(1714),,Ends hostilities between France and the Holy Roman Empire and also ends the War of the Spanish Succession .
1714,Treaty of Rastatt,https://en.wikipedia.org/wiki/Treaty_of_Rastatt,,Ends the War of the Spanish Succession ; hostilities between Louis XIV of France and Holy Roman Emperor Charles VI cease.
1715,Treaty of Stettin,https://en.wikipedia.org/wiki/Treaty_of_Stettin_(1715),,Great Northern War : Hanoveranian–British–Prussian alliance
1715,Treaty of Berlin,https://en.wikipedia.org/wiki/Treaty_of_Berlin_(1715),,Great Northern War : Hanoveranian–British–Danish–Norwegian alliance
1715,Treaty of Greifswald,https://en.wikipedia.org/wiki/Treaty_of_Greifswald,,Great Northern War : Hanoveranian–British–Russian alliance
1717,Second Triple Alliance,https://en.wikipedia.org/wiki/Triple_Alliance_(1717),,"Alliance between Kingdom of Great Britain , the United Provinces and France."
1718,Treaty of Passarowitz,https://en.wikipedia.org/wiki/Treaty_of_Passarowitz,Also known as the Treaty of Požarevac .,Ends the war between Austria and the Ottoman Empire.
1718,Treaty of Baden,https://en.wikipedia.org/wiki/Treaty_of_Baden_(1718),,Ends the Toggenburg War among the Swiss cantons (second treaty).
1720,Treaty of Den Haag,https://en.wikipedia.org/wiki/Treaty_of_Den_Haag_(1720),Also known as the Treaty of The Hague .,Spain abandons her claims in Italy after the War of the Quadruple Alliance .
1720,Treaty of Frederiksborg,https://en.wikipedia.org/wiki/Treaty_of_Frederiksborg,,Ends Great Northern War between Sweden and Denmark–Norway .
1720,Treaty of Stockholm,https://en.wikipedia.org/wiki/Treaty_of_Stockholm_(Great_Northern_War),,"Ends the Great Northern War between Sweden, Hanover and Brandenburg-Prussia"
1721,Treaty of Nystad,https://en.wikipedia.org/wiki/Treaty_of_Nystad,,Ends the Great Northern War between Sweden and Russia.
1721,Treaty of Tetuan,,,"First treaty between Morocco and Great Britain signed on 23 January 1721 by Charles Stewart and the Pasha of Tetuan , and later ratified by King George I and Sultan Ismail : 300 English captives were freed and English merchants were allowed special capitulations in Moroccan harbors. The treaty guaranteed a strategic supply line for Gibraltar ."
1725,Treaty of Hanover,https://en.wikipedia.org/wiki/Treaty_of_Hanover_(1725),,"Establishes a military alliance between Great Britain, France, Prussia, Sweden, the Netherlands and Denmark against Spain."
1725,Treaty of Vienna,https://en.wikipedia.org/wiki/Treaty_of_Vienna_(1725),,Ends Austrian claims to the Spanish throne; Austria helps Spain to reacquire Gibraltar from the British.
1727,Treaty of Kyakhta,https://en.wikipedia.org/wiki/Treaty_of_Kyakhta,,Redefines boundaries between Russia and China.
1729,Treaty of Seville (1729),https://en.wikipedia.org/wiki/Treaty_of_Seville_(1729),,Britain maintains control over Port Mahon and Gibraltar .
1731,Treaty of Vienna (1731),https://en.wikipedia.org/wiki/Treaty_of_Vienna_(1731),,"Verifies the Quadruple Alliance between the Holy Roman Empire , Britain, the Dutch Empire, and Spain."
1732,Treaty of Ahmet Pasha,https://en.wikipedia.org/wiki/Treaty_of_Ahmet_Pasha,,"Short lived peace treaty, ends hostalities between the Ottoman Turkey and the Safavid Persia"
1732,Löwenwolde's Treaty,https://en.wikipedia.org/wiki/L%C3%B6wenwolde%27s_Treaty,Also known as the Treaty of the Three Black Eagles and as the Treaty of Berlin .,"Establishes a joint policy between Austria, the Russian Empire, and Prussia pertaining to the succession of the Polish throne."
1732,Treaty of Rasht,https://en.wikipedia.org/wiki/Treaty_of_Rasht,,Ends Russian claims over Persian territories.
1733,Treaty of Turin (1733),https://en.wikipedia.org/wiki/Treaty_of_Turin_(1733),,Secret treaty between France and the Duke of Savoy for military alliance prior to War of the Polish Succession .
1733,Treaty of the Escorial,https://en.wikipedia.org/wiki/Treaty_of_the_Escorial,,"First of the Bourbon Family Compacts between France and Spain, agreeing to mutual defense and military alliance in the conquest of Italian territories held by the Habsburgs."
1736,Treaty of Constantinople (1736),https://en.wikipedia.org/wiki/Treaty_of_Constantinople_(1736),,Ends hostilities between the Ottoman Empire and Safavid Persia
1738,Treaty of Vienna (1738),https://en.wikipedia.org/wiki/Treaty_of_Vienna_(1738),,Ends the War of the Polish Succession .
1739,Treaty of El Pardo (1739),https://en.wikipedia.org/wiki/Treaty_of_El_Pardo_(1739),,Spain and Great Britain settle their respective claims to American navigation and trade.
1739,Treaty of Niš (1739),https://en.wikipedia.org/wiki/Treaty_of_Ni%C5%A1_(1739),,Ends the war between Russia and the Ottoman Empire.
1739,Treaty of Belgrade,https://en.wikipedia.org/wiki/Treaty_of_Belgrade,,Ends the war between Austria and the Ottoman Empire.
1740,Treaty of Friendship and Alliance,https://en.wikipedia.org/wiki/Treaty_of_Friendship_and_Alliance,,Between the Miskito nation and Kingdom of Great Britain .
1742,Treaty of Berlin (1742),https://en.wikipedia.org/wiki/Treaty_of_Berlin_(1742),,Ends First Silesian War .
1742,Treaty of Breslau,https://en.wikipedia.org/wiki/Treaty_of_Breslau,,Ends First Silesian War .
1742,Convention of Turin,https://en.wikipedia.org/wiki/Convention_of_Turin,,Ends Austria and Sardinia promise to assist each other against Spain.
1743,Treaty of Åbo,https://en.wikipedia.org/wiki/Treaty_of_%C3%85bo,Also known as the Treaty of Turku .,Ends the Hats' Russian War .
1743,Treaty of Worms (1743),https://en.wikipedia.org/wiki/Treaty_of_Worms_(1743),,"Establishes political alliance between the Kingdom of Great Britain, Austria and Sardinia."
1745,Treaty of Dresden,https://en.wikipedia.org/wiki/Treaty_of_Dresden,,Austria confirms the loss of Silesia to Prussia after the Second Silesian War .
1745,Treaty of Fontainebleau (1745),https://en.wikipedia.org/wiki/Treaty_of_Fontainebleau_(1745),,Establishes a military alliance between Louis XV of France and Charles Edward Stuart against George II of Great Britain .
1745,Treaty of Füssen,https://en.wikipedia.org/wiki/Treaty_of_F%C3%BCssen,,Ends Bavaria's support of the French in the War of the Austrian Succession .
1746,Treaty of Kerden,https://en.wikipedia.org/wiki/Treaty_of_Kerden,,Ends hostalities between Ottoman Turkey and Afsharid Iran
1748,Treaty of Aix-la-Chapelle (1748),https://en.wikipedia.org/wiki/Treaty_of_Aix-la-Chapelle_(1748),,Ends the War of the Austrian Succession.
1750,Treaty of Madrid (13 January 1750),https://en.wikipedia.org/wiki/Treaty_of_Madrid_(13_January_1750),,"Defines the boundaries of the Spanish and the Portuguese colonies in South America, replacing the Treaty of Tordesillas ."
1752,Treaty of Aranjuez (1752),https://en.wikipedia.org/wiki/Treaty_of_Aranjuez_(1752),,Recognizes Spanish and Austrian interests in Italy.
1755,Treaty of Giyanti,https://en.wikipedia.org/wiki/Treaty_of_Giyanti,Also known as the Treaty of Gianti Java or Gianti Agreement .,Divides the Sultanate of Mataram between Prince Mangkubumi and Pakubuwono III.
1756,Treaty of Westminster (1756),https://en.wikipedia.org/wiki/Anglo-Prussian_alliance_(1756)#Treaty,,Treaty of neutrality between Prussia and the British Empire.
1757,Treaty of Alinagar,https://en.wikipedia.org/wiki/Treaty_of_Alinagar,,"Between the British East India Company and the Nawab of Bengal , India."
1758,Treaty of Easton,https://en.wikipedia.org/wiki/Treaty_of_Easton,,Native Americans agree not to fight the British during the French and Indian War .
1761,Treaty of El Pardo (1761),https://en.wikipedia.org/wiki/Treaty_of_El_Pardo_(1761),,Nullifies the Treaty of Madrid (13 January 1750) .
1762,Treaty of Fontainebleau (1762),https://en.wikipedia.org/wiki/Treaty_of_Fontainebleau_(1762),,A secret agreement whereby France cedes Louisiana to Spain.
1762,Treaty of Saint Petersburg (1762),https://en.wikipedia.org/wiki/Treaty_of_Saint_Petersburg_(1762),,Ends the Seven Years' War between Russia and Prussia .
1762,Treaty of Hamburg (1762),https://en.wikipedia.org/wiki/Treaty_of_Hamburg_(1762),,Between Prussia and Sweden after Russia breaks its alliance with Prussia.
1763,Treaty of Hubertusburg,https://en.wikipedia.org/wiki/Treaty_of_Hubertusburg,,Ends the Seven Years' War .
1763,First Treaty of Paris,https://en.wikipedia.org/wiki/Treaty_of_Paris_(1763),Also known as the Peace of Paris and the Treaty of 1763.,Ends the Seven Years' War.
1766,Treaty of Batticaloa,https://en.wikipedia.org/wiki/Treaty_of_Batticaloa,Also known as the Hanguranketha Treaty .,King Keerthisiri Rajasinghe of Kandy recognizes Dutch imperial possessions in Sri Lanka .
1768,Treaty of Fort Stanwix,https://en.wikipedia.org/wiki/Treaty_of_Fort_Stanwix,,"In North America, the boundary established by the Proclamation of 1763 is moved west."
1768,Treaty of Masulipatam,https://en.wikipedia.org/wiki/Treaty_of_Masulipatam,,Confirms the conquest of the state of Hyderabad by the British.
1768,Treaty of Versailles,https://en.wikipedia.org/wiki/Treaty_of_Versailles_(1768),,Genoa put Corsica in pledge to France
1770,Treaty of Lochaber,https://en.wikipedia.org/wiki/Treaty_of_Lochaber,,The Cherokee relinquish territories to the British Empire .
1773,Treaty of Tsarskoye Selo,https://en.wikipedia.org/wiki/Treaty_of_Tsarskoye_Selo,,Exchanges Russian and Danish territories in Schleswig–Holstein and the Duchy of Oldenburg .
1774,Treaty of Küçük Kaynarca,https://en.wikipedia.org/wiki/Treaty_of_K%C3%BC%C3%A7%C3%BCk_Kaynarca,,Ends Russo-Turkish War (1768–74) .
1775,Treaty of Faizabad,,,Nawab Of Awadh surrendered the sovereignty over the state of Banaras to East India Company .
1776,Treaty of Watertown,https://en.wikipedia.org/wiki/Treaty_of_Watertown,,Alliance between the State of Massachusetts Bay and the Mi'kmaq of Nova Scotia .
1776,Treaty of Purandar (1776),https://en.wikipedia.org/wiki/Treaty_of_Purandar_(1776),Also known as the Treaty of Purandhar .,"Between the peshwa of the Maratha people and the British East India Company, India."
1777,First Treaty of San Ildefonso,https://en.wikipedia.org/wiki/First_Treaty_of_San_Ildefonso,,Ends disputes between Portugal and Spain over the territories of The Seven Missions and of Colonia del Sacramento .
1777,Treaty of Aranjuez (1777),https://en.wikipedia.org/wiki/Treaty_of_Aranjuez_(1777),,Defines Spanish and French colonies on Santo Domingo .
1778,Treaty of Amity and Commerce (United States–France),https://en.wikipedia.org/wiki/Treaty_of_Amity_and_Commerce_(United_States%E2%80%93France),Also known as the Treaty of Amity and Commerce between The United States and France .,Establishes a commercial alliance between the United States and France
1778,Treaty of Alliance (1778),https://en.wikipedia.org/wiki/Treaty_of_Alliance_(1778),Also known as the Franco-American Alliance .,Establishes a military alliance between the United States and France.
1778,Treaty of El Pardo (1778),https://en.wikipedia.org/wiki/Treaty_of_El_Pardo_(1778),,"Queen Maria I of Portugal cedes Annobón , Bioko , and territories on the Guinea coast to King Charles III of Spain ."
1778,Treaty of Fort Pitt (1778),https://en.wikipedia.org/wiki/Treaty_of_Fort_Pitt_(1778),Also known as the Treaty with the Delawares or the Fourth Treaty of Pittsburgh .,"Gives the United States permission to travel through Delaware territory, as well as to call upon the Delaware Indians to help American troops fight against the British."
1779,Treaty of Aranjuez (1779),https://en.wikipedia.org/wiki/Treaty_of_Aranjuez_(1779),,Spain joins the American Revolutionary War against the Kingdom of Great Britain.
1779,Treaty of Teschen,https://en.wikipedia.org/wiki/Treaty_of_Teschen,,Ends the War of the Bavarian Succession between Austria and Prussia.
1779,Treaty of Aynalıkavak,https://en.wikipedia.org/wiki/Treaty_of_Aynal%C4%B1kavak,,Ratifies the terms of the Treaty of Küçük Kaynarca
1780,Treaty of Aranjuez (1780),https://en.wikipedia.org/wiki/Treaty_of_Aranjuez_(1780),,Morocco recognized Spanish rule over Melilla .
1782,1782 Edict of Tolerance,https://en.wikipedia.org/wiki/1782_Edict_of_Tolerance,,Holy Roman Emperor Joseph II promotes religious tolerance towards Jews.
1782,Treaty of Salbai,https://en.wikipedia.org/wiki/Treaty_of_Salbai,,"Between the Maratha Empire and the British East India Company , India."
1783,Treaty of Amity and Commerce (United States–Sweden),https://en.wikipedia.org/wiki/Treaty_of_Amity_and_Commerce_(United_States%E2%80%93Sweden),,Sweden becomes the first neutral nation to officially recognize the young American republic.
1783,Second Treaty of Paris,https://en.wikipedia.org/wiki/Treaty_of_Paris_(1783),,Ends the American Revolutionary War .
1783,Treaty of Georgievsk,https://en.wikipedia.org/wiki/Treaty_of_Georgievsk,,Establishes the east Georgian Kingdom of Kartli-Kakheti as a protectorate under suzerainty of the Russian Empire.
1784,Treaty of Fort Stanwix,https://en.wikipedia.org/wiki/Treaty_of_Fort_Stanwix_(1784),,The Iroquois Confederacy cedes all lands west of the Niagara River to the United States.
1784,Treaty of Mangalore,https://en.wikipedia.org/wiki/Treaty_of_Mangalore,,Ends the Second Anglo-Mysore War .
1785,Treaty of Fontainebleau,https://en.wikipedia.org/wiki/Treaty_of_Fontainebleau_(1785),,Reinforces the Treaty of Münster whereby the Scheldt Estuary is under the sovereignty of the United Provinces.
1785,Treaty of Amity and Commerce (Prussia–United States),https://en.wikipedia.org/wiki/Treaty_of_Amity_and_Commerce_(Prussia%E2%80%93United_States),,"Between the Kingdom of Prussia and the United States promoting free trade and demanding the unconditionally humane custody for war prisoner, a novelty at the time."
1785,Treaty of Hopewell,https://en.wikipedia.org/wiki/Treaty_of_Hopewell,,Between the United States and the Cherokee Indians.
1785,Treaty of Fort McIntosh,https://en.wikipedia.org/wiki/Treaty_of_Fort_McIntosh,,Native American tribes cede to the United States all claims to land in the Ohio Country east of the Cuyahoga and Muskingum rivers; tribes also cede the areas surrounding Fort Detroit and Fort Michilimackinac .
1785,Maryland–Virginia Compact of 1785,https://en.wikipedia.org/wiki/Maryland%E2%80%93Virginia_Compact_of_1785,,"Interstate compact between the U.S. states of Maryland and Virginia governing navigational and fishing rights on Chesapeake Bay , and on the Potomac and Pocomoke rivers."
1786,Eden Agreement,https://en.wikipedia.org/wiki/Eden_Agreement,,Between the Kingdom of Great Britain and France.
1786,Moroccan–American Treaty of Friendship,https://en.wikipedia.org/wiki/Moroccan%E2%80%93American_Treaty_of_Friendship,,The oldest non-broken friendship treaty between Morocco and the United States.
1786,Treaty of Hartford (1786),https://en.wikipedia.org/wiki/Treaty_of_Hartford_(1786),,Interstate compact resolving territorial and border disputes between the states of New York and Massachusetts .
1786,Treaty of Hopewell,https://en.wikipedia.org/wiki/Treaty_of_Hopewell,,"Between the United States, the Choctaw Indians, and the Chickasaw Indians."
1786,Jay–Gardoqui Treaty,https://en.wikipedia.org/wiki/Jay%E2%80%93Gardoqui_Treaty,,Trade treaty between United States and Spain. Not ratified by U.S. government
1786,Convention of London (1786),https://en.wikipedia.org/wiki/Convention_of_London_(1786),,Great Britain agrees to evacuate Mosquito Coast in exchange for Spanish concessions in present-day Belize .
1787,Treaty of Beaufort,https://en.wikipedia.org/wiki/Treaty_of_Beaufort,Also known as the Beaufort Convention .,Interstate compact officially establishing the all-river boundary between the states of Georgia and South Carolina .
1788,Third Triple Alliance,https://en.wikipedia.org/wiki/Triple_Alliance_(1788),,"Alliance between Kingdom of Great Britain , the United Provinces and Kingdom of Prussia ."
1788,First Treaty of Buffalo Creek,https://en.wikipedia.org/wiki/First_Treaty_of_Buffalo_Creek,,Between the Seneca tribe of Western New York and certain purchasers of rights to the Indians' land.
1789,Treaty of Fort Harmar,https://en.wikipedia.org/wiki/Treaty_of_Fort_Harmar,,Between the United States government and several Native American tribes with claims to the Ohio Country .
1790,Treaty of Reichenbach (1790),https://en.wikipedia.org/wiki/Treaty_of_Reichenbach_(1790),,Between Frederick William II of Prussia and Holy Roman Emperor Leopold II of Austria.
1790,Treaty of Värälä,https://en.wikipedia.org/wiki/Treaty_of_V%C3%A4r%C3%A4l%C3%A4,,Ends Russo-Swedish War (1788–1790) .
1790,Treaty of New York (1790),https://en.wikipedia.org/wiki/Treaty_of_New_York_(1790),,Between the United States government and the Creek people .
1791,Treaty of Holston,https://en.wikipedia.org/wiki/Treaty_of_Holston,,Settles disputes between the United States and the Cherokee over the territories south of the Ohio River ; proclaimed and amended in 1792.
1791,Treaty of Sistova,https://en.wikipedia.org/wiki/Treaty_of_Sistova,,Ends the war between Ottoman Turkey and Austria (1787–1791)
1792,Treaty of Jassy,https://en.wikipedia.org/wiki/Treaty_of_Jassy,,Ends the Russo-Turkish War (1787–1792) .
1792,Treaty of Seringapatam,https://en.wikipedia.org/wiki/Treaty_of_Seringapatam,,Ends the Third Anglo-Mysore War .
1794,Jay Treaty,https://en.wikipedia.org/wiki/Jay_Treaty,Also known as the Treaty of London .,Resolves several issues remaining between the United States and the Kingdom of Great Britain since the Treaty of Paris of 1783.
1794,Treaty of Canandaigua,https://en.wikipedia.org/wiki/Treaty_of_Canandaigua,,Establishes peace and friendship between the United States and the Six Nations of the Iroquois (Haudenosaunee).
1795,Pinckney's Treaty,https://en.wikipedia.org/wiki/Pinckney%27s_Treaty,"Also known as the Treaty of San Lorenzo , the Treaty of Madrid , and the Treaty of Friendship, Limits, and Navigation Between Spain and the United States .",Defines boundaries of the United States and Spanish colonies.
1795,Treaty of Peace and Friendship between the United States and the Regency of Algiers,https://en.wikipedia.org/wiki/Treaty_of_Peace_and_Friendship_between_the_United_States_and_the_Regency_of_Algiers,,Ransom against piracy
1795,Treaty of The Hague (1795),https://en.wikipedia.org/wiki/Treaty_of_The_Hague_(1795),Also known as the Hedges Treaty .,"The Batavian Republic cedes Venlo , Flanders , and Maastricht to France."
1795,Treaty of Greenville,https://en.wikipedia.org/wiki/Treaty_of_Greenville,,Ends the war between the United States and a coalition of Native Americans .
1795,Treaty of Basel,https://en.wikipedia.org/wiki/Peace_of_Basel,,"Three agreements whereby France made peace with Prussia, Spain and Hessen-Kassel; concludes the early stage of the French Revolutionary Wars against the First Coalition (1792–1795)."
1796,Treaty with Tripoli (1796),https://en.wikipedia.org/wiki/Treaty_with_Tripoli_(1796),Also known as the Treaty of Peace and Friendship .,Ends the war between the United States and Tripoli .
1796,Treaty of New York (1796),https://en.wikipedia.org/wiki/Treaty_of_New_York_(1796),,Between the Seven Nations of Canada and New York State.
1796,Treaty of Colerain,https://en.wikipedia.org/wiki/Treaty_of_Colerain,,Affirms the binding of the Treaty of New York (1790) and establishes the boundary line between the Creek Nation and the United States.
1796,Second Treaty of San Ildefonso,https://en.wikipedia.org/wiki/Second_Treaty_of_San_Ildefonso,,Treaty of alliance between Spain and France against Britain.
1797,Treaty of Leoben,https://en.wikipedia.org/wiki/Treaty_of_Leoben,Also known as the Peace of Leoben .,Preliminary accord to the Treaty of Campo Formio ; Austria loses Belgium and Lombardy in exchange for Istria and Dalmatia .
1797,Treaty of Campo Formio,https://en.wikipedia.org/wiki/Treaty_of_Campo_Formio,,Austria recognizes hegemony of French Republic over northern Italy and Belgium. Effective end of the War of the First Coalition (1792–1797).
1797,Treaty of Tolentino,https://en.wikipedia.org/wiki/Treaty_of_Tolentino,,Between France and the Papal States .
1797,Treaty with Tunis (1797),https://en.wikipedia.org/wiki/Treaty_with_Tunis_(1797),,"Peace treaty between the United States and the ' Barbary State ' of Tunis , nominally part of the Ottoman Empire ."
1797,Treaty of Big Tree,https://en.wikipedia.org/wiki/Treaty_of_Big_Tree,,"Treaty between the Seneca Nation , part of the Iroquois Confederacy and United States that created reservations for the Seneca and reduced their lands significantly."
1800,Third Treaty of San Ildefonso,https://en.wikipedia.org/wiki/Third_Treaty_of_San_Ildefonso,"Also known as the Preliminary and Secret Treaty between the French Republic and His Catholic Majesty the King of Spain, Concerning the Aggrandizement of His Royal Highness the Infant Duke of Parma in Italy and the Retrocession of Louisiana .",Spain cedes the Louisiana Territory to France.
1800,Treaty of Mortefontaine,https://en.wikipedia.org/wiki/Convention_of_1800_(Treaty_of_Mortefontaine),Also known as the Convention of 1800 .,Ends the Quasi-War between the United States and France.
1801,Carnatic Treaty,https://en.wikipedia.org/wiki/Carnatic_Treaty,,"The Nawab of Arcot cedes territories in India to Great Britain for two hundred rupees, India."
1801,Treaty of Aranjuez (1801),https://en.wikipedia.org/wiki/Treaty_of_Aranjuez_(1801),,Confirms the Third Treaty of San Ildefonso between Spain and France.
1801,Treaty of Badajoz (1801),https://en.wikipedia.org/wiki/Treaty_of_Badajoz_(1801),Also known as the Peace of Badajoz .,Portugal cedes Olivenza to Spain and agrees to close its harbors to Great Britain .
1801,Treaty of Madrid (1801),https://en.wikipedia.org/wiki/Treaty_of_Madrid_(1801),,Confirms the Treaty of Badajoz (1801) between Portugal and France; Portugal also agrees to pay 20 million francs and cedes half of Guiana .
1801,Treaty of Florence,https://en.wikipedia.org/wiki/Treaty_of_Florence,,"The Kingdom of Naples cedes some central Italian possessions, the island of Elba , and the Athena of Velletri to France."
1801,Treaty of Lunéville,https://en.wikipedia.org/wiki/Treaty_of_Lun%C3%A9ville,,Ends the War of the Second Coalition against France.
1802,Treaty of Amiens,https://en.wikipedia.org/wiki/Treaty_of_Amiens,,Ends the war between France and Great Britain .
1802,Treaty of Bassein,https://en.wikipedia.org/wiki/Treaty_of_Bassein_(1802),,"The Maratha Peshwa of Pune cedes territories in western India to Great Britain , India."
1802,Treaty of Al Arish,https://en.wikipedia.org/wiki/Napoleonic_Campaign_in_Egypt,,Napoleon agrees to return Egypt to the Ottoman Empire
1803,Louisiana Purchase,https://en.wikipedia.org/wiki/Louisiana_Purchase,,United States buys the Louisiana Territory from France.
1803,Treaty of Surji-Anjangaon,https://en.wikipedia.org/wiki/Treaty_of_Surji-Anjangaon,,"Between Great Britain and Daulat Rao Sindhia , chief of the Maratha Empire ; treaty was revised twice."
1803,Treaty of Fort Wayne,https://en.wikipedia.org/wiki/Treaty_of_Fort_Wayne_(1803),,"Between the United States and the Delaware , Shawnee , Potowatomi , Miami , and Kickapoo Indians, defining the boundaries of the Vincennes Tract in southwest Indiana ."
1804,Treaty of St. Louis (1804),https://en.wikipedia.org/wiki/Treaty_of_St._Louis_(1804),,The Sac and Fox Indians cede Illinois to the United States.
1805,Treaty of Saint Petersburg (1805),https://en.wikipedia.org/wiki/Treaty_of_Saint_Petersburg_(1805),,Great Britain and Russia agree to alliance against France
1805,Treaty of Tripoli (1805),https://en.wikipedia.org/wiki/Treaty_of_Tripoli_(1805),,"Between the United States and the Pasha of Tripoli , ending the First Barbary War ."
1805,Treaty of Fort Industry,https://en.wikipedia.org/wiki/Treaty_of_Fort_Industry,,"The Ottawa , Chippewa , Wyandot , Potawatomi , Delaware , and Shawnee Indians cede eastern Ohio to the United States."
1805,Treaty of Potsdam (1805),https://en.wikipedia.org/wiki/Treaty_of_Potsdam_(1805),,Prussia agrees with Russia to join the Third Coalition against France if Napoleon rejects peace terms.
1805,Treaty of Schönbrunn (1805),https://en.wikipedia.org/wiki/Treaty_of_Sch%C3%B6nbrunn_(1805),,Prussian treaty of friendship with France.
1805,Peace of Pressburg (1805),https://en.wikipedia.org/wiki/Peace_of_Pressburg_(1805),,"Between France and Austria , ending Austria's participation in the War of the Fourth Coalition ."
1806,Treaty of Poznań,https://en.wikipedia.org/wiki/Treaty_of_Pozna%C5%84,,Ends the war between France and Saxony after the latter's defeat during the War of the Fourth Coalition .
1807,Treaty of Finckenstein,https://en.wikipedia.org/wiki/Treaty_of_Finckenstein,,Between France and Persia.
1807,Treaties of Tilsit,https://en.wikipedia.org/wiki/Treaties_of_Tilsit,,"France, Russia , and Prussia create the Duchy of Warsaw ."
1807,Russo-Serbian Alliance (1807),https://en.wikipedia.org/wiki/Russo-Serbian_Alliance_(1807),,Between Russia and Serbian rebels.
1807,Treaty of Fontainebleau (October 1807),https://en.wikipedia.org/wiki/Treaty_of_Fontainebleau_(October_1807),,"Between Spain and France, proposing the partition of Portugal."
1807,Treaty of Fontainebleau (November 1807),https://en.wikipedia.org/wiki/Treaty_of_Fontainebleau_(November_1807),,Holland cedes Vlissingen to France and receives East Frisia .
1807,Treaty of Detroit,https://en.wikipedia.org/wiki/Treaty_of_Detroit,,"The Ottawa , Chippewa , Wyandot , and Potawatomi Indians cede parts of Michigan and Ohio to the United States."
1808,Convention of Cintra,https://en.wikipedia.org/wiki/Convention_of_Cintra,,France withdraws from Portugal.
1808,Treaty of Fort Clark,https://en.wikipedia.org/wiki/Treaty_of_Fort_Clark,Also known as the Treaty with the Osage or the Osage Treaty .,The Osage Nation cedes large portions of the Missouri Territory to the United States.
1809,Treaty of the Dardanelles,https://en.wikipedia.org/wiki/Treaty_of_the_Dardanelles,"Also known as the Dardanelles Treaty of Peace, Commerce, and Secret Alliance , the Treaty of Çanak , and the Treaty of Chanak .",Between the Ottoman Empire and Great Britain .
1809,Apodaca–Canning treaty,https://en.wikipedia.org/wiki/Apodaca%E2%80%93Canning_treaty,,Between Spain and Great Britain.
1809,"Treaty of Amritsar, 1809","https://en.wikipedia.org/wiki/Treaty_of_Amritsar,_1809",,"Between Ranjit Singh and the British East India Company , restricting the Sikh Empire to north of the Sutlej River , India."
1809,Treaty of Hamina,https://en.wikipedia.org/wiki/Treaty_of_Hamina,Also known as the Treaty of Fredrikshamn .,Ends the Finnish War between Sweden and Russia .
1809,Treaty of Fort Wayne (1809),https://en.wikipedia.org/wiki/Treaty_of_Fort_Wayne_(1809),,"The Delaware , Eel River , Miami , Potawatomi , Kickapoo , and Wea Indians cede part of Indiana to the United States."
1809,Treaty of Schönbrunn,https://en.wikipedia.org/wiki/Treaty_of_Sch%C3%B6nbrunn,Also known as the Treaty of Vienna .,Ends the War of the Fifth Coalition against Napoleon .
1810,Treaty of Paris (1810),https://en.wikipedia.org/wiki/Treaty_of_Paris_(1810),,Ends the war between France and Sweden.
1812,Treaty of Paris (24 February 1812),https://en.wikipedia.org/wiki/Treaty_of_Paris_(24_February_1812),,Prussian alliance with France against Russia
1812,Treaty of Paris (14 March 1812),https://en.wikipedia.org/wiki/Treaty_of_Paris_(14_March_1812),,Austrian alliance with France against Russia
1812,Treaty of Bucharest (1812),https://en.wikipedia.org/wiki/Treaty_of_Bucharest_(1812),,Ends the Russo-Turkish War (1806–12) .
1812,Treaties of Örebro,https://en.wikipedia.org/wiki/Treaties_of_%C3%96rebro,,Ends the Anglo-Russian War (1807–1812) and Anglo-Swedish war of 1810–1812 .
1812,Convention of Tauroggen,https://en.wikipedia.org/wiki/Convention_of_Tauroggen,,Armistice between Ludwig von Yorck 's Prussian troops and Russia .
1813,Treaty of Kalisz (1813),https://en.wikipedia.org/wiki/Treaty_of_Kalisz_(1813),,Russia and Prussia establish the Kalisz Union against Napoleon .
1813,Treaty of Stockholm (1813),https://en.wikipedia.org/wiki/Treaty_of_Stockholm_(1813),,Great Britain and Sweden agree to military cooperation against France
1813,Treaties of Reichenbach,https://en.wikipedia.org/wiki/Treaties_of_Reichenbach_(1813),,"Great Britain , Russia , Prussia , and Austria establish the Sixth Coalition against Napoleon ."
1813,Treaty of Peterswaldau,https://en.wikipedia.org/wiki/Treaty_of_Peterswaldau,,"Great Britain agrees to pay for 10,000 German troops in Russian service."
1813,Treaty of Töplitz,https://en.wikipedia.org/wiki/Treaty_of_T%C3%B6plitz,Also known in other spellings as the Treaty of Toeplitz and the Treaty of Toplitz .,"Great Britain , Russia , Prussia , and Austria augment the Sixth Coalition against Napoleon ."
1813,Treaty of Ried,https://en.wikipedia.org/wiki/Treaty_of_Ried,,Bavaria pledges to Austria to leave the Confederation of the Rhine and join the Sixth Coalition against Napoleon .
1813,Treaty of Gulistan,https://en.wikipedia.org/wiki/Treaty_of_Gulistan,,Between Russia and Qajarid Persia .
1813,Treaty of Fulda,https://en.wikipedia.org/wiki/Treaty_of_Fulda,,Württemberg agrees with Austria to leave the Confederation of the Rhine .
1813,Treaty of Valençay,https://en.wikipedia.org/wiki/Treaty_of_Valen%C3%A7ay,,Napoleon restores Ferdinand VII of Spain to his throne
1814,Treaty of Naples (1814),https://en.wikipedia.org/wiki/Treaty_of_Naples_(1814),,Naples joins the Sixth Coalition against France
1814,Treaty of Kiel,https://en.wikipedia.org/wiki/Treaty_of_Kiel,,The king of Denmark–Norway cedes Norway to The king of Sweden in exchange for territories in Pomerania .
1814,Treaty of Troyes (1814),https://en.wikipedia.org/wiki/Treaty_of_Troyes_(1814),,"Russia, Prussia and Austria separate their armies during the campaign in north-east France (1814)"
1814,Treaty of Chaumont,https://en.wikipedia.org/wiki/Treaty_of_Chaumont,,"Austria, Great Britain, Prussia and Russia agree to alliance against France"
1814,Treaty of Fontainebleau (1814),https://en.wikipedia.org/wiki/Treaty_of_Fontainebleau_(1814),,"Russia , Prussia , and Austria accept Napoleon 's abdication as Emperor of France, and allow him to remain Emperor of Elba ."
1814,Convention of Mantua,https://en.wikipedia.org/wiki/Convention_of_Mantua,,Italy is returned to provisional Austrian rule
1814,Treaty of Paris,https://en.wikipedia.org/wiki/Treaty_of_Paris_(1814),,Ends the War of the Sixth Coalition against France.
1814,Eight Articles of London,https://en.wikipedia.org/wiki/Eight_Articles_of_London,,Amalgamates the Netherlands and Belgium.
1814,Treaty of Fort Jackson,https://en.wikipedia.org/wiki/Treaty_of_Fort_Jackson,"Also known as the Treaty with the Creeks, 1814 .",The Creek Indians cede territories to the United States.
1814,Anglo-Dutch Treaty of 1814,https://en.wikipedia.org/wiki/Anglo-Dutch_Treaty_of_1814,Also known as the Convention of London .,Between the Great Britain and the United Provinces (Netherlands).
1814,Convention of Moss,https://en.wikipedia.org/wiki/Convention_of_Moss,,Armistice agreement and de facto peace treaty between Norway and Sweden.
1814,Treaty of Ghent,https://en.wikipedia.org/wiki/Treaty_of_Ghent,,Ends the War of 1812 between Great Britain and the United States.
1815,Treaty of Paris (1815),https://en.wikipedia.org/wiki/Treaty_of_Paris_(1815),,Follows the defeat of Napoleon at the Battle of Waterloo .
1815,Final Act of the Congress of Vienna,https://en.wikipedia.org/wiki/Final_Act_of_the_Congress_of_Vienna,,Ends the Napoleonic Wars .
1815,Kandyan Convention,https://en.wikipedia.org/wiki/Kandyan_Convention,,"Between the British governor of Ceylon, Sir Robert Brownrigg, and the chiefs of the Kandyan Kingdom."
1815,Sugauli Treaty,https://en.wikipedia.org/wiki/Sugauli_Treaty,Also known as the Segowlee Treaty .,Ends the Anglo-Nepalese War between Great Britain and Nepal .
1815,Treaty of Springwells,https://en.wikipedia.org/wiki/Treaty_of_Springwells,,"The United States restored relations with the Wyandot , Delaware , Seneca , Shawnee , Miami , Chippewa , Ottawa , and Potawatomi Indians, absolving them for supporting Great Britain in the War of 1812 ."
1815,Quadruple Alliance (1815),https://en.wikipedia.org/wiki/Quadruple_Alliance_(1815),,"Between the UK, Austria, Prussia and Russia."
1815,Treaty of peace concluded between His United States of America and his Highness Omar Bashaw Dey of Algiers,,,Ended the Second Barbary War .
1815,Treaty of Nicolls' Outpost,https://en.wikipedia.org/wiki/Treaty_of_Nicolls%27_Outpost,,Between the UK and Red Stick and allied Native Americans (unratified)
1816,Treaty of St. Louis (1816),https://en.wikipedia.org/wiki/Treaty_of_St._Louis_(1816),,"The Council of Three Fires cedes a 20-mile (32 km) strip of land, which connected Chicago and Lake Michigan with the Illinois River ."
1817,Rush–Bagot Treaty,https://en.wikipedia.org/wiki/Rush%E2%80%93Bagot_Treaty,,Settles boundary disputes between the United States and Great Britain .
1817,Treaty of Fort Meigs,https://en.wikipedia.org/wiki/Treaty_of_Fort_Meigs,Also known as the Treaty of the Foot of the Rapids .,"Between the United States and the Wyandot , Seneca , Delaware , Shawnee , Potawatomi , Ottawa and Ojibwa tribes."
1817,Treaty of Titalia,https://en.wikipedia.org/wiki/Treaty_of_Titalia,,"The British East India Company restores land taken by Nepal to the chogyal (monarch) of Sikkim , who acknowledges the company as overlord, India."
1818,Treaty of 1818,https://en.wikipedia.org/wiki/Treaty_of_1818,"Also known as the Convention respecting fisheries, boundary, and the restoration of slaves , the London Convention , the Convention of 1818 , or the Anglo-American Convention of 1818 .",Resolves boundary disputes between the United States and the Great Britain ; leaves the Oregon Country open to both countries.
1818,Treaty of St. Mary's,https://en.wikipedia.org/wiki/Treaty_of_St._Mary%27s,,Between the United States and the Miami people .
1818,Treaty of the Creek Agency (1818),https://en.wikipedia.org/wiki/Treaty_of_the_Creek_Agency_(1818),,Between the United States and the Creek people .
1818,Treaty of St. Louis (1818),https://en.wikipedia.org/wiki/Treaty_of_St._Louis_(1818),Also known as the Treaty with the Osage or the Osage Treaty .,The Osage Nation cedes all territories to the United States beginning at the Arkansas River and ending at the Verdigris River .
1818,Quintuple Alliance,https://en.wikipedia.org/wiki/Quintuple_Alliance,,France joined the quadruple alliance.
1819,Adams–Onís Treaty,https://en.wikipedia.org/wiki/Adams%E2%80%93On%C3%ADs_Treaty,"Also known as the Treaty of Amity, Settlement, and Limits Between the United States of America and His Catholic Majesty , the Transcontinental Treaty of 1819 , and the Florida Purchase Treaty .",Settles a border dispute between the United States and Spain.
1819,Treaty of Saginaw,https://en.wikipedia.org/wiki/Treaty_of_Saginaw,,Native Americans cede land to the United States.
1820,Treaty of Doak's Stand,https://en.wikipedia.org/wiki/Treaty_of_Doak%27s_Stand,Also known as the Treaty with the Choctaw .,The Choctaw agree to surrender one-third of their land to the United States.
1821,Treaty of Córdoba,https://en.wikipedia.org/wiki/Treaty_of_C%C3%B3rdoba,,Mexico becomes independent from Spain.
1821,Treaty of Chicago,https://en.wikipedia.org/wiki/1821_Treaty_of_Chicago,,"The Ottawa , Ojibwe , and Potawatomi tribes cede to the United States all lands in the Michigan Territory south of the Grand River ."
1821,Treaty of Indian Springs (1821),https://en.wikipedia.org/wiki/Treaty_of_Indian_Springs_(1821),,"Creek Indians cede land to the state of Georgia in return for cash payments totaling $200,000 over a period of 14 years."
1822,Capitulation of Quito,,,Set forth conditions for the withdrawal of the Spanish royalist forces from the territories of the Real Audiencia de Quito after the Battle of Pichincha .
1823,Treaty of Moultrie Creek,https://en.wikipedia.org/wiki/Treaty_of_Moultrie_Creek,,Between the United States and the Creek people .
1824,Second Anglo-Dutch Treaty,https://en.wikipedia.org/wiki/Anglo-Dutch_Treaty_of_1824,Also known as the Treaty of London .,"Settles disputes between the United Kingdom and the Netherlands, dividing the Malay World ."
1824,Russo-American Treaty of 1824,https://en.wikipedia.org/wiki/Russo-American_Treaty_of_1824,"Also known as the Convention Between the United States of America and His Majesty the Emperor of All the Russias, Relative to Navigating, Fishing, Etc., in the Pacific Ocean .",The United States and Russia fix the southern limit of Russian America at 54°40' N.
1824,Anderson–Gual Treaty,https://en.wikipedia.org/wiki/Anderson%E2%80%93Gual_Treaty,,First bilateral U.S. treaty with another country of the Americas.
1825,Treaty of Rio de Janeiro (1825),https://en.wikipedia.org/wiki/Treaty_of_Rio_de_Janeiro_(1825),,The Kingdom of Portugal recognized the independence of the Empire of Brazil .
1825,Osage Treaty (1825),https://en.wikipedia.org/wiki/Osage_Treaty_(1825),Also known as the Treaty with the Osage .,The Osage Nation cedes territories to the United States within and west of Missouri and the Arkansas Territory .
1825,Treaty of St. Louis (1825),https://en.wikipedia.org/wiki/Treaty_of_St._Louis_(1825),,The Shawnee Indians cede the area of Cape Girardeau in Missouri to the United States.
1825,Treaty of Hanover (1825),,,Ends the War of German Dissolution.
1825,Treaty of Indian Springs (1825),https://en.wikipedia.org/wiki/Treaty_of_Indian_Springs_(1825),,Relocates the Creek Indians in Georgia (except the Tokaubatchee) to a parcel of land along the Arkansas River .
1825,First Treaty of Prairie du Chien,https://en.wikipedia.org/wiki/First_Treaty_of_Prairie_du_Chien,,"Between the United States and representatives of the Sioux , Sac and Fox , Menominee , Ioway , Winnebago and Anishinaabeg tribes."
1825,Treaty of Saint Petersburg (1825),https://en.wikipedia.org/wiki/Treaty_of_Saint_Petersburg_(1825),,"Also known as the Anglo-Russian Treaty of 1825. Great Britain and Russia fix the southern limit of Russian America at 54°40' N, and roughly outline the land boundary between the two Powers northwards from there."
1825,United States–Central America Treaty,https://en.wikipedia.org/wiki/United_States%E2%80%93Central_America_Treaty,,Between the United States and the Federal Republic of Central America .
1826,Akkerman Convention,https://en.wikipedia.org/wiki/Akkerman_Convention,,Forces the Ottomans to retreat from Moldavia and Wallachia ; grants autonomy to the Principality of Serbia .
1826,Treaty of Mississinewas,https://en.wikipedia.org/wiki/Treaty_of_Mississinewas,Also known as the Treaty of Mississinewa .,Between the United States and the Miami tribe .
1826,Treaty of Yandaboo,https://en.wikipedia.org/wiki/Treaty_of_Yandaboo,,Ends the First Burmese War .
1826,Burney Treaty,https://en.wikipedia.org/wiki/Burney_Treaty,,"British acknowledge Siamese claim over the four northern Malay states of Kedah , Kelantan , Perlis and Terengganu ."
1827,Treaty of London (1827),https://en.wikipedia.org/wiki/Treaty_of_London_(1827),,"Alliance between the United Kingdom, France and Russia to end Turkish action in Greece."
1828,Treaty of Turkmenchay,https://en.wikipedia.org/wiki/Treaty_of_Turkmenchay,,"Persia cedes northern territories to Russia , ending the Russo-Persian War, 1826–1828 ."
1828,Treaty of Montevideo (1828),https://en.wikipedia.org/wiki/Treaty_of_Montevideo_(1828),,Brazil and Argentina recognize the independence of Uruguay .
1828,Treaty of Limits (Mexico–United States),https://en.wikipedia.org/wiki/Treaty_of_Limits_(Mexico%E2%80%93United_States),,"Between Mexico and the United States, confirming their shared border as agreed to by Spain and the U.S. in the Adams–Onís Treaty ."
1829,London Protocol (1829),https://en.wikipedia.org/wiki/London_Protocol_(1829),,Formulates the boundaries of modern Greece.
1829,Treaty of Edirne,https://en.wikipedia.org/wiki/Treaty_of_Adrianople_(1829),,The Ottoman Empire cedes to Russia the right to protect Greece and control the mouth of the Danube River .
1829,Second Treaty of Prairie du Chien,https://en.wikipedia.org/wiki/Second_Treaty_of_Prairie_du_Chien,,Between the United States and representatives of the Council of Three Fires .
1829,Third Treaty of Prairie du Chien,https://en.wikipedia.org/wiki/Third_Treaty_of_Prairie_du_Chien,,Between the United States and the Winnebago .
1830,London Protocol (1830),https://en.wikipedia.org/wiki/London_Protocol_(1830),,Confirms sovereignty of Greece.
1830,Treaty of Dancing Rabbit Creek,https://en.wikipedia.org/wiki/Treaty_of_Dancing_Rabbit_Creek,,The United States grants rights to the Choctaw Indians.
1830,Fourth Treaty of Prairie du Chien,https://en.wikipedia.org/wiki/Fourth_Treaty_of_Prairie_du_Chien,,"Between the United States and the Sac and Fox , the Mdewakanton, Wahpekute, Wahpeton and Sisiton Sioux , Omaha , Ioway , Otoe and Missouria tribes."
1831,Treaty of the Eighteen Articles,https://en.wikipedia.org/wiki/Treaty_of_the_Eighteen_Articles,,An attempt to establish Belgium's borders.
1831,Pacto Federal,https://en.wikipedia.org/wiki/Pacto_Federal,,"Establishes a military alliance between the Argentine provinces of Buenos Aires , Entre Ríos , and Santa Fe ."
1832,Treaty of Cusseta,https://en.wikipedia.org/wiki/Treaty_of_Cusseta,,Between the United States and the Creek Indians.
1832,Treaty of Pontotoc Creek,https://en.wikipedia.org/wiki/Treaty_of_Pontotoc_Creek,,Between the United States and the Chickasaws leading to their removal to present-day Oklahoma .
1832,Treaty of Constantinople (1832),https://en.wikipedia.org/wiki/Treaty_of_Constantinople_(1832),,Officially ends the Greek War of Independence and establishes the borders of modern Greece.
1832,London Protocol (1832),https://en.wikipedia.org/wiki/London_Protocol_(1832),,Reiterates and ratifies the terms of the Treaty of Constantinople (1832) .
1833,Treaty of Hünkâr İskelesi,https://en.wikipedia.org/wiki/Treaty_of_H%C3%BCnk%C3%A2r_%C4%B0skelesi,,The Ottoman Empire grants Russia free passage through the Bosporus .
1833,Convention of Kütahya,https://en.wikipedia.org/wiki/Convention_of_K%C3%BCtahya,,"Between the Ottoman Empire and its vassal Muhammad Ali of Egypt , granting Muhammad Ali extra privileges."
1833,Treaty of Chicago,https://en.wikipedia.org/wiki/1833_Treaty_of_Chicago,,Native American tribes cede lands west of Lake Michigan to the United States in exchange for a reservation of equal size further to the west on the Missouri River ; proclaimed in 1835.
1833,Treaty of Zonhoven,https://en.wikipedia.org/wiki/Treaty_of_Zonhoven,,Establishes special regulations over the use of the Meuse River by the Netherlands and Belgium.
1834,Treaty of Desmichels,https://en.wikipedia.org/wiki/Treaty_of_Desmichels,,France acknowledges Abd-el-Kader as Bey of Mascara and independent sovereign ruler of Oran in Algeria .
1835,Treaty of New Echota,https://en.wikipedia.org/wiki/Treaty_of_New_Echota,,"Between a faction of the Cherokee Indians and the United States, ceding all Cherokee lands in Georgia and for all Georgia Cherokees to relocate to the Indian Territory ."
1835,Batman's Treaty,https://en.wikipedia.org/wiki/Batman%27s_Treaty,,"Between John Batman and a group of Wurundjeri elders for the sale of land around Port Phillip , Australia."
1836,Treaties of Velasco,https://en.wikipedia.org/wiki/Treaties_of_Velasco,,"Between Mexico and the Republic of Texas , establishing the independence of Texas."
1836,Treaty of Washington (1836),https://en.wikipedia.org/wiki/Treaty_of_Washington_(1836),,The Ottawa and Chippewa Indians cede parts of northern Michigan to the United States.
1837,Munich Coin Treaty,https://en.wikipedia.org/wiki/Munich_Coin_Treaty,,Unification of currency by six south German states.
1837,Treaty of Tafna,https://en.wikipedia.org/wiki/Treaty_of_Tafna,,Ends conflict between French and Algerian forces; France cedes territories to Abd-el-Kader.
1838,Treaty of Balta Liman,https://en.wikipedia.org/wiki/Treaty_of_Balta_Liman,,Commercial treaty between the Ottoman Empire and the Great Britain .
1838,Second Treaty of Buffalo Creek,https://en.wikipedia.org/wiki/Second_Treaty_of_Buffalo_Creek,,Between the Seneca tribe of Western New York and certain purchasers of rights to the Indians' land.
1838,Dresden Coinage Convention,https://en.wikipedia.org/wiki/Dresden_Coinage_Convention,,Currency treaty between the states of the Zollverein .
1839,Edict of Toleration (Hawaii),https://en.wikipedia.org/wiki/Edict_of_Toleration_(Hawaii),,King Kamehameha III establishes the Roman Catholic Diocese of Honolulu .
1839,Treaty of London (1839),https://en.wikipedia.org/wiki/Treaty_of_London_(1839),Also known as the Convention of 1839 .,Guarantees the neutrality of Belgium.
1840,Treaty of Waitangi,https://en.wikipedia.org/wiki/Treaty_of_Waitangi,,"Between Great Britain and the Maori of New Zealand, which becomes a British colony."
1841,Treaty for the Suppression of the African Slave Trade,https://en.wikipedia.org/wiki/Treaty_for_the_Suppression_of_the_African_Slave_Trade,,"First multilateral treaty to suppress the slave trade, signed by Austria , Britain , France , Prussia and Russia ."
1842,Treaty of Nanjing,https://en.wikipedia.org/wiki/Treaty_of_Nanjing,,Ends the First Opium War between Great Britain and China; China cedes Hong Kong Island to Britain.
1842,Webster–Ashburton Treaty,https://en.wikipedia.org/wiki/Webster%E2%80%93Ashburton_Treaty,,Settles boundary disputes between the United States and Canada.
1842,Third Treaty of Buffalo Creek,https://en.wikipedia.org/wiki/Third_Treaty_of_Buffalo_Creek,,Between the US and Seneca Indians.
1843,Treaty of Maastricht (1843),https://en.wikipedia.org/wiki/Treaty_of_Maastricht_(1843),,Establishes borders between Belgium and the Netherlands.
1844,Treaty of Tangiers,https://en.wikipedia.org/wiki/Treaty_of_Tangiers,,Ends First Franco-Moroccan War .
1844,Treaty of Tehuacana Creek,https://en.wikipedia.org/wiki/Treaty_of_Tehuacana_Creek,"Also known as the Treaty of Peace, Friendship and Commerce",Establishes peace between the Republic of Texas and various Native American tribes.
1844,Treaty of Wanghia,https://en.wikipedia.org/wiki/Treaty_of_Wanghia,"Also known as the Treaty of Wangxia , Sino-American Treaty of Wanghia and US-China Treaty of Wanghia. Formally known as the Treaty of peace, amity, and commerce, between the United States of America and the Chinese Empire.",First agreement between the United States of America and the Qing Empire. Establishes five U.S. treaty ports in China with extraterritoriality . The U.S. imposes its first unequal treaty on the dynasty.
1844,Treaty of Whampoa,https://en.wikipedia.org/wiki/Treaty_of_Whampoa,,China grants privileges to France.
1846,Oregon Treaty,https://en.wikipedia.org/wiki/Oregon_Treaty,"Also known as the Treaty with the United Kingdom, in Regard to Limits Westward of the Rocky Mountains , and the Treaty of Washington .",Establishes the border between the British and American sections of the Oregon Country .
1846,Treaty of Lahore,https://en.wikipedia.org/wiki/Treaty_of_Lahore,,Ends the First Sikh War between Great Britain and the Sikh Empire .
1846,Treaty of Amritsar,"https://en.wikipedia.org/wiki/Treaty_of_Amritsar,_1846",,"The British East India Company recognizes Gulab Singh Dogra as ruler of Kashmir , India."
1846,Mallarino–Bidlack Treaty,https://en.wikipedia.org/wiki/Mallarino%E2%80%93Bidlack_Treaty,"Also known as the Tratado de Paz, Amistad, Navegación y Comercio (Treaty of Peace, Friendship, Navigation and Trade) .",New Granada (today Colombia) and the United States establish diplomatic and commercial relations.
1847,Treaty of Cahuenga,https://en.wikipedia.org/wiki/Treaty_of_Cahuenga,,First treaty to end the Mexican–American War .
1848,Treaty of Guadalupe Hidalgo,https://en.wikipedia.org/wiki/Treaty_of_Guadalupe_Hidalgo,,Second treaty ending the Mexican–American War.
1850,Arana–Southern Treaty,https://en.wikipedia.org/wiki/Arana%E2%80%93Southern_Treaty,,Great Britain ends the blockade of Argentina .
1850,Clayton–Bulwer Treaty,https://en.wikipedia.org/wiki/Clayton%E2%80%93Bulwer_Treaty,,The United States and the Great Britain agree not to colonize Central America.
1850,Punctation of Olmütz,https://en.wikipedia.org/wiki/Punctation_of_Olm%C3%BCtz,,Between Prussia and Austria.
1851,Treaty of Mendota,https://en.wikipedia.org/wiki/Treaty_of_Mendota,,Between the United States and the Sioux tribes of Minnesota (Mdewakanton and Wahpekute).
1851,Treaty of Fort Laramie (1851),https://en.wikipedia.org/wiki/Treaty_of_Fort_Laramie_(1851),,United States negotiates safe passage for Oregon Trail settlers with Native Americans.
1851,Treaty of Kulja,https://en.wikipedia.org/wiki/Treaty_of_Kulja,Also known as the Treaty of Kuldja .,China and Russia establish commercial relations.
1851,Treaty of Traverse des Sioux,https://en.wikipedia.org/wiki/Treaty_of_Traverse_des_Sioux,,Between the United States and the Sioux Indians of Minnesota .
1852,London Protocol (1852),https://en.wikipedia.org/wiki/London_Protocol_(1852),,Signed after the First War of Schleswig .
1852,Sand River Convention,https://en.wikipedia.org/wiki/Sand_River_Convention,,Regulated the relationship between British government of the Cape Colony and the Boers north of the Orange River in South Africa.
1854,Convention of Kanagawa,https://en.wikipedia.org/wiki/Convention_of_Kanagawa,Also known as the Kanagawa Treaty .,Japan is opened to American trade.
1854,Anglo-Japanese Friendship Treaty,https://en.wikipedia.org/wiki/Anglo-Japanese_Friendship_Treaty,,Japan is opened to British trade.
1854,Treaty with the Umpqua and Kalapuya,,,Between the United States and the tribes of Umpqua and Kalapuya in the Oregon Territory .
1854,Treaty of Medicine Creek,https://en.wikipedia.org/wiki/Treaty_of_Medicine_Creek,,"The Nisqually , Puyallup , and Squaxin Island tribes , along with six other smaller Native American tribes cede territories to the United States."
1855,Bowring Treaty,https://en.wikipedia.org/wiki/Bowring_Treaty,Officially known as a Treaty of Friendship and Commerce .,"Between Great Britain and Siam , opening Bangkok to foreign free trade, and guaranteeing Siam's independence."
1855,Treaty of Hellgate,https://en.wikipedia.org/wiki/Treaty_of_Hellgate,,"The Bitterroot Salish , Pend d'Oreille , and Kootenai tribes cede territories to the United States."
1855,Treaty of Shimoda,https://en.wikipedia.org/wiki/Treaty_of_Shimoda,,Defines the border between Japan and Russia and opens three Japanese ports to foreign trade.
1855,Treaty of Neah Bay,https://en.wikipedia.org/wiki/Treaty_of_Neah_Bay,,Between the United States and the Makah people .
1855,"Treaty with the Kalapuya, etc.","https://en.wikipedia.org/wiki/Treaty_with_the_Kalapuya,_etc.",,"Between the United States and the tribes of Kalapuya , Molala , Clackamas and others in the Oregon Territory ."
1855,Canadian–American Reciprocity Treaty,https://en.wikipedia.org/wiki/Canadian%E2%80%93American_Reciprocity_Treaty,Also known as the Elgin-Marcy Treaty .,Trade treaty between the colonies of British North America and the United States.
1855,Point Elliott Treaty,https://en.wikipedia.org/wiki/Point_Elliott_Treaty,,United States government and various Native American tribes of the Puget Sound region in the newly formed Washington Territory .
1855,Point No Point Treaty,https://en.wikipedia.org/wiki/Point_No_Point_Treaty,,"Original inhabitants of the Kitsap Peninsula cede ownership of their land in exchange for small reservations in Hood Canal and a payment of 60,000 dollars from the U.S. federal government."
1855,Quinault Treaty,https://en.wikipedia.org/wiki/Quinault_Treaty,,The Quinault and Quileute (including the Hoh ) tribes cede territories to the United States government.
1855,Treaty with the Nez Perce,,,"Conducted at Walla Walla, Washington, wherein the United States recognizes the sovereignty and lands of the Nez Perce. Territory becomes part of United States. Ratified 1859."
1855,"Treaty with the Confederated Umatilla, Cayuse, and Walla Walla Tribes",,,"Conducted at Walla Walla, Washington, wherein the United States recognizes the sovereignty and lands of the Cayuse, Umatilla, and Walla Walla. Territory becomes part of United States. Ratified 1859."
1855,Treaty with the Yakama Confederated Tribes and Bands,,,"Conducted at Walla Walla, Washington, wherein the United States recognizes the sovereignty and lands of the many and varied bands and tribes making up the Yakama Confederated Tribes and Bands. Territory becomes part of United States. Ratified 1859."
1855,"""Buffalo"" Treaty",,,"Conducted near Ft. Benton, Montana, at Blackfoot Council wherein several tribal nations east and west of continental divide agreed to peace terms and mutual use of territories while hunting buffalo."
1856,Treaty of Paris (1856),https://en.wikipedia.org/wiki/Treaty_of_Paris_(1856),Also known as the Congress of Paris .,Ends the Crimean War .
1857,Vienna Monetary Treaty,https://en.wikipedia.org/wiki/Vienna_Monetary_Treaty,,Monetary Treaty Between the German States
1857,Fourth Treaty of Buffalo Creek,https://en.wikipedia.org/wiki/Fourth_Treaty_of_Buffalo_Creek,,Between the US and Seneca Indians
1858,Treaty of Tientsin,https://en.wikipedia.org/wiki/Treaty_of_Tientsin,,Ends the first phase of the Second Opium War between Great Britain and China.
1858,Treaty of Aigun,https://en.wikipedia.org/wiki/Treaty_of_Aigun,,Specifies border between Russia and China.
1858,Treaty of Amity and Commerce (United States–Japan),https://en.wikipedia.org/wiki/Treaty_of_Amity_and_Commerce_(United_States%E2%80%93Japan),Also known as the Harris Treaty .,Japanese treaty ports opened to trade with USA.
1858,1858 Treaty of Amity and Commerce between the Netherlands and Japan,https://en.wikipedia.org/wiki/1858_Treaty_of_Amity_and_Commerce_between_the_Netherlands_and_Japan,,Additional Japanese treaty ports opened to trade with the Netherlands.
1858,Anglo-Japanese Treaty of Amity and Commerce,https://en.wikipedia.org/wiki/Anglo-Japanese_Treaty_of_Amity_and_Commerce,,Japanese treaty ports opened to trade with Great Britain.
1858,Treaty of Amity and Commerce between France and Japan,https://en.wikipedia.org/wiki/Treaty_of_Amity_and_Commerce_between_France_and_Japan,,Japanese treaty ports opened to trade with France.
1859,Treaty of Wyke-Aycinena,,,Peace treaty between Guatemala and the U.K.
1859,Treaty of Zurich,https://en.wikipedia.org/wiki/Treaty_of_Zurich,,Franco -Austrian armistice formalizing the Peace of Villafranca.
1860,Cobden–Chevalier Treaty,https://en.wikipedia.org/wiki/Cobden%E2%80%93Chevalier_Treaty,,Establishes free trade between Great Britain and France.
1860,Convention of Peking,https://en.wikipedia.org/wiki/Convention_of_Peking,Also known as the First Convention of Peking .,Ends the Second Opium War between Great Britain and China; China cedes Kowloon Peninsula to Great Britain.
1860,"Treaty of Peace, Amity and Commerce between Portugal and Japan (1860)","https://en.wikipedia.org/wiki/Treaty_of_Peace,_Amity_and_Commerce_between_Portugal_and_Japan_(1860)",,Japanese treaty ports opened to trade with Portugal.
1861,Franco-Monegasque Treaty,https://en.wikipedia.org/wiki/Franco-Monegasque_Treaty,,Grants sovereignty to Monaco .
1861,Treaty of Amity and Commerce between Prussia and Japan (1861),https://en.wikipedia.org/wiki/Treaty_of_Amity_and_Commerce_between_Prussia_and_Japan_(1861),,Japanese treaty ports opened to trade with Prussia .
1862,Treaty of Commerce and Navigation,,,Established official trade agreements between the United States and Ottoman Empire.
1862,Convention of Scutari,https://en.wikipedia.org/wiki/Convention_of_Scutari,,Montenegro acknowledges Ottoman suzerainty .
1862,Anglo-Belgian Treaty of Commerce and Navigation,https://en.wikipedia.org/wiki/Anglo-Belgian_Treaty_of_Commerce_and_Navigation,,Free trade agreement between the United Kingdom and Belgium. First commercial treaty to contain a modern stipulation for withdrawal.
1862,First Treaty of Saigon,https://en.wikipedia.org/wiki/First_Treaty_of_Saigon,,"Emperor Tự Đức cedes Saigon , the island of Poulo Condor , and three southern provinces ( Biên Hòa , Gia Định , and Dinh Tuong) to the French Empire ."
1863,Treaty of Hué (1863),https://en.wikipedia.org/wiki/Treaty_of_Hu%C3%A9_(1863),,Confirms the First Treaty of Saigon .
1863,Treaty of Ruby Valley (1863),https://en.wikipedia.org/wiki/Treaty_of_Ruby_Valley_(1863),,The Western Shoshone Indians give certain rights in Nevada Territory to the United States.
1863,Treaty on a protectorate between France and Cambodia (1863),,,Beginning of a protectorate in Cambodia.
1864,First Geneva Convention,https://en.wikipedia.org/wiki/First_Geneva_Convention,"Also known as the Convention for the Amelioration of the Condition of the Wounded in Armies in the Field, 1864 .",Establishes rules for the treatment of battlefield casualties.
1864,Treaty of London (1864),https://en.wikipedia.org/wiki/Treaty_of_London_(1864),,Great Britain cedes the Ionian Islands to Greece.
1864,Treaty of Vienna (1864),https://en.wikipedia.org/wiki/Treaty_of_Vienna_(1864),,Ends the Second War of Schleswig between Denmark and Austria/Prussia.
1865,Treaty of the Triple Alliance,https://en.wikipedia.org/wiki/Treaty_of_the_Triple_Alliance,,"Military alliance between Brazil , Argentina and Uruguay against Paraguay ."
1865,Red Cross Conventions,https://en.wikipedia.org/wiki/Red_Cross_Conventions,,Treaty with the United States as signatory to aid the wounded. :p. 7
1866,Peace of Prague (1866),https://en.wikipedia.org/wiki/Peace_of_Prague_(1866),,Ends Austro-Prussian War .
1867,Alaska Purchase,https://en.wikipedia.org/wiki/Alaska_Purchase,,The United States buys Alaska from Russia .
1867,Medicine Lodge Treaty,https://en.wikipedia.org/wiki/Medicine_Lodge_Treaty,,Negotiations between the United States and Native Americans.
1867,Treaty of London (1867),https://en.wikipedia.org/wiki/Treaty_of_London_(1867),Also known as the Second Treaty of London .,An international accord in the aftermath of the Austro-Prussian War and the Luxembourg Crisis .
1868,Burlingame Treaty,https://en.wikipedia.org/wiki/Burlingame_Treaty,,Establishes relations between the United States and China.
1868,Treaty of Fort Laramie (1868),https://en.wikipedia.org/wiki/Treaty_of_Fort_Laramie_(1868),,Ends Red Cloud's War .
1868,Bancroft Treaties (Treaty on Naturalization),https://en.wikipedia.org/wiki/Bancroft_Treaties,,The North German Confederation recognizes the legal right of its subjects to become citizens of the United States; the first European government to do so.
1871,Treaty of Frankfurt (1871),https://en.wikipedia.org/wiki/Treaty_of_Frankfurt_(1871),,Ends the Franco-Prussian War .
1871,Treaty of Washington (1871),https://en.wikipedia.org/wiki/Treaty_of_Washington_(1871),,Settles grievances between the United States and Great Britain .
1871,Treaty 1 (Stone Fort Treaty),https://en.wikipedia.org/wiki/Treaty_1,,Ojibwe and Swampy Cree Indians of southeastern Manitoba accept the sovereignty of Canada.
1871,Treaty 2 (Manitoba Post Treaty),https://en.wikipedia.org/wiki/Treaty_2,,Ojibwe Indians of southwestern Manitoba accept the sovereignty of Canada.
1873,Iron Rhine Treaty,https://en.wikipedia.org/wiki/Iron_Rhine_Treaty,,Regulates the passage of a railway line from Antwerp (in Belgium) to Mönchengladbach (in Germany) over Dutch territory in Limburg .
1873,Treaty 3 (Northwest Angle Treaty),https://en.wikipedia.org/wiki/Treaty_3,,Ojibwe Indians of eastern Manitoba and western Ontario accept the sovereignty of Canada.
1874,Pangkor Treaty of 1874,https://en.wikipedia.org/wiki/Pangkor_Treaty_of_1874,,Perak becomes the first Malay state to accept British Resident .
1874,Treaty of Berne,https://en.wikipedia.org/wiki/Treaty_of_Berne,,Universal Postal Union becomes the second oldest international organization. : p. 29
1874,Second Treaty of Saigon,https://en.wikipedia.org/wiki/Second_Treaty_of_Saigon,,"Reiterates the Treaty of Saigon (1862); the Red River (Song Hong) opens for trade, as well as the ports of Hanoi , Haiphong and Qui Nonh."
1874,Treaty 4 (Qu'appelle Treaty),https://en.wikipedia.org/wiki/Treaty_4,,Cree and Saulteaux Indians of southern Saskatchewan accept the sovereignty of Canada.
1875,Treaty of Saint Petersburg (1875),https://en.wikipedia.org/wiki/Treaty_of_Saint_Petersburg_(1875),,"In exchange for the Kuril Islands , Japan relinquishes claims on Sakhalin ."
1875,Convention du Mètre,https://en.wikipedia.org/wiki/Convention_du_M%C3%A8tre,Also known as the Meter Convention and the Treaty of the Meter .,An international treaty that establishes three organizations to oversee the keeping of metric standards.
1875,Reciprocity Treaty of 1875,https://en.wikipedia.org/wiki/Reciprocity_Treaty_of_1875,,A free trade agreement between the United States and the Hawaiian Kingdom .
1875,Treaty 5,https://en.wikipedia.org/wiki/Treaty_5,,"Saulteaux and Swampy Cree Indians, and Michel Band métis of Manitoba accept the sovereignty of Canada."
1876,Japan–Korea Treaty of 1876,https://en.wikipedia.org/wiki/Japan%E2%80%93Korea_Treaty_of_1876,Also known as the Nitchō-shūkōjōki or Treaty of Ganghwa .,First Unequal treaty of Korean Joseon dynasty.
1876,Treaty 6,https://en.wikipedia.org/wiki/Treaty_6,,Plain and Wood Cree and Assiniboine Indians of central Alberta and Saskatchewan accept the sovereignty of Canada.
1877,London Protocol (1877),https://en.wikipedia.org/wiki/London_Protocol_(1877),,Great Britain agrees to remain neutral in any conflict between the Ottoman Empire and Russia .
1877,Treaty 7,https://en.wikipedia.org/wiki/Treaty_7,,"Blackfoot , Nakota , and Sarcee Indians of Alberta accept the sovereignty of Canada."
1878,Cyprus Convention,https://en.wikipedia.org/wiki/Cyprus_Convention,,The Ottoman Empire cedes Cyprus to Great Britain in return for military support against Russia
1878,Pact of Zanjón,https://en.wikipedia.org/wiki/Pact_of_Zanj%C3%B3n,,Ends the Cuban Ten Years' War .
1878,Treaty of San Stefano,https://en.wikipedia.org/wiki/Treaty_of_San_Stefano,,Ends the Russo-Turkish War (1877–78) between Russia and the Ottoman Empire .
1878,Treaty of Berlin (1878),https://en.wikipedia.org/wiki/Treaty_of_Berlin_(1878),,Amends the Treaty of San Stefano .
1879,Treaty of Gandamak,https://en.wikipedia.org/wiki/Treaty_of_Gandamak,,Ends the first phase of the Second Anglo-Afghan War .
1881,Boundary treaty of 1881 between Chile and Argentina,https://en.wikipedia.org/wiki/Boundary_treaty_of_1881_between_Chile_and_Argentina,,Chile and Argentina define their boundary.
1881,Treaty of Akhal,https://en.wikipedia.org/wiki/Treaty_of_Akhal,,Persia officially recognizes the annexation of Khwarazm by Russia .
1881,Treaty of Bardo,https://en.wikipedia.org/wiki/Treaty_of_Bardo,Also known as the Treaty of Al-Qasr as-Sa'id and the Treaty of Kasser Said .,Tunisia becomes a protectorate of France.
1882,Triple Alliance (1882),https://en.wikipedia.org/wiki/Triple_Alliance_(1882),,"Alliance between Germany , Austria-Hungary and Italy."
1882,Kilmainham Treaty,https://en.wikipedia.org/wiki/Kilmainham_Treaty,,Between the British government under William Ewart Gladstone and the Irish nationalist leader Charles Stewart Parnell .
1883,Paris Convention for the Protection of Industrial Property,https://en.wikipedia.org/wiki/Paris_Convention_for_the_Protection_of_Industrial_Property,,Intellectual property systems (including patents) of any contracting state become accessible to the nationals of other states party to the convention.
1883,Treaty of Ancón,https://en.wikipedia.org/wiki/Treaty_of_Anc%C3%B3n,,Settles territorial disputes between Peru and Chile .
1883,Treaty of Hué (1883),https://en.wikipedia.org/wiki/Treaty_of_Hu%C3%A9_(1883),Also known as the Treaty of Protectorate .,Annam cedes protectorate over Annam and Tonkin to France; not confirmed as too harsh.
1884,Treaty of Hué (1884),https://en.wikipedia.org/wiki/Treaty_of_Hu%C3%A9_(1884),,"Between Annam and France, replacing the Treaty of Hué (1883) ."
1885,Treaty of Simulambuco,https://en.wikipedia.org/wiki/Treaty_of_Simulambuco,,Between Portugal and the Ngoyo Kingdom in the Cabinda enclave north of Angola .
1886,Berne Convention,https://en.wikipedia.org/wiki/Berne_Convention_for_the_Protection_of_Literary_and_Artistic_Works,Also known as the Berne Convention for the Protection of Literary and Artistic Works .,International agreement about copyright.
1886,Treaty of Bucharest (1886),https://en.wikipedia.org/wiki/Treaty_of_Bucharest_(1886),,Ends war between Serbia and Bulgaria.
1887,Reinsurance Treaty,https://en.wikipedia.org/wiki/Reinsurance_Treaty,,Between Germany and Russia .
1889,Treaty of Berlin (1889),https://en.wikipedia.org/wiki/Treaty_of_Berlin_(1889),,"The United States, Great Britain , and Germany establish a condominium and recognize the independence of Samoa ."
1889,Treaty of Wuchale,https://en.wikipedia.org/wiki/Treaty_of_Wuchale,,"Peace treaty between Ethiopia and Italy, subsequently disputed."
1889,Puna de Atacama dispute,https://en.wikipedia.org/wiki/Puna_de_Atacama_dispute,,Secret treaty between Argentina and Bolivia (see also 1891)
1890,Heligoland–Zanzibar Treaty,https://en.wikipedia.org/wiki/Heligoland%E2%80%93Zanzibar_Treaty,Also known as the Anglo-German Agreement of 1890 .,Agreement between the Great Britain and Germany concerning mainly territorial interests in Africa.
1890,"Brussels Conference Act of 1890 on Slave Trade and Importation into Africa of Firearms, Ammunition, and Spiritous Liquors",https://en.wikipedia.org/wiki/Brussels_Conference_Act_of_1890,,"Anti-slavery treaty, also considered the first drug control treaty for its inclusion of non-medical alcohol."
1890,General Act of Berlin,,,Treaty establishing the neutrality and autonomous government of Samoa. :116
1890,Pan American Union,https://en.wikipedia.org/wiki/Organization_of_American_States,,Treaty between the United States and countries in Latin America. Would later become the Organization of American States. :129
1891,Treaty of Madrid (1891),https://en.wikipedia.org/wiki/Treaty_of_Madrid_(1891),Also known as the Madrid Agreement concerning the International Registration of Marks,Gives France legal protection of the word champagne .
1891,Puna de Atacama dispute,https://en.wikipedia.org/wiki/Puna_de_Atacama_dispute,,Secret treaty between Chili and Bolivia (see also 1889)
1895,Treaty of The Hague (1895),https://en.wikipedia.org/wiki/Treaty_of_The_Hague_(1895),,Establishes boundaries of British New Guinea .
1895,Treaty of Shimonoseki,https://en.wikipedia.org/wiki/Treaty_of_Shimonoseki,Also known as the Treaty of Maguan .,Ends the First Sino-Japanese War between China and Japan.
1895,"Treaty of Friendship, Commerce and Navigation between Brazil and Japan",,,Establishes diplomatic and commercial relations between Brazil and Japan.
1896,Treaty of Addis Ababa,https://en.wikipedia.org/wiki/Treaty_of_Addis_Ababa,,"Abrogates the Treaty of Wuchale , formally ends the First Italo–Ethiopian War , and recognizes Ethiopia as an independent state."
1897,Treaty of Constantinople (1897),https://en.wikipedia.org/wiki/Treaty_of_Constantinople_(1897),,Ends hostilities between the Ottoman Empire and Greece. Greece pays reparations. Crete autonomous under Ottoman suzerainty ( Cretan State ).
1897,Franco-Ethiopian treaty (1897),,,France and Ethiopia the boundary between Ethiopia and French Somaliland .
1898,Treaty of Paris (1898),https://en.wikipedia.org/wiki/Treaty_of_Paris_(1898),,Ends the Spanish–American War .
1898,Convention for the Extension of Hong Kong Territory,https://en.wikipedia.org/wiki/Convention_for_the_Extension_of_Hong_Kong_Territory,Also known as the Second Convention of Peking .,China cedes the New Territories to Great Britain .
1899,Hague Conventions of 1899 and 1907,https://en.wikipedia.org/wiki/Hague_Conventions_of_1899_and_1907,,Attempts to formalize laws of war.
1899,Tripartite Convention (1899),https://en.wikipedia.org/wiki/Tripartite_Convention_(1899),,Divides Samoa between the United States and Germany .
1899,Kiram-Bates Treaty,https://en.wikipedia.org/wiki/Kiram-Bates_Treaty,,"Treaty of the United States with the Sultanate of Sulu to stay out of the Philippine–American War . Subsequently, betrayed by the Americans after the war, sparking the Moro Rebellion ."
1899,Treaty 8,https://en.wikipedia.org/wiki/Treaty_8,,"Cree and Chipewyan Indians cede northern British Columbia , Alberta , and Saskatchewan to Canada and accept Canadian sovereignty."
1900,Treaty of Paris,https://en.wikipedia.org/wiki/Treaty_of_Paris_(1900),,Ends all conflicting claims over Río Muni ( Equatorial Guinea ).
1900,Treaty of Washington,https://en.wikipedia.org/wiki/Treaty_of_Washington_(1900),,Seeks to remove any ground of misunderstanding growing out of the interpretation of Article III of the Treaty of Paris (1898) by clarifying specifics of territories relinquished to the United States by Spain.
1900,"Convention for the Preservation of Wild Animals, Birds and Fish in Africa","https://en.wikipedia.org/wiki/Convention_for_the_Preservation_of_Wild_Animals,_Birds_and_Fish_in_Africa",,First international agreement on wildlife conservation.
1901,Hay–Pauncefote Treaty,https://en.wikipedia.org/wiki/Hay%E2%80%93Pauncefote_Treaty,,Replaces the Clayton–Bulwer Treaty .
1901,Boxer Protocol,https://en.wikipedia.org/wiki/Boxer_Protocol,Also known as the Peace Agreement between the Great Powers and China .,Peace agreement between the Eight-Nation Alliance and China.
1902,Anglo-Japanese Alliance,https://en.wikipedia.org/wiki/Anglo-Japanese_Alliance,,Treaty of alliance between England and Japan; signed by Lord Lansdowne and Hayashi Tadasu .
1902,Treaty of Vereeniging,https://en.wikipedia.org/wiki/Treaty_of_Vereeniging,,Ends the Second Boer War .
1903,Cuban–American Treaty of Relations (1903),https://en.wikipedia.org/wiki/Cuban%E2%80%93American_Treaty_of_Relations_(1903),,The Republic of Cuba grants the United States the right to lease land in the Guantánamo Bay area.
1903,Hay–Herrán Treaty,https://en.wikipedia.org/wiki/Hay%E2%80%93Herr%C3%A1n_Treaty,,The United States attempts to acquire a lease on Panama .
1903,Hay–Herbert Treaty,https://en.wikipedia.org/wiki/Hay%E2%80%93Herbert_Treaty,,Between the United Kingdom and the United States on the location of the border between Alaska and Canada.
1903,Hay–Bunau-Varilla Treaty,https://en.wikipedia.org/wiki/Hay%E2%80%93Bunau-Varilla_Treaty,Also known as the Treaty No Panamanian Signed .,Establishes the Panama Canal Zone .
1903,Treaty of Petrópolis,https://en.wikipedia.org/wiki/Treaty_of_Petr%C3%B3polis,,Ends tensions between Bolivia and Brazil over the territory of Acre .
1903,Southern African Customs Union Agreement,https://en.wikipedia.org/wiki/1903_Southern_African_Customs_Union_Agreement,,Creates customs union between British colonies and protectorates in Southern Africa.
1903,International Sanitary Convention,https://en.wikipedia.org/wiki/International_Sanitary_Conferences,,Organized by the French to standardize international quarantine regulations. :359
1904,Treaty of Peace and Friendship (1904),https://en.wikipedia.org/wiki/Treaty_of_Peace_and_Friendship_(1904),,Fixes borders between Chile and Bolivia .
1904,Treaty of Lhasa,https://en.wikipedia.org/wiki/Treaty_of_Lhasa,,Between Great Britain and Tibet .
1905,Treaty of Portsmouth,https://en.wikipedia.org/wiki/Treaty_of_Portsmouth,,Ends the Russo-Japanese War .
1905,Treaty of Björkö,https://en.wikipedia.org/wiki/Treaty_of_Bj%C3%B6rk%C3%B6,,A secret mutual defense accord between the German Empire and Russia.
1905,October Manifesto,https://en.wikipedia.org/wiki/October_Manifesto,,Response to Russian Revolution of 1905 . Created the Duma but Tsar Nicholas II of Russia disregarded it after the country was stable again and continued his absolute rule.
1905,Taft–Katsura Agreement,https://en.wikipedia.org/wiki/Taft%E2%80%93Katsura_Agreement,Also known as the Taft-Katsura Memorandum .,Japan and the United States agree on spheres of influence in Asia.
1905,Convention of Karlstad,https://en.wikipedia.org/wiki/Convention_of_Karlstad,,This treaty dissolves of the union between Norway and Sweden established by the Convention of Moss and Treaty of Kiel in 1814.
1905,Japan–Korea Treaty of 1905,https://en.wikipedia.org/wiki/Japan%E2%80%93Korea_Treaty_of_1905,,"This treaty deprived Korean Empire of its diplomatic sovereignty, in effect making Korea a protectorate of Empire of Japan ; void in 1965."
1905,Treaty 9 (James Bay Treaty),https://en.wikipedia.org/wiki/Treaty_9,,"Conducted at Osnaburgh House trade post, on Lake St. Joseph (Albany River), Ontario, Canada, negotiating an agreement between the Canadian monarch , King Edward VII , and First Nations . There were later adhesions to the treaty."
1906,Second Geneva Convention,https://en.wikipedia.org/wiki/Second_Geneva_Convention,,"Specifies the treatment of wounded, sick and shipwrecked members of armed forces at sea. This article appears to contradict the article Second Geneva Convention . Please discuss at the talk page and do not remove this message until the contradictions are resolved. ( September 2020 )"
1906,Treaty 10,https://en.wikipedia.org/wiki/Treaty_10,,"Conducted at Île-à-la-Crosse and Lac du Brochet, Saskatchewan, Canada, negotiating an agreement between the Canadian monarch , King Edward VII , and First Nations . There were later adhesions to the treaty in 1907."
1906,Treaty of Limits (Brazil–Netherlands),https://en.wikipedia.org/wiki/Treaty_of_Limits_(Brazil%E2%80%93Netherlands),,Defined international boundary between Brazil and Dutch colony of Surinam
1907,Rome Agreement,,,"Arrangement for the creation at Paris of an Office international d'hygiène publique , signed at Rome on 9 December 1907"
1909,Anglo-Siamese Treaty of 1909,https://en.wikipedia.org/wiki/Anglo-Siamese_Treaty_of_1909,Also known as the Bangkok Treaty of 1909 .,Formally divides northern Malay states between Siam and the British Empire .
1910,Japan–Korea Treaty of 1910,https://en.wikipedia.org/wiki/Japan%E2%80%93Korea_Treaty_of_1910,,Begins the period of Korea under Japanese rule ; declared null and void in 1965.
1910,Brussels Collision Convention,https://en.wikipedia.org/wiki/Brussels_Collision_Convention,,Governs apportionment of legal liability in maritime collision cases.
1911,North Pacific Fur Seal Convention of 1911,https://en.wikipedia.org/wiki/North_Pacific_Fur_Seal_Convention_of_1911,,First international treaty seeking the management and conservation of wildlife.
1911,Treaty of Daan,https://en.wikipedia.org/wiki/Treaty_of_Daan,,Ends the Zaidi insurgency in Yemen in exchange for autonomy within the Ottoman Empire.
1912,First International Opium Convention,https://en.wikipedia.org/wiki/First_International_Opium_Convention,,The first international drug control treaty.
1912,Huangpu River Conservancy,https://en.wikipedia.org/wiki/Huangpu_River,,"Amends the agreement of September 27, 1905, between China and the United States governing the use and conservation of the Huangpu River. :879"
1913,Treaty of London (1913),https://en.wikipedia.org/wiki/Treaty_of_London_(1913),,Ends the First Balkan War .
1913,Treaty of Bucharest (1913),https://en.wikipedia.org/wiki/Treaty_of_Bucharest_(1913),,Ends the Second Balkan War .
1913,Treaty of friendship and alliance between the Government of Mongolia and Tibet,https://en.wikipedia.org/wiki/Treaty_of_friendship_and_alliance_between_the_Government_of_Mongolia_and_Tibet,,Alliance between Mongolia and Tibet .
1913,Treaty of Athens,https://en.wikipedia.org/wiki/Treaty_of_Athens,,Peace treaty between Ottoman Empire and Greece. Ottoman Empire acknowledges union of Crete with Greece.
1913,Treaty of Constantinople (1913),https://en.wikipedia.org/wiki/Treaty_of_Constantinople_(1913),,Peace treaty between Ottoman Empire and Bulgaria. Bulgaria acknowledges Ottoman control on Eastern Thrace .
1914,Bryan–Chamorro Treaty,https://en.wikipedia.org/wiki/Bryan%E2%80%93Chamorro_Treaty,,"The United States acquires the rights to any canal built in Nicaragua, to build a naval base in the Gulf of Fonseca , and to lease the Great and Little Corn Islands in the Caribbean; ratified in 1916."
1915,Treaty of London (1915) (London Pact),https://en.wikipedia.org/wiki/Treaty_of_London_(1915),,Italy enters World War I.
1915,Treaty of Kyakhta (1915),https://en.wikipedia.org/wiki/Treaty_of_Kyakhta_(1915),,Status of Mongolia
1915,Cleveland Agreement,https://en.wikipedia.org/wiki/Cleveland_Agreement,,Statement of intention to form a Republic of Czechoslovakia .
1916,Sykes–Picot Agreement,https://en.wikipedia.org/wiki/Sykes%E2%80%93Picot_Agreement,,France and the United Kingdom define spheres of influence in the Middle East.
1916,Treaty of Bucharest (1916),https://en.wikipedia.org/wiki/Treaty_of_Bucharest_(1916),,Alliance between Romania and the Entente .
1917,Agreement of Saint-Jean-de-Maurienne,https://en.wikipedia.org/wiki/Agreement_of_Saint-Jean-de-Maurienne,,"August 18 – September 26, 1917."
1917,Lansing–Ishii Agreement,https://en.wikipedia.org/wiki/Lansing%E2%80%93Ishii_Agreement,,Trade treaty between the United States and Japan.
1917,Corfu Declaration,https://en.wikipedia.org/wiki/Corfu_Declaration,,Statement of intention to form a Kingdom of Yugoslavia .
1917,Anglo-French Convention of 1917,https://en.wikipedia.org/wiki/Anglo-French_Convention_of_1917,,A treaty between the United Kingdom and France laying the ground for the Allied intervention in the Russian Civil War against the Bolsheviks and German interests.
1918,Treaty of Brest-Litovsk (Ukraine–Central Powers),https://en.wikipedia.org/wiki/Treaty_of_Brest-Litovsk_(Ukraine%E2%80%93Central_Powers),,Between the Ukrainian People's Republic and the Central Powers .
1918,Treaty of Brest-Litovsk,https://en.wikipedia.org/wiki/Treaty_of_Brest-Litovsk_(Russia%E2%80%93Central_Powers),,Between Russia and the Central Powers; Russia pulls out of World War I.
1918,Treaty of Bucharest (1918),https://en.wikipedia.org/wiki/Treaty_of_Bucharest_(1918),,Between Romania and the Central Powers; never ratified.
1918,Pittsburgh Agreement,https://en.wikipedia.org/wiki/Pittsburgh_Agreement,,Formalization of the creation of Czechoslovakia .
1918,Treaty of Batum,https://en.wikipedia.org/wiki/Treaty_of_Batum,,Between the First Republic of Armenia and the Ottoman Empire.
1918,Armistice of Mudros,https://en.wikipedia.org/wiki/Armistice_of_Mudros,,Ends the Middle-Eastern part of World War I and forces the Ottomans to renounce most of their imperial holdings.
1918,Armistice of Villa Giusti,https://en.wikipedia.org/wiki/Armistice_of_Villa_Giusti,,"Between the Kingdom of Italy and Austria-Hungary , ending warfare on Italian Front during World War I."
1918,Armistice with Germany,https://en.wikipedia.org/wiki/Armistice_with_Germany,,"Between France, Britain, and Germany, ending World War I"
1918,Rongbatsa Agreement,https://en.wikipedia.org/wiki/Rongbatsa_Agreement,,"Agreement upon borders between India, Nepal, Tibet and China."
1919,Treaty of Saint-Germain-en-Laye (1919),https://en.wikipedia.org/wiki/Treaty_of_Saint-Germain-en-Laye_(1919),,Dissolution of the Austro-Hungarian Empire .
1919,Treaty of Versailles,https://en.wikipedia.org/wiki/Treaty_of_Versailles,,Formally ends World War I.
1919,Treaty of Neuilly-sur-Seine,https://en.wikipedia.org/wiki/Treaty_of_Neuilly-sur-Seine,,Between Allied Powers and Bulgaria.
1919,Faisal–Weizmann Agreement,https://en.wikipedia.org/wiki/Faisal%E2%80%93Weizmann_Agreement,,Agreement for Arab–Jewish cooperation in the Middle East.
1919,Anglo-Afghan Treaty of 1919 (Treaty of Rawalpindi),https://en.wikipedia.org/wiki/Anglo-Afghan_Treaty_of_1919,,Between the United Kingdom and Afghanistan during the Third Anglo-Afghan War ; United Kingdom recognizes Afghanistan's independence; amended in 1921.
1920,Seventh Treaty of Paris,https://en.wikipedia.org/wiki/Treaty_of_Paris_(1920),,Union of Bessarabia and Romania.
1920,Treaty of Warsaw (1920),https://en.wikipedia.org/wiki/Treaty_of_Warsaw_(1920),,Between the Second Polish Republic and the Ukrainian People's Republic.
1920,Treaty of Brno (1920),https://en.wikipedia.org/wiki/Treaty_of_Brno_(1920),,Naturalizes all populaces within the respective language groups of Austria and Czechoslovakia .
1920,Treaty of Rapallo (1920),https://en.wikipedia.org/wiki/Treaty_of_Rapallo_(1920),,"Between Italy and the Kingdom of Serbs, Croats and Slovenes (subsequently the Kingdom of Yugoslavia )."
1920,Treaty of Moscow (1920),https://en.wikipedia.org/wiki/Treaty_of_Moscow_(1920),,Mutual recognition of the Russian SFSR and the Democratic Republic of Georgia
1920,Treaty of Tartu (Russian–Finnish),https://en.wikipedia.org/wiki/Treaty_of_Tartu_(Russian%E2%80%93Finnish),,Establishes border between Russia and Finland.
1920,Treaty of Tartu (Russian–Estonian),https://en.wikipedia.org/wiki/Treaty_of_Tartu_(Russian%E2%80%93Estonian),,Establishes border between Russia and Estonia.
1920,Treaty of Trianon,https://en.wikipedia.org/wiki/Treaty_of_Trianon,,Regulates the newly independent Hungary.
1920,Treaty of Sèvres,https://en.wikipedia.org/wiki/Treaty_of_S%C3%A8vres,,Peace between the Allies of World War I and the Ottoman Empire .
1920,Latvian–Soviet Peace Treaty,https://en.wikipedia.org/wiki/Latvian%E2%80%93Soviet_Peace_Treaty,,Brings peace between the Republic of Latvia and Russian SFSR .
1920,Treaty of Alexandropol,https://en.wikipedia.org/wiki/Treaty_of_Alexandropol,,Ends the war between Turkish nationalists and the Armenian Republic.
1920,Svalbard Treaty,https://en.wikipedia.org/wiki/Svalbard_Treaty,Also known as the Treaty concerning Spitsbergen .,The Arctic archipelago of Svalbard becomes part of the Kingdom of Norway.
1921,Franco-Polish alliance (1921),https://en.wikipedia.org/wiki/Franco-Polish_alliance_(1921),,Military alliance between Poland and France that was active between 1921 and 1940.
1921,Anglo-Irish Treaty,https://en.wikipedia.org/wiki/Anglo-Irish_Treaty,Also known as the Articles of Agreement for a Treaty Between Great Britain and Ireland .,Ends the Irish War of Independence and created the Irish Free State .
1921,Peace of Riga,https://en.wikipedia.org/wiki/Peace_of_Riga,Also known as the Treaty of Riga .,Ends the Polish–Soviet War .
1921,Thomson–Urrutia Treaty,https://en.wikipedia.org/wiki/Thomson%E2%80%93Urrutia_Treaty,,Colombia recognizes Panama's independence in return for 25 million dollars.
1921,Treaty of Berlin (1921),https://en.wikipedia.org/wiki/Treaty_of_Berlin_(1921),,Separate post-World War I peace agreement between the United States and Germany.
1921,Treaty of Kars,https://en.wikipedia.org/wiki/Treaty_of_Kars,,Friendship treaty between Turkey and the Soviet governments of the Transcaucasian Republics.
1921,Treaty of Ankara (1921),https://en.wikipedia.org/wiki/Treaty_of_Ankara_(1921),"Also known as the Accord of Ankara , the Franklin-Bouillon Agreement and the Franco-Turkish Agreement of Ankara .",France agrees to evacuate Cilicia in return for economic concessions from Turkey; Turkey acknowledges French imperial sovereignty over Syria.
1921,Russo-Persian Treaty of Friendship (1921),https://en.wikipedia.org/wiki/Russo-Persian_Treaty_of_Friendship_(1921),,Grants both Iran and the Soviet Union full and equal shipping rights in the Caspian Sea .
1921,Treaty of Moscow (1921),https://en.wikipedia.org/wiki/Treaty_of_Moscow_(1921),,A friendship treaty between the Grand National Assembly of Turkey (TBMM) and the Bolshevik government of the Russian Soviet Federative Socialist Republic.
1921,Anglo–Afghan Treaty of 1921,https://en.wikipedia.org/wiki/Anglo%E2%80%93Afghan_Treaty_of_1921,,Amendments to and expansion of the Anglo-Afghan Treaty of 1919 between the United Kingdom and Afghanistan
1921,Treaty 11,https://en.wikipedia.org/wiki/Treaty_11,,"Conducted at Northwest Territories , Canada, negotiating an agreement between the Canadian monarch , King George V , and First Nations . There were further signings in 1921."
1922,Washington Naval Treaty,https://en.wikipedia.org/wiki/Washington_Naval_Treaty,Also known as the Five-Power Treaty .,Attempts to limit naval expansion.
1922,Treaty of Rapallo (1922),https://en.wikipedia.org/wiki/Treaty_of_Rapallo_(1922),,Between the Weimar Republic and Bolshevist Russia .
1922,Treaty on the Creation of the USSR,https://en.wikipedia.org/wiki/Treaty_on_the_Creation_of_the_USSR,,Legalized the creation of a union of several Republics of the Soviet Union in the form of the Union of Soviet Socialist Republics .
1923,Treaty of Lausanne (1923),https://en.wikipedia.org/wiki/Treaty_of_Lausanne_(1923),,Sets the boundaries of modern Turkey.
1923,Halibut Treaty,https://en.wikipedia.org/wiki/Halibut_Treaty,,Canadian-American agreement concerning fishing rights in the northern Pacific Ocean.
1923,Convention and Statute on the International Régime of Maritime Ports,https://en.wikipedia.org/wiki/Convention_and_Statute_on_the_International_R%C3%A9gime_of_Maritime_Ports,,"Mandated equal treatment of all ships in maritime ports, regardless of nationality."
1924,Brussels Agreement (1924),https://en.wikipedia.org/wiki/Brussels_Agreement_(1924),,Multilateral treaty providing for medical treatment of seamen with venereal diseases.
1924,Treaty of Rome (1924),https://en.wikipedia.org/wiki/Treaty_of_Rome_(1924),,Revokes parts of the Treaty of Rapallo (1920) that created the independent Free State of Fiume ; Fiume would be annexed to Italy while the town of Sušak would be assigned to Yugoslavia.
1925,Treaty of Nettuno,https://en.wikipedia.org/wiki/Treaty_of_Nettuno,,Defines border and immigration policy between the Kingdom of Italy and the Kingdom of Yugoslavia .
1925,Locarno Treaties,https://en.wikipedia.org/wiki/Locarno_Treaties,,Seven treaties between the World War I Western European Allied powers and the new states of central and Eastern Europe.
1925,Hague Agreement Concerning the International Deposit of Industrial Designs,https://en.wikipedia.org/wiki/Hague_Agreement_Concerning_the_International_Deposit_of_Industrial_Designs,,"Adopted: The Hague - November 6, 1925. Revised in London on June 2, 1934 and on November 28, 1960. Supplemented: Monaco - November 18, 1961. Revisions: Stockholm - July 14, 1967, Geneva - August 29, 1975, Amended: September 28, 1979, Geneva - July 2, 1999"
1926,Treaty of Berlin (1926),https://en.wikipedia.org/wiki/Treaty_of_Berlin_(1926),,Germany and the Soviet Union pledge neutrality.
1926,Treaty of San'a,https://en.wikipedia.org/wiki/Treaty_of_San%27a,,"Italian recognition of Yahya Muhammad Hamid ed-Din as king of Yemen, and Yemeni claims to Aden ."
1927,Treaty of Jeddah (1927),https://en.wikipedia.org/wiki/Treaty_of_Jeddah_(1927),,Establishes the independence of present-day Saudi Arabia from the United Kingdom.
1928,Kellogg–Briand Pact,https://en.wikipedia.org/wiki/Kellogg%E2%80%93Briand_Pact,Also known as the Pact of Paris .,"Calls ""for the renunciation of war as an instrument of national policy""."
1928,Italo-Ethiopian Treaty of 1928,https://en.wikipedia.org/wiki/Italo-Ethiopian_Treaty_of_1928,,20 year treaty of peace between the Kingdom of Italy and the Empire of Ethiopia .
1929,Lateran Treaty,https://en.wikipedia.org/wiki/Lateran_Treaty,,The Kingdom of Italy and the Vatican City formally recognize each other.
1929,Geneva Convention (1929),https://en.wikipedia.org/wiki/Geneva_Convention_on_Prisoners_of_War_(1929),,Establishes rules for the treatment of prisoners of war ; predecessor of the 1949 Third Geneva Convention .
1929,International Convention for the Suppression of Counterfeiting Currency,https://en.wikipedia.org/wiki/International_Convention_for_the_Suppression_of_Counterfeiting_Currency,,Criminalises the counterfeiting of currency.
1930,London Naval Treaty,https://en.wikipedia.org/wiki/London_Naval_Treaty,Also known as the Treaty for the Limitation and Reduction of Naval Armament .,Regulates submarine warfare and shipbuilding.
1930,Convention Between the United States and Great Britain (1930),https://en.wikipedia.org/wiki/Convention_Between_the_United_States_and_Great_Britain_(1930),,Definitely delimits the boundary between North Borneo (then a British protectorate ) and the Philippine archipelago (then a U.S. Territory ).
1931,Treaty of Westminster (1931),https://en.wikipedia.org/wiki/Treaty_of_Westminster_(1931),Also known as the Statute of Westminster 1931 .,Creates the British Commonwealth .
1932,Soviet–Polish Non-Aggression Pact,https://en.wikipedia.org/wiki/Soviet%E2%80%93Polish_Non-Aggression_Pact,,International treaty of non-aggression signed by representatives of Poland and the USSR.
1934,German–Polish declaration of non-aggression,https://en.wikipedia.org/wiki/German%E2%80%93Polish_declaration_of_non-aggression,,International treaty between Nazi Germany and the Second Polish Republic ; both countries pledged to settle disputes through bilateral negotiations.
1934,Balkan Pact,https://en.wikipedia.org/wiki/Balkan_Pact,,"Between Greece, Turkey, Romania, and Yugoslavia; signatories agree to suspend all disputed territorial claims against each other."
1935,Franco-Soviet Treaty of Mutual Assistance,https://en.wikipedia.org/wiki/Franco-Soviet_Treaty_of_Mutual_Assistance,,Bilateral pact between France and the USSR with the aim of containing German aggression.
1935,"Treaty of Establishment, Commerce and Navigation","https://en.wikipedia.org/wiki/Treaty_of_Establishment,_Commerce_and_Navigation","Also known as the Treaty of Establishment, Commerce and Navigation with Full Protocols and Annex .",Reinforces the Russo-Persian Treaty of Friendship .
1936,Anglo-Egyptian Treaty of 1936,https://en.wikipedia.org/wiki/Anglo-Egyptian_Treaty_of_1936,,The United Kingdom withdraws its troops from Egypt except those necessary to protect the Suez Canal and its surroundings.
1936,Franco-Syrian Treaty of Independence (1936),https://en.wikipedia.org/wiki/Franco-Syrian_Treaty_of_Independence_(1936),,France provides independence to Syria.
1936,Montreux Convention Regarding the Regime of the Straits,https://en.wikipedia.org/wiki/Montreux_Convention_Regarding_the_Regime_of_the_Straits,,Approve Turkish control on Bosphorus and Dardanelles Straits
1937,International Convention for the Regulation of Whaling,https://en.wikipedia.org/wiki/International_Convention_for_the_Regulation_of_Whaling,,Establishes limitations on whaling practices; protocols signed in 1938 and again in 1945.
1937,Treaty of Saadabad,https://en.wikipedia.org/wiki/Treaty_of_Saadabad,Also known as the Saadabad Pact .,"A non-aggression pact signed by Turkey, Iran, Iraq and Afghanistan."
1938,Munich Agreement,https://en.wikipedia.org/wiki/Munich_Agreement,,Surrenders the Sudetenland to Germany.
1939,Molotov–Ribbentrop Pact,https://en.wikipedia.org/wiki/Molotov%E2%80%93Ribbentrop_Pact,"Also known as the Hitler–Stalin Pact , the German–Soviet Nonaggression Pact , the or Nazi–Soviet Pact and formally as the Treaty of Nonaggression between Germany and the Union of Soviet Socialist Republics .",Soviet-German non-aggression pact.
1939,Pact of Steel,https://en.wikipedia.org/wiki/Pact_of_Steel,,Pact of Friendship and Alliance between Germany and Italy.
1940,Moscow Peace Treaty,https://en.wikipedia.org/wiki/Moscow_Peace_Treaty,,Ends the Winter War .
1940,Treaty of Commerce and Navigation,https://en.wikipedia.org/wiki/Treaty_of_Commerce_and_Navigation,,"Reinforces the Treaty of Establishment, Commerce and Navigation between Iran and the Soviet Union."
1940,Tripartite Pact,https://en.wikipedia.org/wiki/Tripartite_Pact,,Axis Powers of Second World War are formed
1940,Treaty of Craiova,https://en.wikipedia.org/wiki/Treaty_of_Craiova,,Romania cedes territories to Bulgaria.
1941,Tokyo Convention,https://en.wikipedia.org/wiki/Tokyo_Convention,,Ends the Franco-Thai War .
1942,Anglo-Soviet Treaty of 1942,https://en.wikipedia.org/wiki/Anglo-Soviet_Treaty_of_1942,,Twenty-year mutual assistance agreement between the United Kingdom and the USSR that establishes both a military and political alliance.
1944,Bretton Woods Agreement,https://en.wikipedia.org/wiki/Bretton_Woods_Agreement,,Establishes rules for commercial and financial relations among the major industrial states.
1944,Tito–Šubašić Agreement,https://en.wikipedia.org/wiki/Tito%E2%80%93%C5%A0uba%C5%A1i%C4%87_Agreement,Also known as the Treaty of Vis .,Attempts to merge Yugoslavian governments.
1944,Chicago Convention on International Civil Aviation,https://en.wikipedia.org/wiki/Chicago_Convention_on_International_Civil_Aviation,,Establishes the International Civil Aviation Organization ; ratified in 1947.
1944,London Protocol (1944),https://en.wikipedia.org/wiki/London_Protocol_(1944),,Prepares for the division of Germany into three occupation zones.
1945,Treaty of Varkiza,https://en.wikipedia.org/wiki/Treaty_of_Varkiza,Also known as the Varkiza Pact and the Varkiza Peace Agreement .,Attempts to officially end the Greek Civil War .
1945,United Nations Charter,https://en.wikipedia.org/wiki/United_Nations_Charter,,Establishes the United Nations .
1945,Wanfried Agreement,https://en.wikipedia.org/wiki/Wanfried_agreement,,Transfers three Hessian villages to the Soviet Union and two Eichsfeld villages to the United States.
1946,Bermuda Agreement,https://en.wikipedia.org/wiki/Bermuda_Agreement,,Bilateral agreement on civil aviation between the United States and United Kingdom.
1946,Keflavik Agreement,https://en.wikipedia.org/wiki/Keflavik_Agreement,,Between the US and Iceland
1946,Gruber–De Gasperi Agreement,https://en.wikipedia.org/wiki/Gruber%E2%80%93De_Gasperi_Agreement,,"South Tyrol and Trentino remain part of Italy, but ensures their autonomy as region of Trentino-Alto Adige/Südtirol ."
1946,International Convention for the Regulation of Whaling,https://en.wikipedia.org/wiki/International_Convention_for_the_Regulation_of_Whaling,,"Replaces the International Agreement for the Regulation of Whaling; governs the commercial, scientific, and aboriginal subsistence whaling practices of fifty-nine member nations."
1946,1946 Lake Success Protocol,https://en.wikipedia.org/wiki/1946_Lake_Success_Protocol,"Also known formally as the Protocol Amending the Agreements, Conventions and Protocols on Narcotic Drugs concluded at The Hague on 23 January 1912, at Geneva on 11 February 1925 and 19 February 1925, and 13 July 1931, at Bangkok on 27 November 1931 and at Geneva on 26 June 1936 .",Shifts drug control functions previously assigned to the League of Nations to the United Nations .
1946,Treaty of Manila (1946),https://en.wikipedia.org/wiki/Treaty_of_Manila_(1946),Also known as the Treaty of General Relations Between The United States Of America And The Republic Of The Philippines (archived from the original on 2009-03-26).,The United States recognizes the independence of the Republic of the Philippines.
1946,Treaty of London (1946),https://en.wikipedia.org/wiki/Treaty_of_London_(1946),,Great Britain recognizes the independence of Transjordan .
1947,General Agreement on Tariffs and Trade,https://en.wikipedia.org/wiki/General_Agreement_on_Tariffs_and_Trade,"Also known, in abbreviated form, as GATT .",Establishes international trade rules.
1947,"Paris Peace Treaties, 1947","https://en.wikipedia.org/wiki/Paris_Peace_Treaties,_1947",,Formally ends World War II in the European Theatre .
1947,Inter-American Treaty of Reciprocal Assistance,https://en.wikipedia.org/wiki/Inter-American_Treaty_of_Reciprocal_Assistance,Also known as the Rio Treaty and Rio Pact .,"A ""hemispheric defense"" doctrine signed by many nations in the Americas."
1947,"United Nations Education, Scientific and Cultural Organization",https://en.wikipedia.org/wiki/UNESCO,,"Establishes the department of the United Nations that deals with Education, Science, and Culture."
1949,North Atlantic Treaty,https://en.wikipedia.org/wiki/North_Atlantic_Treaty,Also known as the Treaty of Washington .,"Establishes NATO , the North Atlantic Treaty Organization."
1949,Fourth Geneva Convention,https://en.wikipedia.org/wiki/Fourth_Geneva_Convention,Also known as GCIV .,Establishes rules for the protection of civilians during wartime.
1949,Treaty of The Hague (1949),https://en.wikipedia.org/wiki/Treaty_of_The_Hague_(1949),,The Netherlands grants independence to Indonesia except for the South Molucca Islands and West Irian .
1949,Treaty of London (1949),https://en.wikipedia.org/wiki/Treaty_of_London_(1949),,Creates the Council of Europe .
1950,Liaquat–Nehru Pact,https://en.wikipedia.org/wiki/Liaquat%E2%80%93Nehru_Pact,,"Between Pakistani Prime Minister Liaquat Ali Khan and Indian Prime Minister Jawaharlal Nehru , India."
1950,Treaty of Zgorzelec,https://en.wikipedia.org/wiki/Treaty_of_Zgorzelec,Also known formally as the Treaty between the Republic of Poland and the German Democratic Republic concerning the demarcation of the established and existing Polish-German state border .,Establishes borders between the Republic of Poland and the German Democratic Republic .
1951,Mutual Defense Treaty (U.S.–Philippines),https://en.wikipedia.org/wiki/Mutual_Defense_Treaty_(U.S.%E2%80%93Philippines),,A mutual defense accord between the Philippines and the United States.
1951,Genocide Convention,https://en.wikipedia.org/wiki/Genocide_Convention,,Defines and outlaws genocide .
1951,Treaty of San Francisco,https://en.wikipedia.org/wiki/Treaty_of_San_Francisco,Also known as San Francisco Peace Treaty and the Treaty of Peace with Japan .,Formally ends the war between the Allies of World War II and Japan.
1951,Security Treaty Between the United States and Japan,https://en.wikipedia.org/wiki/Security_Treaty_Between_the_United_States_and_Japan,,"A mutual defense agreement between the United States and Japan; went into effect on April 28, 1952."
1951,U.S. and Japan Mutual Defense Assistance Agreement,https://en.wikipedia.org/wiki/U.S._and_Japan_Mutual_Defense_Assistance_Agreement,,"Permits U.S. armed forces to station troops in Japan while encouraging Japan to rearm for defensive purposes only; went into effect on May 1, 1954."
1952,ANZUS Treaty,https://en.wikipedia.org/wiki/ANZUS_Treaty,"Also known as the Australia, New Zealand, United States Security Treaty .","Alliance between Australia, New Zealand and the United States."
1952,Treaty of Taipei,https://en.wikipedia.org/wiki/Treaty_of_Taipei,Also known as the Sino-Japanese Peace Treaty .,Peace treaty between Japan and the Republic of China .
1952,General Treaty,https://en.wikipedia.org/wiki/General_Treaty,Also known as the Deutschlandvertrag .,"Treaty between the Federal Republic of Germany and the Western Allies (France, UK, USA) restoring (limited) German sovereignty."
1952,International Convention relating to Arrest of Sea-going Ships,https://en.wikipedia.org/wiki/International_Convention_relating_to_Arrest_of_Sea-going_Ships,,Standardises rules relating to arrest of ships in port.
1953,Korean War Armistice Agreement,https://en.wikipedia.org/wiki/Korean_War,s:Korean Armistice Agreement,Ended the fighting between the United Nations Command and the Korean People's Army & PRC People's Liberation Army .
1954,Central Treaty Organization,https://en.wikipedia.org/wiki/Central_Treaty_Organization,"Also known, in abbreviated form, as CENTO ; original name was the Middle East Treaty Organization or METO ; also known as the Baghdad Pact .",Alliance of Middle Eastern countries and the United Kingdom.
1954,Southeast Asia Collective Defense Treaty,https://en.wikipedia.org/wiki/Southeast_Asia_Collective_Defense_Treaty,Also known as the Manila Pact .,"Established the Southeast Asia Treaty Organization , (SEATO), a defensive alliance between Australia, France, New Zealand, Pakistan, Philippines, South Korea, South Vietnam, Thailand, the United Kingdom and the United States."
1955,Asian–African Conference,https://en.wikipedia.org/wiki/Asian%E2%80%93African_Conference,Also known as the Bandung Conference .,"Conference stated to promote Afro-Asian economic and cultural cooperation and to oppose colonialism or neocolonialism by the United States, the Soviet Union, or any other ""imperialistic"" nation."
1955,Austrian State Treaty,https://en.wikipedia.org/wiki/Austrian_State_Treaty,Also known as the Austrian Independence Treaty .,"Re-establishes a free, sovereign and democratic Austria."
1955,Simonstown Agreement,https://en.wikipedia.org/wiki/Simonstown_Agreement,,"The Royal Navy surrenders its naval base at Simonstown , South Africa and transfers command of the South African Navy to the government of South Africa."
1955,Warsaw Pact,https://en.wikipedia.org/wiki/Warsaw_Pact,"Also known as the Warsaw Treaty and the Treaty of Friendship, Co-operation and Mutual Assistance .",Alliance of Central and Eastern European communist states.
1956,Soviet–Japanese Joint Declaration of 1956,https://en.wikipedia.org/wiki/Soviet%E2%80%93Japanese_Joint_Declaration_of_1956,,Reestablishes diplomatic relations between the Soviet Union and Japan following World War II.
1957,Anglo-Malayan Defence Agreement,https://en.wikipedia.org/wiki/Anglo-Malayan_Defence_Agreement,Also known as the Anglo-Malaysian Defence Agreement .,Provides a security umbrella for the independent Malaya .
1957,Treaty of Rome,https://en.wikipedia.org/wiki/Treaty_of_Rome,Also known as the Treaty establishing the European Economic Community .,Establishes the European Economic Community .
1957,International Atomic Energy Treaty,https://en.wikipedia.org/wiki/International_Atomic_Energy_Treaty,,Establishes the International Atomic Energy Agency .
1958,1958 US–UK Mutual Defence Agreement,https://en.wikipedia.org/wiki/1958_US%E2%80%93UK_Mutual_Defence_Agreement,,Bilateral treaty between the United States and the United Kingdom on nuclear weapons cooperation.
1958,Lisbon Agreement for the Protection of Appellations of Origin and their International Registration,https://en.wikipedia.org/wiki/Lisbon_Agreement_for_the_Protection_of_Appellations_of_Origin_and_their_International_Registration,,"Protection of Appellations of Origin and establishment of an International Register of Appellations of Origin, run by the World Intellectual Property Organization ."
1958,Convention on the Territorial Sea and the Contiguous Zone,https://en.wikipedia.org/wiki/Convention_on_the_Territorial_Sea_and_the_Contiguous_Zone,,Provides new universal legal controls for the management of marine natural resources and the control of pollution.
1959,Antarctic Treaty System,https://en.wikipedia.org/wiki/Antarctic_Treaty_System,"Also known, in abbreviated form, as ATS .","Sets aside Antarctica as a scientific preserve, establishes freedom of scientific investigation and bans military activity on the continent; came into force in 1961."
1960,Treaty of Mutual Cooperation and Security between the United States and Japan,https://en.wikipedia.org/wiki/Treaty_of_Mutual_Cooperation_and_Security_between_the_United_States_and_Japan,,"Strengthens Japan's ties to the ""West"" during the Cold War era."
1960,The Indus Waters Treaty 1960,https://en.wikipedia.org/wiki/Indus_Waters_Treaty,,Water sharing treaty between India and Pakistan.
1960,1960 Treaty of Montevideo,https://en.wikipedia.org/wiki/1960_Treaty_of_Montevideo,,Establishes the Latin American Free Trade Association .
1960,London and Zurich Agreements,https://en.wikipedia.org/wiki/London_and_Zurich_Agreements,,"Between United Kingdom, Turkey and Greece about the independence and Guarantee of Cyprus ."
1961,Arms Control and Disarmament Agency,https://en.wikipedia.org/wiki/Arms_Control_and_Disarmament_Agency,,Strengthens U.S. national security by implementing effective policies of arms control and disarmament.
1961,Apostille Convention,https://en.wikipedia.org/wiki/Apostille_Convention,,International treaty drafted by the Hague Conference on Private International Law. It specifies the modalities through which a document issued in one of the signatory countries can be certified for legal purposes in all the other signatory states. Such a certification is called an apostille (French: certification). The apostille is an international certification. The treaty is also officially known as the Hague Convention Abolishing the Requirement of Legalisation for Foreign Public Documents.
1961,Columbia River Treaty,https://en.wikipedia.org/wiki/Columbia_River_Treaty,,International agreement between Canada and the United States on the development and operation of the upper Columbia River basin.
1961,Vienna Convention on Diplomatic Relations,https://en.wikipedia.org/wiki/Vienna_Convention_on_Diplomatic_Relations,,International treaty on diplomatic intercourse and the privileges and immunities of diplomatic missions; came into force in 1964.
1961,Alliance for Progress,https://en.wikipedia.org/wiki/Alliance_for_Progress,,U.S. President Dwight D. Eisenhower attempts to establish economic cooperation between North America and South America.
1961,Single Convention on Narcotic Drugs,https://en.wikipedia.org/wiki/Single_Convention_on_Narcotic_Drugs,,"International treaty regulating the manufacture and use for medical purposes, and banning the trafficking of narcotic drugs."
1961,Convention on the Reduction of Statelessness,https://en.wikipedia.org/wiki/Convention_on_the_Reduction_of_Statelessness,,"International treaty against statelessness; went into effect on December 13, 1975."
1961,"Rome Convention for the Protection of Performers, Producers of Phonograms and Broadcasting Organisations","https://en.wikipedia.org/wiki/Rome_Convention_for_the_Protection_of_Performers,_Producers_of_Phonograms_and_Broadcasting_Organisations",,"Adopted on October 26, 1961. The Rome Convention secures protection in performances for performers, in phonograms for producers of phonograms and in broadcasts for broadcasting organizations."
1962,Nassau Agreement,https://en.wikipedia.org/wiki/Nassau_Agreement,,"The United States provides the United Kingdom with nuclear-armed Polaris missiles in return for a nuclear submarine base in the Holy Loch , near Glasgow ."
1962,New York Agreement,https://en.wikipedia.org/wiki/New_York_Agreement,,Agreement between the Republic of Indonesia and the Kingdom of the Netherlands Concerning West New Guinea (West Irian). Transferred responsibility for a territory to the United Nations and arranged for subsequent administration by Indonesia pending an act of self-determination defined in agreement.
1962,Sino–North Korean Border Treaty,https://en.wikipedia.org/wiki/Sino%E2%80%93North_Korean_Border_Treaty,,"Border treaty made in secret between the People's Republic of China and North Korea that, in combination with a subsequent 1963 treaty, defines the modern border between the two countries."
1963,Vienna Convention on Consular Relations,https://en.wikipedia.org/wiki/Vienna_Convention_on_Consular_Relations,,Multilateral treaty that codifies consular practices.
1963,Vienna Convention on Civil Liability for Nuclear Damage,https://en.wikipedia.org/wiki/Vienna_Convention_on_Civil_Liability_for_Nuclear_Damage,,Sets rules of liability for any and all forms of nuclear damage.
1963,Partial Nuclear Test Ban Treaty,https://en.wikipedia.org/wiki/Partial_Nuclear_Test_Ban_Treaty,"Also known as the Limited Test Ban Treaty , the Nuclear Test Ban Treaty and the Treaty Banning Nuclear Weapon Tests In The Atmosphere, In Outer Space And Under Water .",Prohibiting all test detonations of nuclear weapons except underground.
1963,Élysée Treaty,https://en.wikipedia.org/wiki/%C3%89lys%C3%A9e_Treaty,Also known as the Franco-German Partnership .,"Franco-German agreement for joint cooperation in foreign policy, economic and military integration, and exchange of student education."
1963,Strasbourg Convention,https://en.wikipedia.org/wiki/Convention_on_the_Unification_of_Certain_Points_of_Substantive_Law_on_Patents_for_Invention,Also known as the Strasbourg Patent Convention and the Convention on the Unification of Certain Points of Substantive Law on Patents for Invention .,Harmonizes patent laws across European countries.
1965,Merger Treaty,https://en.wikipedia.org/wiki/Merger_Treaty,,"Organizes the European Coal and Steel Community , the European Economic Community and Euratom ; creates European Commission and the Council of the European Communities ; came into force on July 1, 1967."
1965,Treaty on Basic Relations between Japan and the Republic of Korea,https://en.wikipedia.org/wiki/Treaty_on_Basic_Relations_between_Japan_and_the_Republic_of_Korea,,Established basic relationship between Japan and the Republic of Korea (South Korea).
1967,Treaty of Tlatelolco,https://en.wikipedia.org/wiki/Treaty_of_Tlatelolco,Also known as the Treaty for the Prohibition of Nuclear Weapons in Latin America and the Caribbean .,Keeps Latin American and the Caribbean regions free of nuclear weapons.
1967,ASEAN Declaration,https://en.wikipedia.org/wiki/ASEAN_Declaration,Also known as the Bangkok Declaration .,Founding document of the Association of Southeast Asian Nations .
1967,WIPO Convention,https://en.wikipedia.org/wiki/WIPO_Convention,Also known as the Convention Establishing the World Intellectual Property Organization .,Established the World Intellectual Property Organization .
1967,Outer Space Treaty,https://en.wikipedia.org/wiki/Outer_Space_Treaty,"Also known as the Treaty on Principles Governing the Activities of States in the Exploration and Use of Outer Space, including the Moon and Other Celestial Bodies .",Forbids the placing of nuclear weapons or any other weapons of mass destruction on celestial bodies and into outer space in general.
1968,Treaty on the Non-Proliferation of Nuclear Weapons,https://en.wikipedia.org/wiki/Treaty_on_the_Non-Proliferation_of_Nuclear_Weapons,Also known as the Treaty on the Non-Proliferation of Nuclear Weapons .,"Limits the spread of nuclear weapons through non-proliferation, disarmament, and the right to utilize nuclear technology for peaceful purposes."
1969,Convention on the Elimination of All Forms of Racial Discrimination,https://en.wikipedia.org/wiki/Convention_on_the_Elimination_of_All_Forms_of_Racial_Discrimination,,Commits signatories to the elimination of racial discrimination and the promotion of understanding among all races.
1969,Vienna Convention on the Law of Treaties,https://en.wikipedia.org/wiki/Vienna_Convention_on_the_Law_of_Treaties,"Also known, in abbreviated form, as the VCLT .",Codifies the pre-existing international customary law on treaties with some necessary gap-filling and clarifications.
1969,Arusha Agreement,https://en.wikipedia.org/wiki/Arusha_Agreement,,"Establishes better economic relations between the European Community and the nations of Kenya , Uganda , and Tanzania ; came into force in 1971."
1970,Hague Hijacking Convention,https://en.wikipedia.org/wiki/Hague_Hijacking_Convention,,Criminalises the hijacking of civil aviation aircraft.
1970,Patent Cooperation Treaty,https://en.wikipedia.org/wiki/Patent_Cooperation_Treaty,"Also known, in abbreviated form, as the PCT .",Provides a unified procedure for filing patent applications to protect inventions internationally; came into force in 1978; amended in 1979; modified in 1984 and 2001.
1970,Boundary Treaty of 1970,https://en.wikipedia.org/wiki/Boundary_Treaty_of_1970,,Settles boundary disputes between the United States and Mexico.
1970,Treaty of Warsaw (1970),https://en.wikipedia.org/wiki/Treaty_of_Warsaw_(1970),,West Germany and the People's Republic of Poland pledge themselves to nonviolence and accept the Oder–Neisse line ; ratified in 1972.
1971,Convention on Psychotropic Substances,https://en.wikipedia.org/wiki/Convention_on_Psychotropic_Substances,,"Attempts to control psychoactive drugs such as amphetamines , barbiturates , and LSD ."
1971,Five Power Defence Arrangements,https://en.wikipedia.org/wiki/Five_Power_Defence_Arrangements,"Also known, in abbreviated form, as the FPDA .","Security agreement between Australia, Malaysia , New Zealand, Singapore and the United Kingdom."
1971,Ramsar Convention,https://en.wikipedia.org/wiki/Ramsar_Convention,,Focuses on the conservation and sustainable utilization of wetlands ; went into effect in 1975.
1971,IPC Agreement,https://en.wikipedia.org/wiki/Strasbourg_Agreement_Concerning_the_International_Patent_Classification,Also known as the Strasbourg Agreement Concerning the International Patent Classification .,"Establishes a common classification for patents for invention, inventors' certificates, utility models and utility certificates; went into effect in 1975; amended in 1979."
1971,Seabed Arms Control Treaty,https://en.wikipedia.org/wiki/Seabed_Arms_Control_Treaty,Also known as the Seabed Treaty .,Bans the placement of nuclear weapons on the ocean floor beyond a 12-mile (19 km) coastal zone; came into force in 1972.
1971,Convention for the Suppression of Unlawful Acts against the Safety of Civil Aviation,https://en.wikipedia.org/wiki/Convention_for_the_Suppression_of_Unlawful_Acts_against_the_Safety_of_Civil_Aviation,,Criminalises sabotage of civil aircraft and dangerous acts on board aircraft
1971,Indo-Soviet Treaty of Friendship and Cooperation,https://en.wikipedia.org/wiki/Indo-Soviet_Treaty_of_Friendship_and_Cooperation,,Specifies strategic cooperation between India and the Soviet Union.
1971,Geneva Phonograms Convention,https://en.wikipedia.org/wiki/Geneva_Phonograms_Convention,,Convention for the Protection of Producers of Phonograms Against Unauthorized Duplication of Their Phonograms; adopted in Geneva in October 1971.
1971,Strasbourg Agreement Concerning the International Patent Classification,https://en.wikipedia.org/wiki/Strasbourg_Agreement_Concerning_the_International_Patent_Classification,,"Adopted: Strasbourg - March 24, 1971. Amended: September 28, 1979."
1972,Addis Ababa Agreement (1972),https://en.wikipedia.org/wiki/Addis_Ababa_Agreement_(1972),,"A series of accords between the government of Sudan and insurgents in Southern Sudan, which ended the First Sudanese Civil War"
1972,Anti-Ballistic Missile Treaty,https://en.wikipedia.org/wiki/Anti-Ballistic_Missile_Treaty,Also known as the ABM Treaty or ABMT .,Limits the use of anti-ballistic missile (ABM) systems in defending areas against missile-delivered nuclear weapons (US PL 92-448).
1972,Basic Treaty (1972),https://en.wikipedia.org/wiki/Basic_Treaty_(1972),Also known as the Treaty concerning the basis of relations between the Federal Republic of Germany and the German Democratic Republic .,Establishes relations between the Federal Republic of Germany and the German Democratic Republic ; came into effect in 1973.
1972,Biological Weapons Convention,https://en.wikipedia.org/wiki/Biological_Weapons_Convention,"Also known as the Convention on the Prohibition of the Development, Production and Stockpiling of Bacteriological (Biological) and Toxin Weapons and on their Destruction .",First multilateral disarmament treaty banning the production of an entire category of biological weapons (with exceptions for medical and defensive purposes in small quantities).
1972,Convention for the Conservation of Antarctic Seals,https://en.wikipedia.org/wiki/Convention_for_the_Conservation_of_Antarctic_Seals,,Provides protection for Antarctic seals ; came into effect in 1978.
1972,London Convention on the Prevention of Marine Pollution by Dumping of Wastes and Other Matter,https://en.wikipedia.org/wiki/London_Convention_on_the_Prevention_of_Marine_Pollution_by_Dumping_of_Wastes_and_Other_Matter,,"Attempts to control pollution of the sea via deliberate dumping by vessels, aircraft, and platforms."
1972,Sino-Japanese Joint Communiqué,https://en.wikipedia.org/wiki/Joint_Communiqu%C3%A9_of_the_Government_of_Japan_and_the_Government_of_the_People%27s_Republic_of_China,Also known formally as the Joint Communiqué of the Government of Japan and the Government of the People's Republic of China .,Japan recognizes PRC as the sole legal Government of China; and China renounces its demand for war reparation from Japan
1972,Simla Agreement,https://en.wikipedia.org/wiki/Simla_Agreement,Also known as the Simla Pact and the Simla Treaty .,Normalised relations between India and Pakistan following the Bangladesh Liberation War .
1973,European Patent Convention,https://en.wikipedia.org/wiki/European_Patent_Convention,Also known as the Convention on the Grant of European Patents .,Multilateral treaty instituting the European Patent Organisation .
1973,Agreement on the Transfer of Corpses,https://en.wikipedia.org/wiki/Agreement_on_the_Transfer_of_Corpses,,Establishes rules and standards for the transfer of human corpses across international borders
1973,CITES - The Convention on International Trade in Endangered Species of Wild Fauna and Flora,https://en.wikipedia.org/wiki/CITES,,"Also known as the Washington Convention; Regulates international trade of endangered species of animals and plants (live specimens, as well as their parts and derivatives)"
1973,Treaty of Chaguaramas,https://en.wikipedia.org/wiki/Treaty_of_Chaguaramas,,"Establishes the Caribbean Community (CARICOM) signed by Barbados , Trinidad and Tobago , Guyana , and Jamaica and replaces the previous Caribbean Free Trade Association in 1974."
1973,Paris Peace Accords,https://en.wikipedia.org/wiki/Paris_Peace_Accords,,Formalized American withdrawal from Vietnam .
1973,Vientiane Treaty,https://en.wikipedia.org/wiki/Vientiane_Treaty,,A cease-fire agreement between the monarchial government of Laos and the communist Pathet Lao .
1973,Agreement on the Transfer of Corpses,https://en.wikipedia.org/wiki/Agreement_on_the_Transfer_of_Corpses,,Establishes rules and standards for the transport of human corpses across international borders. Intended to replace a similar 1937 treaty.
1973,Sunningdale Agreement,https://en.wikipedia.org/wiki/Sunningdale_Agreement,,Established a power-sharing Northern Ireland Executive under Brian Faulkner of the UUP and Gerry Fitt of the SDLP .
1974,Japan–Australia Migratory Bird Agreement,https://en.wikipedia.org/wiki/Japan%E2%80%93Australia_Migratory_Bird_Agreement,"Also known, in abbreviated form, as JAMBA .",Treaty between Australia and Japan to minimise harm to the major areas used by birds that migrate between the two countries; came into force in 1981.
1974,Threshold Test Ban Treaty,https://en.wikipedia.org/wiki/Threshold_Test_Ban_Treaty,Also known as the Treaty on the Limitation of Underground Nuclear Weapon Tests .,"Establishes a nuclear ""threshold"" by prohibiting nuclear tests of devices having a yield exceeding 150 kilotons ."
1974,Brussels Convention Relating to the Distribution of Programme-Carrying Signals Transmitted by Satellite,https://en.wikipedia.org/wiki/Brussels_Convention_Relating_to_the_Distribution_of_Programme-Carrying_Signals_Transmitted_by_Satellite,,The Brussels or Satellites Convention provides for the obligation of each Contracting State to take adequate measures to prevent the unauthorized distribution on or from its territory of any programme-carrying signal transmitted by satellite.
1975,Treaty of Osimo,https://en.wikipedia.org/wiki/Treaty_of_Osimo,,Divides the Free Territory of Trieste between Italy and Yugoslavia.
1975,Treaty of Lagos,https://en.wikipedia.org/wiki/Treaty_of_Lagos,,Establishes the Economic Community of West African States .
1976,Environmental Modification Convention,https://en.wikipedia.org/wiki/Environmental_Modification_Convention,Also known as the Convention on the Prohibition of Military or Any Other Hostile Use of Environmental Modification Techniques .,Prohibits the military or other hostile use of environmental modification techniques; came into force in 1978.
1976,Treaty of Amity and Cooperation in Southeast Asia,https://en.wikipedia.org/wiki/Treaty_of_Amity_and_Cooperation_in_Southeast_Asia,,Treaty signed among the founding members of ASEAN and acceded to by all ASEAN members and 15 non-members.
1976,Convention on Limitation of Liability for Maritime Claims,https://en.wikipedia.org/wiki/Convention_on_Limitation_of_Liability_for_Maritime_Claims,,Admiralty law treaty regarding liability for maritime claims.
1977,Budapest Treaty on the International Recognition of the Deposit of Microorganisms for the Purposes of Patent Procedure,https://en.wikipedia.org/wiki/Budapest_Treaty,,"Adopted in 1977, the Budapest Treaty concerns a specific topic in the international patent process: microorganisms."
1977,Torrijos–Carter Treaties,https://en.wikipedia.org/wiki/Torrijos%E2%80%93Carter_Treaties,,Abrogates the Hay–Bunau-Varilla Treaty and guarantees Panama its eventual control of the Panama Canal after 1999.
1978,Camp David Accords,https://en.wikipedia.org/wiki/Camp_David_Accords,,Agreement between Egypt and Israel.
1978,Treaty of Peace and Friendship between Japan and the People's Republic of China,https://en.wikipedia.org/wiki/Treaty_of_Peace_and_Friendship_between_Japan_and_the_People%27s_Republic_of_China,,Peace agreement between Japan and the People's Republic of China .
1979,Egypt–Israel peace treaty,https://en.wikipedia.org/wiki/Egypt%E2%80%93Israel_peace_treaty,,Israel and Egypt agree to mutually recognize each other; Israel agrees to withdraw its troops from the Sinai Peninsula in return for Israeli ships to gain free passage through the Suez Canal .
1979,Moon Treaty,https://en.wikipedia.org/wiki/Moon_Treaty,Also known as the Agreement Governing the Activities of States on the Moon and Other Celestial Bodies or the Moon Agreement .,Turns jurisdiction of all heavenly bodies to the international community; went into effect in 1984.
1979,Treaty of Accession 1979,https://en.wikipedia.org/wiki/Treaty_of_Accession_1979,,The accession of Greece to the European Union.
1979,Treaty of Montevideo,https://en.wikipedia.org/wiki/1979_Treaty_of_Montevideo,,Both Argentina and Chile pledge to a peaceful solution to their border disputes at the Beagle Channel .
1981,Nairobi Treaty on the Protection of the Olympic Symbol,,,"All parties to the Nairobi Treaty are under the obligation to protect the Olympic symbol against commercial use (in advertisements, on goods, as a mark, etc.) without the authorization of the International Olympic Committee."
1983,Australia New Zealand Closer Economic Relations Trade Agreement,https://en.wikipedia.org/wiki/Australia_New_Zealand_Closer_Economic_Relations_Trade_Agreement,"Also known, in its abbreviated form, as ANZCERTA .",A free trade agreement between the governments of New Zealand and Australia.
1984,Sino-British Joint Declaration,https://en.wikipedia.org/wiki/Sino-British_Joint_Declaration,Also known formally as the Joint Declaration of the Government of the United Kingdom of Great Britain and Northern Ireland and the Government of the People's Republic of China on the Question of Hong Kong .,The United Kingdom relinquishes Hong Kong to the People's Republic of China.
1984,Nkomati Accord,https://en.wikipedia.org/wiki/Nkomati_Accord,,Nonagression treaty between Mozambique and the Republic of South Africa .
1984,Oujda Treaty,https://en.wikipedia.org/wiki/Oujda_Treaty,,Morocco and Libya establish the Arabic–African Union.
1984,Treaty of Peace and Friendship of 1984 between Chile and Argentina,https://en.wikipedia.org/wiki/Treaty_of_Peace_and_Friendship_of_1984_between_Chile_and_Argentina,,"Resolves disputes between Argentina and Chile over the possession of the Picton, Lennox and Nueva islands."
1985,Plaza Accord,https://en.wikipedia.org/wiki/Plaza_Accord,,The Group of Five agree to devalue the US dollar in relation to the Japanese yen and German Deutsche Mark by intervening in currency markets.
1985,Schengen Agreement,https://en.wikipedia.org/wiki/Schengen_Agreement,,Establishes for the European Community a border system and a common policy on the temporary entry of persons.
1985,1985 Helsinki Protocol on the Reduction of Sulphur Emissions,https://en.wikipedia.org/wiki/1985_Helsinki_Protocol_on_the_Reduction_of_Sulphur_Emissions,Also known as the Protocol to the 1979 Convention on Long-Range Transboundary Air Pollution on the Reduction of Sulphur Emissions or Their Transboundary Fluxes by at Least 30% .,Provides for a 30% reduction in sulphur emissions and their transboundary fluxes by 1993; came into effect in 1987.
1985,Treaty of Rarotonga,https://en.wikipedia.org/wiki/Treaty_of_Rarotonga,Also known as the South Pacific Nuclear Free Zone Treaty .,Formalizes a nuclear-weapon-free zone in the South Pacific.
1986,China–Australia Migratory Bird Agreement,https://en.wikipedia.org/wiki/China%E2%80%93Australia_Migratory_Bird_Agreement,,Treaty between Australia and China to minimise harm to major areas used by birds that migrate between the two countries; came into force in 1988.
1986,Convention on Early Notification of a Nuclear Accident,https://en.wikipedia.org/wiki/Convention_on_Early_Notification_of_a_Nuclear_Accident,,"In the wake of the Chernobyl disaster , states agree to promptly notify each other and the IAEA of nuclear accidents that occur."
1987,Intermediate-Range Nuclear Forces Treaty,https://en.wikipedia.org/wiki/Intermediate-Range_Nuclear_Forces_Treaty,,"Eliminates nuclear and conventional ground-launched ballistic and cruise missiles with ranges of 500 to 5,500 kilometers (310 to 3,420 miles); ratified and came into force in 1988."
1987,Joint Declaration on the Question of Macau,https://en.wikipedia.org/wiki/Joint_Declaration_on_the_Question_of_Macau,Also known formally as the Joint Declaration of the Government of the People's Republic of China and the Government of the Republic of Portugal on the question of Macao .,Portugal relinquishes Macau to the People's Republic of China.
1988,Nitrogen Oxide Protocol,https://en.wikipedia.org/wiki/Nitrogen_Oxide_Protocol,Also known as the Protocol to the 1979 Convention on Long-Range Transboundary Air Pollution Concerning the Control of Emissions of Nitrogen Oxides or Their Transboundary Fluxes .,Provides for the control or reduction of nitrogen oxides and their transboundary fluxes; came into effect in 1991.
1988,United Nations Convention Against Illicit Traffic in Narcotic Drugs and Psychotropic Substances,https://en.wikipedia.org/wiki/United_Nations_Convention_Against_Illicit_Traffic_in_Narcotic_Drugs_and_Psychotropic_Substances,,Enforcing the 1961 Single Convention on Narcotic Drugs and the 1971 Convention on Psychotropic Substances .
1988,Convention for the Suppression of Unlawful Acts against the Safety of Maritime Navigation,https://en.wikipedia.org/wiki/Convention_for_the_Suppression_of_Unlawful_Acts_against_the_Safety_of_Maritime_Navigation,,Criminalises hijacking and other dangerous acts on ships.
1988,Protocol for the Suppression of Unlawful Acts of Violence at Airports serving International Civil Aviation,https://en.wikipedia.org/wiki/Convention_for_the_Suppression_of_Unlawful_Acts_against_the_Safety_of_Civil_Aviation#Protocol,,"Protocol to the Convention for the Suppression of Unlawful Acts against the Safety of Civil Aviation , criminalises dangerous or violent acts in airports"
1989,Montreal Protocol,https://en.wikipedia.org/wiki/Montreal_Protocol,Also known as the Montreal Protocol on Substances that Deplete the Ozone Layer .,Attempts to protect the ozone layer by phasing out the production of a number of substances believed to be responsible for ozone depletion .
1989,Treaty on Conventional Armed Forces in Europe,https://en.wikipedia.org/wiki/Treaty_on_Conventional_Armed_Forces_in_Europe,"Also known, in its abbreviated form, as the CFE .",Establishes limits on key categories of conventional military equipment in Europe and mandates the destruction of excess weaponry.
1989,Timor Gap Treaty,https://en.wikipedia.org/wiki/Timor_Gap_Treaty,,Between the governments of Australia and Indonesia ; rewritten in 2001.
1989,Wellington Convention,https://en.wikipedia.org/wiki/Wellington_Convention,,Prohibits the use of fishing driftnets in the South Pacific that are longer than 2.5 metres.
1989,Washington Treaty,,,"Adopted in Washington on May 26, 1989"
1990,Malaysia–Singapore Points of Agreement of 1990,https://en.wikipedia.org/wiki/Malaysia%E2%80%93Singapore_Points_of_Agreement_of_1990,,Treaty regarding the future of railway land owned by the Malaysian government through Malayan Railways in Singapore .
1990,1990 Chemical Weapons Accord,https://en.wikipedia.org/wiki/1990_Chemical_Weapons_Accord,,"On June 1, 1990, Presidents George H. W. Bush and Mikhail Gorbachev sign the bilateral U.S.-Soviet Chemical Weapons Accord."
1990,Treaty on the Final Settlement with Respect to Germany,https://en.wikipedia.org/wiki/Treaty_on_the_Final_Settlement_with_Respect_to_Germany,,The Four Powers renounce all rights they formerly held in Germany and Germany renounces all claims to territories east of the Oder–Neisse line .
1991,Brioni Agreement,https://en.wikipedia.org/wiki/Brioni_Agreement,,Ends ten-day war in Slovenia .
1991,Abuja Treaty,https://en.wikipedia.org/wiki/Abuja_Treaty,,International agreement that creates the African Economic Community .
1991,Treaty of Asunción,https://en.wikipedia.org/wiki/Treaty_of_Asunci%C3%B3n,,"International treaty signed between Argentina , Brazil, Uruguay and Paraguay , served as the basis for the establishment of the Mercosur trade bloc."
1991,Belavezha Accords,https://en.wikipedia.org/wiki/Belavezha_Accords,,Agreement which declared the Soviet Union effectively dissolved and established the Commonwealth of Independent States in its place.
1992,Maastricht Treaty,https://en.wikipedia.org/wiki/Maastricht_Treaty,Also known formally as the Treaty on European Union .,Establishes the European Union .
1992,United Nations Framework Convention on Climate Change,https://en.wikipedia.org/wiki/United_Nations_Framework_Convention_on_Climate_Change,"Also known, in its abbreviated forms, as the UNFCCC or the FCCC .",Attempts to reduce emissions of greenhouse gasses in order to combat global warming .
1992,Convention on Biological Diversity (CBD),https://en.wikipedia.org/wiki/Convention_on_Biological_Diversity,,"Conservation of biological diversity (or biodiversity), sustainable use of its components, and a fair and equitable sharing of benefits arising from genetic resources."
1992,Treaty on Open Skies,https://en.wikipedia.org/wiki/Treaty_on_Open_Skies,,Establishes an international program of unarmed aerial surveillance flights over all participants' territories.
1992,CIS Collective Security Treaty,https://en.wikipedia.org/wiki/Collective_Security_Treaty_Organization,,"Armenia , Kazakhstan , Kyrgyzstan , Russia, Tajikistan and Uzbekistan establish framework for the Commonwealth of Independent States ."
1992,Sochi agreement,https://en.wikipedia.org/wiki/Sochi_agreement,,"Georgian and South Ossetian forces signed a ceasefire to halt the contemporaneously recognized ""civil war."""
1993,Oslo I Accord,https://en.wikipedia.org/wiki/Oslo_I_Accord,Also known as the Declaration of Principles on Interim Self-Government Arrangements or the Declaration of Principles (DOP).,Between the Israeli government and the Palestine Liberation Organization.
1993,Chemical Weapons Convention,https://en.wikipedia.org/wiki/Chemical_Weapons_Convention,"Also known formally as the Convention on the Prohibition of the Development, Production, Stockpiling and Use of Chemical Weapons and on their Destruction .","Outlaws the production, stockpiling and use of chemical weapons ."
1994,Israel–Jordan peace treaty,https://en.wikipedia.org/wiki/Israel%E2%80%93Jordan_peace_treaty,Also known formally as the Treaty of Peace Between the State of Israel and the Hashemite Kingdom of Jordan .,Normalizes relations between Israel and Jordan and resolves territorial disputes between them.
1994,North American Free Trade Agreement (NAFTA),https://en.wikipedia.org/wiki/North_American_Free_Trade_Agreement,,"Free trade agreement between Canada, the United States of America, and Mexico."
1994,Kremlin accords,https://en.wikipedia.org/wiki/Kremlin_accords,,Stops the preprogrammed aiming of nuclear missiles at targets in any nation and provides for the dismantling of Russian nuclear weapons in Ukraine.
1994,Bishkek Protocol,https://en.wikipedia.org/wiki/Bishkek_Protocol,,Provisional ceasefire agreement between Armenia and Azerbaijan .
1994,United Nations Convention on the Law of the Sea,https://en.wikipedia.org/wiki/United_Nations_Convention_on_the_Law_of_the_Sea,"Also known, in its abbreviated form, as the UNCLOS .",Provides universal legal controls for the management of marine natural resources and the control of pollution .
1994,United Nations Convention to Combat Desertification,https://en.wikipedia.org/wiki/United_Nations_Convention_to_Combat_Desertification,"Also known as the United Nations Convention to Combat Desertification in Those Countries Experiencing Serious Drought and/or Desertification, Particularly in Africa .",Agreement to combat desertification and to mitigate the effects of drought ; came into force in 1996.
1994,Convention on Nuclear Safety,https://en.wikipedia.org/wiki/Convention_on_Nuclear_Safety,,States agree to general safety rules regarding civilian nuclear power plants and programmes.
1994,Budapest Memorandum on Security Assurances,https://en.wikipedia.org/wiki/Budapest_Memorandum_on_Security_Assurances,,"Provides security guarantee to Ukraine, Kazakhstan and Belarus from US, UK and Russia."
1994,Agreement on a Cease-fire and Separation of Forces,https://en.wikipedia.org/wiki/Agreement_on_a_Cease-fire_and_Separation_of_Forces,,Georgia and Abkhaz separatists sign a ceasefire agreement which provides for the deployment of UN-mandated CIS peacekeeping force to the conflict region.
1994,Trademark Law Treaty,https://en.wikipedia.org/wiki/Trademark_Law_Treaty,,"Adopted in Geneva on October 27, 1994"
1995,Erdut Agreement,https://en.wikipedia.org/wiki/Erdut_Agreement,"Also known as the Basic Agreement on the Region of Eastern Slavonia, Baranja and Western Sirmium .",Peaceful resolution of the conflict in Eastern Slavonia .
1995,Dayton Agreement,https://en.wikipedia.org/wiki/Dayton_Agreement,"Also known as the Dayton Accords , the Dayton-Paris Agreement and the General Framework Agreement for Peace in Bosnia and Herzegovina .",Ends Bosnian War .
1995,General Agreement on Trade in Services (GATT),https://en.wikipedia.org/wiki/General_Agreement_on_Trade_in_Services,"Also known, in its abbreviated form, as the GATS .",Extends the multilateral trading system to provide services (i.e. tertiary sector of industry ).
1996,Comprehensive Nuclear-Test-Ban Treaty,https://en.wikipedia.org/wiki/Comprehensive_Nuclear-Test-Ban_Treaty,"Also known, in its abbreviated form, as the CTBT .",Forbids all nuclear explosions in all environments for military or civilian purposes.
1996,Khasavyurt Accord,https://en.wikipedia.org/wiki/Khasavyurt_Accord,,Ceasefire agreement that ends the First Chechen War .
1996,WIPO Copyright Treaty,https://en.wikipedia.org/wiki/WIPO_Copyright_Treaty,Also known as the World Intellectual Property Organization Copyright Treaty .,Provides additional protections for copyright deemed necessary due to advances in information technology.
1996,WIPO Performances and Phonograms Treaty,https://en.wikipedia.org/wiki/WIPO_Performances_and_Phonograms_Treaty,"Also known, in its abbreviated form, as the WPPT .",Establishes rights and privileges for performers and producers of audio-visual works.
1996,Mahakali treaty,https://en.wikipedia.org/wiki/Mahakali_treaty,Also known as Sarada Treaty.,Agreement between the Government of Nepal and the Government of India regarding the development of watershed of Mahakali River.
1997,Amsterdam Treaty,https://en.wikipedia.org/wiki/Amsterdam_Treaty,"Also known as the Treaty of Amsterdam amending the Treaty of the European Union, the Treaties establishing the European Communities and certain related acts .","Substantially revises the Maastricht Treaty ; came into effect on May 1, 1999."
1997,Ottawa Treaty,https://en.wikipedia.org/wiki/Ottawa_Treaty,"Also known as the Mine Ban Treaty and the Convention on the Prohibition of the Use, Stockpiling, Production and Transfer of Anti-Personnel Mines and on their Destruction .",Bans all anti-personnel landmines (AP-mines).
1997,Chemical Weapons Convention,https://en.wikipedia.org/wiki/Chemical_Weapons_Convention,"Also known as the Convention on the Prohibition of the Development, Production, Stockpiling and Use of Chemical Weapons and on their Destruction .","Outlaws the production, stockpiling and use of chemical weapons ."
1997,Kyoto Protocol,https://en.wikipedia.org/wiki/Kyoto_Protocol,Also known formally as the Kyoto Protocol to the United Nations Framework Convention on Climate Change .,"Mandates the reduction of greenhouse-gas emissions ; negotiated in 1997, ratified in 2004, and went into effect in 2005."
1997,Russian–Ukrainian Friendship Treaty,https://en.wikipedia.org/wiki/Russian%E2%80%93Ukrainian_Friendship_Treaty,"Also known formally as the Treaty on Friendship, Cooperation, and Partnership between Ukraine and the Russian Federation .","Fixes the principle of strategic partnership, the recognition of the inviolability of existing borders, respect for territorial integrity and mutual commitment not to use its territory to harm the security of each other. Ratified in 1998 by Ukraine and in 1999 by Russia."
1997,Russia–Chechnya Peace Treaty,https://en.wikipedia.org/wiki/Russia%E2%80%93Chechnya_Peace_Treaty,,"Russia and Chechen republic of Ichkeria sign a peace treaty following the First Chechen War , but the issue of independence remains unresolved and leads to the Second Chechen War ."
1998,Good Friday Agreement,https://en.wikipedia.org/wiki/Good_Friday_Agreement,Also known as the Belfast Agreement and rarely known as the Stormont Agreement .,Major political development in the Northern Ireland peace process .
1998,POP Air Pollution Protocol,https://en.wikipedia.org/wiki/POP_Air_Pollution_Protocol,Also known as the Protocol to the 1979 Convention on Long-Range Transboundary Air Pollution on Persistent Organic Pollutants .,Agreement to provide for the control and reduction of emissions of persistent organic pollutants ; has not yet come into effect.
1998,Rome Statute of the International Criminal Court,https://en.wikipedia.org/wiki/Rome_Statute_of_the_International_Criminal_Court,Also known as the Rome Statute .,Establishes the International Criminal Court .
1999,Adapted Conventional Armed Forces in Europe Treaty,https://en.wikipedia.org/wiki/Adapted_Conventional_Armed_Forces_in_Europe_Treaty,,Replaces ceilings given to NATO and the Warsaw Pact with territorial ones.
1999,East African Community Treaty,https://en.wikipedia.org/wiki/East_African_Community_Treaty,,"Establishes the East African Community between Uganda , Kenya and the Republic of Tanzania ; went into effect on July 7, 2000."
1999,Kumanovo Agreement,https://en.wikipedia.org/wiki/Kumanovo_Agreement,,"Concluded the Kosovo War ; went into effect on June 9, 1999."
1999,Narrative Protocol on Eastern and Western Sections of the China–Russia Boundary between the Government of the People's Republic of China and the Government of the Russian Federation,,,"China's Jiang Zemin and Russia's president, Boris Yeltsin , signed in Beijing on Dec 9th, 1999. The treaty formally recognized 1.6 million square kilometers of land occupied by Russia belongs to Russia, and gave Russia the exit point of the Tumen River , cutting off northeast China from the Sea of Japan"
1999,Treaty Between the United States of America and Ukraine on Mutual Legal Assistance in Criminal Matters,,,"Establishes an agreement to provide mutual assistance in connection with the investigation, prosecution and prevention of offenses, and in proceedings related to criminal matters."
2000,Cotonou Agreement,https://en.wikipedia.org/wiki/Cotonou_Agreement,,Attempts to reduce poverty and integrate the ACP countries into the world economy; came into force in 2002.
2000,Patent Law Treaty,https://en.wikipedia.org/wiki/Patent_Law_Treaty,"Also known, in its abbreviated form, as the PLT .","Harmonizes formal procedures such as the requirements to obtain a filing date for a patent application, the form and content of a patent application, and representation."
2000,Treaty of Jeddah (2000),https://en.wikipedia.org/wiki/Treaty_of_Jeddah_(2000),,Resolves a border dispute between Saudi Arabia and Yemen that dates backs to Saudi boundary claims made in 1934.
2000,Algiers Agreement (2000),https://en.wikipedia.org/wiki/Algiers_Agreement_(2000),,A peace agreement between Eritrea and Ethiopia to formally end the Eritrean–Ethiopian War .
2001,Agreement on the Conservation of Albatrosses and Petrels,https://en.wikipedia.org/wiki/Agreement_on_the_Conservation_of_Albatrosses_and_Petrels,,"Attempts to prevent the decline of seabird populations in the southern hemisphere, particularly albatrosses and procellariidae ."
2001,Treaty of Nice,https://en.wikipedia.org/wiki/Treaty_of_Nice,,Amends two founding treaties of the European Union .
2001,Ohrid Agreement,https://en.wikipedia.org/wiki/Ohrid_Agreement,,Ends the armed conflict between the Albanian National Liberation Army and Macedonia (now called North Macedonia).
2001,2001 Sino-Russian Treaty of Friendship,https://en.wikipedia.org/wiki/2001_Sino-Russian_Treaty_of_Friendship,,Twenty-year strategic treaty between Russia and the People's Republic of China.
2001,Budapest Convention on Cybercrime,https://en.wikipedia.org/wiki/Budapest_Convention_on_Cybercrime,,Prohibits the use of computers or networks as tools for criminal activity.
2002,Timor Sea Treaty,https://en.wikipedia.org/wiki/Timor_Sea_Treaty,,Between the governments of Australia and East Timor .
2002,Strategic Offensive Reductions Treaty,https://en.wikipedia.org/wiki/Strategic_Offensive_Reductions_Treaty,Also known as the Moscow Treaty and SORT .,Limits the nuclear arsenals of Russia and the United States.
2002,Pretoria Accord,https://en.wikipedia.org/wiki/Pretoria_Accord,,Rwandan troops withdraw from the Democratic Republic of the Congo in exchange for international commitment towards the disarmament of the interahamwe and the ex-FAR fighters.
2002,Gbadolite Agreement,https://en.wikipedia.org/wiki/Gbadolite_Agreement,,Attempts to cease hostilities between the warring factions in the Second Congo War ; treaty has limited effect.
2002,ASEAN Agreement on Transboundary Haze Pollution,https://en.wikipedia.org/wiki/ASEAN_Agreement_on_Transboundary_Haze_Pollution,,Between ASEAN nations to bring haze pollution under control in Southeast Asia.
2003,ASEAN Free Trade Area,https://en.wikipedia.org/wiki/ASEAN_Free_Trade_Area,"Also known, in its abbreviated form, as AFTA .","Agreement by the Association of Southeast Asian Nations , of local manufacturing in all ASEAN countries."
2003,Treaty of Accession 2003,https://en.wikipedia.org/wiki/Treaty_of_Accession_2003,,"Integrates ten nations into the European Union; came into force on May 1, 2004."
2003,Accra Comprehensive Peace Agreement,https://en.wikipedia.org/wiki/Accra_Comprehensive_Peace_Agreement,,"Ended the Second Liberian Civil War on August 18, 2003."
2003,WHO Framework Convention on Tobacco Control,https://en.wikipedia.org/wiki/WHO_Framework_Convention_on_Tobacco_Control,"Also known, in abbreviated form, as FCTC .","First public health treaty of the world; came into force on February 27, 2005. Its purpose is to ""protect present and future generations from the devastating health, social, environmental and economic consequences of tobacco consumption and exposure to tobacco smoke."""
2004,International Treaty on Plant Genetic Resources for Food and Agriculture,https://en.wikipedia.org/wiki/International_Treaty_on_Plant_Genetic_Resources_for_Food_and_Agriculture,Also known as the International Seed Treaty .,"Assures farmers' facilitated access to seeds of the world's food security crops; came into force on June 29, 2004."
2005,Comprehensive Peace Agreement,https://en.wikipedia.org/wiki/Comprehensive_Peace_Agreement,Also known as the Naivasha Agreement .,"Ended the Second Sudanese Civil War between the Government of Sudan and the Sudan People's Liberation Army ; creates the Government of National Unity. Signed on January 9, 2005, and scheduled for full implementation by July 9, 2011."
2005,Energy Community Treaty,https://en.wikipedia.org/wiki/Energy_Community_Treaty,,Establishes the Energy Community .
2005,Treaty of Accession 2005,https://en.wikipedia.org/wiki/Treaty_of_Accession_2005,,"Integrates two nations (Bulgaria and Romania) into the European Union; came into force on January 1, 2007."
2006,Tripoli Agreement,https://en.wikipedia.org/wiki/Tripoli_Agreement,Also known as the Libya Accord or the Tripoli Declaration .,Ends Chadian–Sudanese conflict .GRATK Treaty milestones
2006,Singapore Treaty on the Law of Trademarks,https://en.wikipedia.org/wiki/Singapore_Treaty_on_the_Law_of_Trademarks,,"Adopted in Singapore, on March 27, 2006"
2006,Waziristan Accord,https://en.wikipedia.org/wiki/Waziristan_Accord,Also known as the North Waziristan Accord .,Ends Waziristan War .
2006,St Andrews Agreement,https://en.wikipedia.org/wiki/St_Andrews_Agreement,,"Resolves outstanding grievances in the Northern Ireland peace process, enabling devolved power-sharing government to resume."
2007,Treaty of Lisbon,https://en.wikipedia.org/wiki/Treaty_of_Lisbon,,Reforming the European Union .
2007,ASEAN Charter,https://en.wikipedia.org/wiki/ASEAN_Charter,,New constitution making the Association of Southeast Asian Nations a legal entity.
2008,UNASUR Constitutive Treaty,https://en.wikipedia.org/wiki/UNASUR_Constitutive_Treaty,"Constitutive Treaty of the Union of South American Nations Archived 2008-12-06 at the Wayback Machine Ministry of External Relations . Accessed on May 25, 2008.",Treaty establishing the Union of South American Nations .
2010,Barents Sea border treaty,https://en.wikipedia.org/wiki/Barents_Sea,,Treaty signed 15 September in Murmansk between the Government of the Russian Federation and the Government of the Kingdom of Norway. This treaty ends decades of negotiations over the maritime border in the Barents Sea.
2010,Nagoya Protocol,https://en.wikipedia.org/wiki/Nagoya_Protocol,,"Implementation of one of the three objectives of the Convention on Biological Diversity (1992): fair and equitable sharing of benefits arising out of the utilization of genetic resources, thereby contributing to the conservation and sustainable use of biodiversity."
2010,Global Plan of Action to Combat Trafficking in Persons,https://en.wikipedia.org/wiki/Global_Plan_of_Action_to_Combat_Trafficking_in_Persons,,A human trafficking action plan adopted by the United Nations
2011,Arctic Search and Rescue Agreement,https://en.wikipedia.org/wiki/Arctic_Search_and_Rescue_Agreement,,Treaty among the 8 member states of the Arctic Council signed 12 May 2011. It coordinates international search and rescue (SAR) coverage and response in the Arctic.
2011,Treaty of Accession 2011,https://en.wikipedia.org/wiki/Treaty_of_Accession_2011,,"Integrates Croatia into the European Union; came into force on July 1, 2013."
2012,Framework Agreement on the Bangsamoro,https://en.wikipedia.org/wiki/Framework_Agreement_on_the_Bangsamoro,,"Treaty between the Philippine government and the Islamic liberation group, Moro Islamic Liberation Front . The treaty seeks to create a new autonomous political entity named Bangsamoro to replace the Autonomous Region in Muslim Mindanao ."
2012,Beijing Treaty on Audiovisual Performances,https://en.wikipedia.org/wiki/Beijing_Treaty_on_Audiovisual_Performances,,"The Beijing Treaty on Audiovisual Performances was adopted on June 24, 2012, and entered into force on April 28, 2020. It deals with the intellectual property rights of performers in audiovisual performances."
2013,Intergovernmental Agreement on Dry Ports,https://en.wikipedia.org/wiki/Intergovernmental_Agreement_on_Dry_Ports,,Treaty among the members of the member states of the United Nations Economic and Social Commission for Asia and the Pacific to facilitate cooperation in the development of a network of dry ports in Asia.
2013,Marrakesh VIP Treaty,https://en.wikipedia.org/wiki/Marrakesh_VIP_Treaty,,"Adopted on June 27, 2013 in Marrakesh . It forms part of the body of international copyright treaties administered by World Intellectual Property Organization (WIPO)."
2014,Convention on the Manipulation of Sports Competitions,https://en.wikipedia.org/wiki/Convention_on_the_Manipulation_of_Sports_Competitions,,Council of Europe treaty to combat match fixing in sports
2014,Treaty on the Accession of Crimea to Russia,https://en.wikipedia.org/wiki/Treaty_on_the_Accession_of_Crimea_to_Russia,,Treaty signed between Russia and the self-declared independent Republic of Crimea which is only recognised by a small number of countries
2015,Paris Agreement,https://en.wikipedia.org/wiki/Paris_Agreement,,Agreement dealing with greenhouse-gas emissions mitigation
2015,Geneva Act of the Lisbon Agreement on Appellations of Origin and Geographical Indications,https://en.wikipedia.org/wiki/Geneva_Act_of_the_Lisbon_Agreement_on_Appellations_of_Origin_and_Geographical_Indications,,Treaty extending protections of the Lisbon Agreement (1958) to Geographical Indications
2017,Treaty on the Prohibition of Nuclear Weapons,https://en.wikipedia.org/wiki/Treaty_on_the_Prohibition_of_Nuclear_Weapons,,"The first legally binding international agreement to comprehensively prohibit nuclear weapons , with the goal of leading towards their total elimination."
2018,Prespa agreement,https://en.wikipedia.org/wiki/Prespa_agreement,,The final agreement between Greece and the then- Republic of Macedonia for the name of the second.
2019,Treaty of Aachen (2019),https://en.wikipedia.org/wiki/Treaty_of_Aachen_(2019),,"Bilateral treaty between France and Germany for regional issues; including, military, cultural, and political issues. With special attention being given to defense politics."
2019,United States–Mexico–Canada Agreement,https://en.wikipedia.org/wiki/United_States%E2%80%93Mexico%E2%80%93Canada_Agreement,,Trilateral free trade agreement which replaced NAFTA (1994).
2020,2020 Nagorno-Karabakh ceasefire agreement,https://en.wikipedia.org/wiki/2020_Nagorno-Karabakh_ceasefire_agreement,,The armistice agreement that ended the Second Nagorno-Karabakh War .
2020,Darfur Peace Agreement,https://en.wikipedia.org/wiki/Darfur_Peace_Agreement,,An agreement signed by the Government of Sudan and Darfur-based rebel groups with the intention of ending the Darfur Conflict .
2020,Agreement for Bringing Peace to Afghanistan,https://en.wikipedia.org/wiki/Agreement_for_Bringing_Peace_to_Afghanistan,,"The Agreement for Bringing Peace to Afghanistan, commonly known as the United States–Taliban deal or the Doha Accord, was a peace agreement signed by the United States and the Taliban on 29 February 2020 in Doha , Qatar , to bring an end to the 2001–2021 war in Afghanistan ."
2021,Armenia–EU Comprehensive and Enhanced Partnership Agreement (CEPA),https://en.wikipedia.org/wiki/Armenia%E2%80%93EU_Comprehensive_and_Enhanced_Partnership_Agreement,,An agreement governing the bilateral relations between Armenia and the EU .
2022,Ethiopia–Tigray peace agreement,https://en.wikipedia.org/wiki/Ethiopia%E2%80%93Tigray_peace_agreement,,A peace treaty that ended the Tigray War .
2023,Treaty of Jeddah (2023),https://en.wikipedia.org/wiki/Treaty_of_Jeddah_(2023),,The agreement was intended to facilitate a week-long ceasefire in the 2023 Sudan conflict but expired two days after the signing due to a sudden surge in hostilities.
2024,Riyadh Design Law Treaty,https://en.wikipedia.org/wiki/Design_Law_Treaty,,"The Riyadh Design Law Treaty (RDLT) was adopted on November 22, 2024, and will enter into force three months after there have been 15 ratifications or accessions."
2024,"WIPO Treaty on Intellectual Property, Genetic Resources and Associated Traditional Knowledge","https://en.wikipedia.org/wiki/WIPO_Treaty_on_Intellectual_Property,_Genetic_Resources_and_Associated_Traditional_Knowledge",Also known as GRATK Treaty milestones.,"Adopted in Geneva - May 24, 2024"
